{
    "root_group": {
        "name": "",
        "path": "",
        "id": "d41d8cd98f00b204e9800998ecf8427e",
        "groups": {},
        "checks": {
                "status 200": {
                    "passes": 20689,
                    "fails": 0,
                    "name": "status 200",
                    "path": "::status 200",
                    "id": "fad9fa412b86fcb03bee97c80dcd61f1"
                }
            }
    },
    "metrics": {
        "checks": {
            "passes": 20689,
            "fails": 0,
            "value": 1
        },
        "iterations": {
            "count": 20689,
            "rate": 85.8519295536181
        },
        "vus_max": {
            "value": 100,
            "min": 100,
            "max": 100
        },
        "http_req_waiting": {
            "min": 0.490794,
            "med": 1.447807,
            "max": 113.504483,
            "p(90)": 51.747566400000004,
            "p(95)": 52.2213474,
            "avg": 16.534492480496855
        },
        "http_req_blocked": {
            "max": 3.968134,
            "p(90)": 0.0060582000000000006,
            "p(95)": 0.006794599999999999,
            "avg": 0.008842851950311831,
            "min": 0.001648,
            "med": 0.004724
        },
        "http_req_failed": {
            "passes": 0,
            "fails": 20689,
            "value": 0
        },
        "http_req_receiving": {
            "max": 21.543961,
            "p(90)": 0.091232,
            "p(95)": 0.10665339999999995,
            "avg": 0.0796089710474165,
            "min": 0.016981,
            "med": 0.068776
        },
        "http_reqs": {
            "count": 20689,
            "rate": 85.8519295536181
        },
        "http_req_duration{expected_response:true}": {
            "avg": 16.641804771086047,
            "min": 0.542402,
            "med": 1.54618,
            "max": 114.951128,
            "p(90)": 51.8615148,
            "p(95)": 52.3418592
        },
        "data_received": {
            "count": 6033580,
            "rate": 25037.192958389438
        },
        "http_req_duration": {
            "min": 0.542402,
            "med": 1.54618,
            "max": 114.951128,
            "p(90)": 51.8615148,
            "p(95)": 52.3418592,
            "avg": 16.641804771086047
        },
        "vus": {
            "value": 100,
            "min": 2,
            "max": 100
        },
        "data_sent": {
            "count": 2530220,
            "rate": 10499.505495439877
        },
        "iteration_duration": {
            "p(95)": 1053.2490512,
            "avg": 1017.4296156583249,
            "min": 1000.707506,
            "med": 1002.447813,
            "max": 1118.239375,
            "p(90)": 1052.7571792
        },
        "http_req_sending": {
            "avg": 0.02770331954178563,
            "min": 0.006629,
            "med": 0.025525,
            "max": 12.725045,
            "p(90)": 0.03172420000000001,
            "p(95)": 0.039726599999999994
        },
        "http_req_connecting": {
            "avg": 0.002941181400744357,
            "min": 0,
            "med": 0,
            "max": 2.687645,
            "p(90)": 0,
            "p(95)": 0
        },
        "http_req_tls_handshaking": {
            "p(95)": 0,
            "avg": 0,
            "min": 0,
            "med": 0,
            "max": 0,
            "p(90)": 0
        }
    }
}