{
    "root_group": {
        "groups": {},
        "checks": {
                "status 200": {
                    "name": "status 200",
                    "path": "::status 200",
                    "id": "fad9fa412b86fcb03bee97c80dcd61f1",
                    "passes": 190419,
                    "fails": 22227
                }
            },
        "name": "",
        "path": "",
        "id": "d41d8cd98f00b204e9800998ecf8427e"
    },
    "metrics": {
        "vus": {
            "value": 163,
            "min": 18,
            "max": 2000
        },
        "iterations": {
            "count": 212646,
            "rate": 862.9623668150978
        },
        "http_req_waiting": {
            "p(95)": 5392.57018075,
            "avg": 994.4558382391666,
            "min": 0.377738,
            "med": 1.2581785,
            "max": 5753.8478,
            "p(90)": 5380.4632825
        },
        "checks": {
            "passes": 190419,
            "fails": 22227,
            "value": 0.8954741683361079
        },
        "http_req_blocked": {
            "p(95)": 0.007599,
            "avg": 0.015218809678996952,
            "min": 0.001275,
            "med": 0.003877,
            "max": 46.587492,
            "p(90)": 0.00557
        },
        "data_sent": {
            "count": 26006725,
            "rate": 105540.78120025476
        },
        "http_req_duration{expected_response:true}": {
            "avg": 1110.145739427038,
            "min": 0.497316,
            "med": 1.363875,
            "max": 5754.037675,
            "p(90)": 5383.1385279999995,
            "p(95)": 5394.0540006
        },
        "http_req_tls_handshaking": {
            "avg": 0,
            "min": 0,
            "med": 0,
            "max": 0,
            "p(90)": 0,
            "p(95)": 0
        },
        "http_req_failed": {
            "fails": 190419,
            "passes": 22227,
            "value": 0.10452583166389211
        },
        "vus_max": {
            "min": 2000,
            "max": 2000,
            "value": 2000
        },
        "http_req_duration": {
            "p(95)": 5392.7048445,
            "avg": 994.5914967880127,
            "min": 0.437068,
            "med": 1.3551305,
            "max": 5754.037675,
            "p(90)": 5380.6066415000005
        },
        "http_req_sending": {
            "p(90)": 0.044203,
            "p(95)": 0.1211675,
            "avg": 0.04402043215014558,
            "min": 0.004953,
            "med": 0.015937,
            "max": 19.865055
        },
        "http_reqs": {
            "count": 212646,
            "rate": 862.9623668150978
        },
        "http_req_connecting": {
            "avg": 0.008565549716430126,
            "min": 0,
            "med": 0,
            "max": 46.502292,
            "p(90)": 0,
            "p(95)": 0
        },
        "http_req_receiving": {
            "avg": 0.09163811666807704,
            "min": 0.01269,
            "med": 0.051774,
            "max": 43.834298,
            "p(90)": 0.1674215,
            "p(95)": 0.22883425
        },
        "iteration_duration": {
            "max": 6756.948952,
            "p(90)": 6381.339483,
            "p(95)": 6393.5007895,
            "avg": 1995.4057648320122,
            "min": 1000.56641,
            "med": 1002.0807425
        },
        "data_received": {
            "count": 63388059,
            "rate": 257242.1273969652
        }
    }
}