{
    "metrics": {
        "http_req_receiving": {
            "max": 6.020107,
            "p(90)": 0.0863708,
            "p(95)": 0.09677109999999996,
            "avg": 0.07062889870908458,
            "min": 0.016153,
            "med": 0.065501
        },
        "http_req_connecting": {
            "avg": 0.0028316205095972546,
            "min": 0,
            "med": 0,
            "max": 1.647689,
            "p(90)": 0,
            "p(95)": 0
        },
        "http_req_waiting": {
            "p(90)": 51.768775,
            "p(95)": 52.3220415,
            "avg": 16.83516428100383,
            "min": 0.476187,
            "med": 1.429014,
            "max": 105.116152
        },
        "data_sent": {
            "rate": 10494.212734350045,
            "count": 2529600
        },
        "vus_max": {
            "value": 100,
            "min": 100,
            "max": 100
        },
        "http_req_blocked": {
            "p(90)": 0.0058958,
            "p(95)": 0.006566699999999993,
            "avg": 0.008459343132040791,
            "min": 0.0016,
            "med": 0.004622,
            "max": 2.660367
        },
        "checks": {
            "passes": 20683,
            "fails": 0,
            "value": 1
        },
        "http_req_tls_handshaking": {
            "avg": 0,
            "min": 0,
            "med": 0,
            "max": 0,
            "p(90)": 0,
            "p(95)": 0
        },
        "iteration_duration": {
            "avg": 1017.6960928169949,
            "min": 1000.706644,
            "med": 1002.408385,
            "max": 1105.520807,
            "p(90)": 1052.7502302,
            "p(95)": 1053.2732326
        },
        "http_req_failed": {
            "fails": 20683,
            "passes": 0,
            "value": 0
        },
        "data_received": {
            "count": 6024853,
            "rate": 24994.500741297863
        },
        "http_req_duration": {
            "avg": 16.931843652661566,
            "min": 0.526409,
            "med": 1.520727,
            "max": 105.196173,
            "p(90)": 51.8754672,
            "p(95)": 52.419001699999995
        },
        "http_req_sending": {
            "max": 19.240536,
            "p(90)": 0.0308576,
            "p(95)": 0.03794569999999999,
            "avg": 0.026050472948798527,
            "min": 0.006638,
            "med": 0.023909
        },
        "vus": {
            "value": 4,
            "min": 2,
            "max": 100
        },
        "http_req_duration{expected_response:true}": {
            "p(95)": 52.419001699999995,
            "avg": 16.931843652661566,
            "min": 0.526409,
            "med": 1.520727,
            "max": 105.196173,
            "p(90)": 51.8754672
        },
        "iterations": {
            "count": 20683,
            "rate": 85.80479205588314
        },
        "http_reqs": {
            "count": 20683,
            "rate": 85.80479205588314
        }
    },
    "root_group": {
        "name": "",
        "path": "",
        "id": "d41d8cd98f00b204e9800998ecf8427e",
        "groups": {},
        "checks": {
                "status 200": {
                    "name": "status 200",
                    "path": "::status 200",
                    "id": "fad9fa412b86fcb03bee97c80dcd61f1",
                    "passes": 20683,
                    "fails": 0
                }
            }
    }
}