{
    "root_group": {
        "name": "",
        "path": "",
        "id": "d41d8cd98f00b204e9800998ecf8427e",
        "groups": {},
        "checks": {
                "status 200": {
                    "name": "status 200",
                    "path": "::status 200",
                    "id": "fad9fa412b86fcb03bee97c80dcd61f1",
                    "passes": 141258,
                    "fails": 0
                }
            }
    },
    "metrics": {
        "http_req_receiving": {
            "avg": 0.08776905979838197,
            "min": 0.014292,
            "med": 0.052234,
            "max": 158.703643,
            "p(90)": 0.09301380000000002,
            "p(95)": 0.16120664999999992
        },
        "http_req_blocked": {
            "max": 386.148566,
            "p(90)": 0.005089,
            "p(95)": 0.006093,
            "avg": 0.031599167820583286,
            "min": 0.001355,
            "med": 0.00381
        },
        "data_received": {
            "count": 41279406,
            "rate": 168948.64279096315
        },
        "iterations": {
            "count": 141258,
            "rate": 578.141734485372
        },
        "http_req_connecting": {
            "avg": 0.025332187692024524,
            "min": 0,
            "med": 0,
            "max": 386.090919,
            "p(90)": 0,
            "p(95)": 0
        },
        "http_req_tls_handshaking": {
            "avg": 0,
            "min": 0,
            "med": 0,
            "max": 0,
            "p(90)": 0,
            "p(95)": 0
        },
        "http_req_duration{expected_response:true}": {
            "max": 3768.677194,
            "p(90)": 2996.6245863,
            "p(95)": 3262.94233305,
            "avg": 494.50161117373267,
            "min": 0.52925,
            "med": 2.0990705
        },
        "http_req_failed": {
            "fails": 141258,
            "passes": 0,
            "value": 0
        },
        "http_reqs": {
            "count": 141258,
            "rate": 578.141734485372
        },
        "http_req_sending": {
            "avg": 0.04227861564654673,
            "min": 0.005134,
            "med": 0.014899,
            "max": 100.407406,
            "p(90)": 0.025305,
            "p(95)": 0.034624749999999975
        },
        "vus": {
            "value": 55,
            "min": 13,
            "max": 1000
        },
        "http_req_waiting": {
            "min": 0.484096,
            "med": 2.0270020000000004,
            "max": 3768.558255,
            "p(90)": 2996.5523773000004,
            "p(95)": 3262.8281838999997,
            "avg": 494.3715634982916
        },
        "data_sent": {
            "count": 17134780,
            "rate": 70129.3479252521
        },
        "http_req_duration": {
            "avg": 494.50161117373267,
            "min": 0.52925,
            "med": 2.0990705,
            "max": 3768.677194,
            "p(90)": 2996.6245863,
            "p(95)": 3262.94233305
        },
        "iteration_duration": {
            "avg": 1495.4412410502205,
            "min": 1000.627958,
            "med": 1002.5785615,
            "max": 4775.185209,
            "p(90)": 3997.1156438000003,
            "p(95)": 4263.36925775
        },
        "checks": {
            "fails": 0,
            "passes": 141258,
            "value": 1
        },
        "vus_max": {
            "value": 1000,
            "min": 1000,
            "max": 1000
        }
    }
}