{
    "root_group": {
        "id": "d41d8cd98f00b204e9800998ecf8427e",
        "groups": {},
        "checks": {
                "status 200": {
                    "name": "status 200",
                    "path": "::status 200",
                    "id": "fad9fa412b86fcb03bee97c80dcd61f1",
                    "passes": 35646,
                    "fails": 10612
                }
            },
        "name": "",
        "path": ""
    },
    "metrics": {
        "http_req_duration{expected_response:true}": {
            "max": 59632.504038,
            "p(90)": 52.8277785,
            "p(95)": 55.841222,
            "avg": 877.7792249905747,
            "min": 0.218152,
            "med": 1.4580994999999999
        },
        "http_req_tls_handshaking": {
            "min": 0,
            "med": 0,
            "max": 0,
            "p(90)": 0,
            "p(95)": 0,
            "avg": 0
        },
        "http_reqs": {
            "count": 46258,
            "rate": 171.32260276236428
        },
        "http_req_receiving": {
            "med": 0.0603005,
            "max": 22.073197,
            "p(90)": 0.08746590000000001,
            "p(95)": 0.1043667500000001,
            "avg": 0.06381576622421996,
            "min": 0
        },
        "http_req_connecting": {
            "med": 0,
            "max": 19751.133708,
            "p(90)": 0,
            "p(95)": 0.26323090000000016,
            "avg": 258.72529881568573,
            "min": 0
        },
        "data_sent": {
            "count": 3163559,
            "rate": 11716.657915869739
        },
        "http_req_duration": {
            "med": 0.5426925,
            "max": 60011.173929,
            "p(90)": 53.2426139,
            "p(95)": 7474.027434350007,
            "avg": 2426.176745939309,
            "min": 0
        },
        "http_req_blocked": {
            "avg": 258.7344103648874,
            "min": 0,
            "med": 0.004816,
            "max": 19751.159141,
            "p(90)": 0.007141300000000002,
            "p(95)": 0.3406047500000005
        },
        "http_req_waiting": {
            "avg": 2426.0752009966222,
            "min": 0,
            "med": 0.44444300000000003,
            "max": 60009.61264,
            "p(90)": 53.12547120000001,
            "p(95)": 7472.728234500008
        },
        "data_received": {
            "count": 9520419,
            "rate": 35260.12716650667
        },
        "iteration_duration": {
            "min": 1000.371494,
            "med": 1005.082803,
            "max": 61028.720554,
            "p(90)": 31001.8843912,
            "p(95)": 31003.6063777,
            "avg": 9585.580329294948
        },
        "iterations": {
            "count": 46199,
            "rate": 171.10408848239155
        },
        "vus_max": {
            "value": 2000,
            "min": 2000,
            "max": 2000
        },
        "vus": {
            "value": 71,
            "min": 19,
            "max": 2000
        },
        "http_req_sending": {
            "avg": 0.03772917644515523,
            "min": 0,
            "med": 0.020842,
            "max": 14.55949,
            "p(90)": 0.0397893,
            "p(95)": 0.08601795000000001
        },
        "http_req_failed": {
            "passes": 10612,
            "fails": 35646,
            "value": 0.22940896709758313
        },
        "checks": {
            "passes": 35646,
            "fails": 10612,
            "value": 0.7705910329024169
        }
    }
}