{
    "metrics": {
        "http_reqs": {
            "count": 211613,
            "rate": 858.3161503135342
        },
        "http_req_waiting": {
            "min": 0.397476,
            "med": 1.253575,
            "max": 6686.820552,
            "p(90)": 5376.108655,
            "p(95)": 5389.531952400001,
            "avg": 1004.579149155233
        },
        "data_sent": {
            "rate": 104971.69243094244,
            "count": 25880178
        },
        "data_received": {
            "count": 63028145,
            "rate": 255646.273044677
        },
        "http_req_sending": {
            "avg": 0.042148561491969334,
            "min": 0.005119,
            "med": 0.015852,
            "max": 16.359573,
            "p(90)": 0.04134980000000001,
            "p(95)": 0.11668019999999996
        },
        "http_req_receiving": {
            "avg": 0.09193565455336153,
            "min": 0.01185,
            "med": 0.052085,
            "max": 84.189709,
            "p(90)": 0.16628440000000005,
            "p(95)": 0.22727119999999992
        },
        "http_req_failed": {
            "passes": 22095,
            "fails": 189518,
            "value": 0.10441229981144826
        },
        "checks": {
            "fails": 22095,
            "passes": 189518,
            "value": 0.8955877001885517
        },
        "vus": {
            "value": 14,
            "min": 14,
            "max": 2000
        },
        "http_req_blocked": {
            "p(90)": 0.00558,
            "p(95)": 0.007608399999999994,
            "avg": 0.013959765411387945,
            "min": 0.001321,
            "med": 0.003883,
            "max": 33.509321
        },
        "http_req_duration{expected_response:true}": {
            "avg": 1118.5502344431063,
            "min": 0.478715,
            "med": 1.355854,
            "max": 6687.151128,
            "p(90)": 5379.1253203999995,
            "p(95)": 5391.2634846
        },
        "http_req_connecting": {
            "max": 33.367714,
            "p(90)": 0,
            "p(95)": 0,
            "avg": 0.007207954298648945,
            "min": 0,
            "med": 0
        },
        "http_req_duration": {
            "avg": 1004.7132333712922,
            "min": 0.478715,
            "med": 1.349496,
            "max": 6687.151128,
            "p(90)": 5376.2641889999995,
            "p(95)": 5389.6695346
        },
        "iteration_duration": {
            "avg": 2005.5017504661128,
            "min": 1000.60315,
            "med": 1002.059286,
            "max": 7687.793337,
            "p(90)": 6376.9872572,
            "p(95)": 6390.5032192
        },
        "iterations": {
            "count": 211613,
            "rate": 858.3161503135342
        },
        "http_req_tls_handshaking": {
            "med": 0,
            "max": 0,
            "p(90)": 0,
            "p(95)": 0,
            "avg": 0,
            "min": 0
        },
        "vus_max": {
            "value": 2000,
            "min": 2000,
            "max": 2000
        }
    },
    "root_group": {
        "name": "",
        "path": "",
        "id": "d41d8cd98f00b204e9800998ecf8427e",
        "groups": {},
        "checks": {
                "status 200": {
                    "id": "fad9fa412b86fcb03bee97c80dcd61f1",
                    "passes": 189518,
                    "fails": 22095,
                    "name": "status 200",
                    "path": "::status 200"
                }
            }
    }
}