{
    "root_group": {
        "name": "",
        "path": "",
        "id": "d41d8cd98f00b204e9800998ecf8427e",
        "groups": {},
        "checks": {
                "status 200": {
                    "name": "status 200",
                    "path": "::status 200",
                    "id": "fad9fa412b86fcb03bee97c80dcd61f1",
                    "passes": 35710,
                    "fails": 10524
                }
            }
    },
    "metrics": {
        "http_req_connecting": {
            "max": 19753.151809,
            "p(90)": 0,
            "p(95)": 0.28462884999999993,
            "avg": 295.6716986825064,
            "min": 0,
            "med": 0
        },
        "http_req_tls_handshaking": {
            "p(95)": 0,
            "avg": 0,
            "min": 0,
            "med": 0,
            "max": 0,
            "p(90)": 0
        },
        "iterations": {
            "rate": 171.13751661768092,
            "count": 46208
        },
        "http_req_duration{expected_response:true}": {
            "min": 0.220507,
            "med": 1.4081855,
            "max": 59463.258389,
            "p(90)": 52.6628552,
            "p(95)": 55.5311348,
            "avg": 833.8417608731163
        },
        "http_req_blocked": {
            "med": 0.004876,
            "max": 19753.230327,
            "p(90)": 0.007304700000000004,
            "p(95)": 0.3651147999999999,
            "avg": 295.6805197308031,
            "min": 0
        },
        "http_req_receiving": {
            "p(90)": 0.0875867,
            "p(95)": 0.10206749999999999,
            "avg": 0.060799219405632196,
            "min": 0,
            "med": 0.06059,
            "max": 21.35597
        },
        "http_req_failed": {
            "passes": 10524,
            "fails": 35710,
            "value": 0.22762469178526626
        },
        "checks": {
            "passes": 35710,
            "fails": 10524,
            "value": 0.7723753082147338
        },
        "http_req_waiting": {
            "avg": 2481.075691228278,
            "min": 0,
            "med": 0.4619095,
            "max": 60001.853723,
            "p(90)": 52.98164250000003,
            "p(95)": 8262.529488799984
        },
        "data_received": {
            "count": 9544256,
            "rate": 35348.430354124845
        },
        "data_sent": {
            "count": 3176978,
            "rate": 11766.363514305027
        },
        "http_reqs": {
            "count": 46234,
            "rate": 171.2338110998498
        },
        "http_req_duration": {
            "avg": 2481.1754624262803,
            "min": 0,
            "med": 0.560484,
            "max": 60001.943365,
            "p(90)": 53.09470270000001,
            "p(95)": 8262.737760049986
        },
        "vus_max": {
            "value": 2000,
            "min": 2000,
            "max": 2000
        },
        "iteration_duration": {
            "max": 61008.814196,
            "p(90)": 31001.8961372,
            "p(95)": 31006.0282679,
            "avg": 9582.209204791936,
            "min": 1000.37786,
            "med": 1004.708493
        },
        "http_req_sending": {
            "max": 18.660076,
            "p(90)": 0.040014,
            "p(95)": 0.09169624999999991,
            "avg": 0.038971978608816,
            "min": 0,
            "med": 0.020965
        },
        "vus": {
            "value": 32,
            "min": 18,
            "max": 2000
        }
    }
}