{
    "root_group": {
        "checks": {
            "status 200": {
                "name": "status 200",
                "path": "::status 200",
                "id": "fad9fa412b86fcb03bee97c80dcd61f1",
                "passes": 190609,
                "fails": 21113
            }
        },
        "name": "",
        "path": "",
        "id": "d41d8cd98f00b204e9800998ecf8427e",
        "groups": {}
    },
    "metrics": {
        "data_sent": {
            "rate": 105087.84107704306,
            "count": 25893685
        },
        "vus_max": {
            "value": 2000,
            "min": 2000,
            "max": 2000
        },
        "http_req_connecting": {
            "med": 0,
            "max": 143.315979,
            "p(90)": 0,
            "p(95)": 0,
            "avg": 0.012150434541521421,
            "min": 0
        },
        "http_req_failed": {
            "passes": 21113,
            "fails": 190609,
            "value": 0.09972038805603574
        },
        "http_reqs": {
            "rate": 859.2600044572147,
            "count": 211722
        },
        "http_req_blocked": {
            "p(95)": 0.007138899999999965,
            "avg": 0.018880984371014944,
            "min": 0.001353,
            "med": 0.003782,
            "max": 143.3886,
            "p(90)": 0.005307
        },
        "iteration_duration": {
            "max": 7172.569032,
            "p(90)": 6383.3413669,
            "p(95)": 6396.77107075,
            "avg": 2004.2437948534928,
            "min": 1000.562614,
            "med": 1001.9565605
        },
        "iterations": {
            "count": 211722,
            "rate": 859.2600044572147
        },
        "http_req_receiving": {
            "p(90)": 0.1387878,
            "p(95)": 0.18901394999999996,
            "avg": 0.09116070102304007,
            "min": 0.012135,
            "med": 0.050176,
            "max": 191.5281
        },
        "vus": {
            "value": 163,
            "min": 18,
            "max": 2000
        },
        "http_req_duration{expected_response:true}": {
            "p(90)": 5385.3121946,
            "p(95)": 5397.2725372,
            "avg": 1113.0302611240286,
            "min": 0.468632,
            "med": 1.292431,
            "max": 6172.441948
        },
        "http_req_sending": {
            "avg": 0.0708263359546949,
            "min": 0.00544,
            "med": 0.014679,
            "max": 79.836987,
            "p(90)": 0.03506079999999999,
            "p(95)": 0.10408384999999995
        },
        "http_req_waiting": {
            "avg": 1003.0450775808496,
            "min": 0.326112,
            "med": 1.203833,
            "max": 6172.383351,
            "p(90)": 5382.434121300001,
            "p(95)": 5395.68805095
        },
        "data_received": {
            "count": 63155324,
            "rate": 256311.78612395894
        },
        "http_req_duration": {
            "p(90)": 5382.5759914,
            "p(95)": 5395.831055449999,
            "avg": 1003.2070646178215,
            "min": 0.422599,
            "med": 1.286864,
            "max": 6172.441948
        },
        "http_req_tls_handshaking": {
            "p(95)": 0,
            "avg": 0,
            "min": 0,
            "med": 0,
            "max": 0,
            "p(90)": 0
        },
        "checks": {
            "passes": 190609,
            "fails": 21113,
            "value": 0.9002796119439642
        }
    }
}