{
    "root_group": {
        "name": "",
        "path": "",
        "id": "d41d8cd98f00b204e9800998ecf8427e",
        "groups": {},
        "checks": {
                "status 200": {
                    "id": "fad9fa412b86fcb03bee97c80dcd61f1",
                    "passes": 20702,
                    "fails": 0,
                    "name": "status 200",
                    "path": "::status 200"
                }
            }
    },
    "metrics": {
        "vus_max": {
            "value": 100,
            "min": 100,
            "max": 100
        },
        "iteration_duration": {
            "avg": 1016.8870081427924,
            "min": 1000.400973,
            "med": 1001.709311,
            "max": 1130.792663,
            "p(90)": 1052.0670228,
            "p(95)": 1053.03879585
        },
        "iterations": {
            "count": 20702,
            "rate": 85.89341115087883
        },
        "http_req_tls_handshaking": {
            "avg": 0,
            "min": 0,
            "med": 0,
            "max": 0,
            "p(90)": 0,
            "p(95)": 0
        },
        "http_req_failed": {
            "passes": 0,
            "fails": 20702,
            "value": 0
        },
        "http_req_duration": {
            "p(95)": 52.261031,
            "avg": 16.133982240073305,
            "min": 0.270976,
            "med": 0.633162,
            "max": 129.882136,
            "p(90)": 51.268775600000005
        },
        "http_req_duration{expected_response:true}": {
            "avg": 16.133982240073305,
            "min": 0.270976,
            "med": 0.633162,
            "max": 129.882136,
            "p(90)": 51.268775600000005,
            "p(95)": 52.261031
        },
        "data_sent": {
            "count": 1765911,
            "rate": 7326.834101964042
        },
        "checks": {
            "passes": 20702,
            "fails": 0,
            "value": 1
        },
        "http_req_waiting": {
            "p(95)": 52.1613139,
            "avg": 16.04130568321899,
            "min": 0.232881,
            "med": 0.5412715,
            "max": 129.810323,
            "p(90)": 51.1656404
        },
        "http_req_blocked": {
            "avg": 0.010277966863105052,
            "min": 0.001549,
            "med": 0.004882,
            "max": 1.55549,
            "p(90)": 0.006172,
            "p(95)": 0.007582950000000001
        },
        "http_req_connecting": {
            "p(95)": 0,
            "avg": 0.004122770505265188,
            "min": 0,
            "med": 0,
            "max": 0.829709,
            "p(90)": 0
        },
        "data_received": {
            "count": 5527842,
            "rate": 22935.233585310423
        },
        "http_req_sending": {
            "min": 0.006275,
            "med": 0.025413,
            "max": 0.87726,
            "p(90)": 0.03198570000000002,
            "p(95)": 0.04001765,
            "avg": 0.025602709206839876
        },
        "http_reqs": {
            "count": 20702,
            "rate": 85.89341115087883
        },
        "http_req_receiving": {
            "avg": 0.0670738476475702,
            "min": 0.016215,
            "med": 0.0644745,
            "max": 1.335648,
            "p(90)": 0.08441650000000002,
            "p(95)": 0.09332940000000002
        },
        "vus": {
            "value": 3,
            "min": 2,
            "max": 100
        }
    }
}