{
    "metrics": {
        "http_req_sending": {
            "med": 0.022875,
            "max": 45.755936,
            "p(90)": 0.039301,
            "p(95)": 0.06536765000000003,
            "avg": 0.037884768196604635,
            "min": 0
        },
        "data_sent": {
            "count": 3118151,
            "rate": 11639.630161398734
        },
        "http_req_duration": {
            "avg": 2193.767745182753,
            "min": 0,
            "med": 1.2715480000000001,
            "max": 60002.60267,
            "p(90)": 53.4072781,
            "p(95)": 2367.5183944000178
        },
        "http_req_connecting": {
            "max": 19752.312088,
            "p(90)": 0,
            "p(95)": 0.25596910000000095,
            "avg": 245.35911658780643,
            "min": 0,
            "med": 0
        },
        "iterations": {
            "count": 39348,
            "rate": 146.88068909771124
        },
        "iteration_duration": {
            "max": 61011.979179,
            "p(90)": 31001.116447599998,
            "p(95)": 31002.2720872,
            "avg": 5569.550362508365,
            "min": 1000.373586,
            "med": 1002.8902305
        },
        "checks": {
            "passes": 35471,
            "fails": 3877,
            "value": 0.9014689437836739
        },
        "http_req_failed": {
            "passes": 3877,
            "fails": 35471,
            "value": 0.09853105621632612
        },
        "http_req_receiving": {
            "p(95)": 0.19509460000000006,
            "avg": 0.08518497623767422,
            "min": 0,
            "med": 0.066553,
            "max": 71.314618,
            "p(90)": 0.10188660000000004
        },
        "http_req_tls_handshaking": {
            "p(90)": 0,
            "p(95)": 0,
            "avg": 0,
            "min": 0,
            "med": 0,
            "max": 0
        },
        "data_received": {
            "count": 9476915,
            "rate": 35376.02433974881
        },
        "http_req_waiting": {
            "avg": 2193.6446754383232,
            "min": 0,
            "med": 1.1422405,
            "max": 60002.526407,
            "p(90)": 53.266633500000005,
            "p(95)": 2367.343224250018
        },
        "vus_max": {
            "value": 1000,
            "min": 1000,
            "max": 1000
        },
        "http_reqs": {
            "count": 39348,
            "rate": 146.88068909771124
        },
        "http_req_blocked": {
            "avg": 245.3708782666457,
            "min": 0,
            "med": 0.004901,
            "max": 19752.387668,
            "p(90)": 0.007076900000000008,
            "p(95)": 0.3299333000000001
        },
        "http_req_duration{expected_response:true}": {
            "min": 0.234766,
            "med": 1.542854,
            "max": 55360.40849,
            "p(90)": 52.681405,
            "p(95)": 55.158852499999995,
            "avg": 742.6410034371173
        },
        "vus": {
            "value": 1,
            "min": 1,
            "max": 1000
        }
    },
    "root_group": {
        "id": "d41d8cd98f00b204e9800998ecf8427e",
        "groups": {},
        "checks": {
                "status 200": {
                    "name": "status 200",
                    "path": "::status 200",
                    "id": "fad9fa412b86fcb03bee97c80dcd61f1",
                    "passes": 35471,
                    "fails": 3877
                }
            },
        "name": "",
        "path": ""
    }
}