{
    "root_group": {
        "checks": {
            "status 200": {
                "passes": 34678,
                "fails": 781,
                "name": "status 200",
                "path": "::status 200",
                "id": "fad9fa412b86fcb03bee97c80dcd61f1"
            }
        },
        "name": "",
        "path": "",
        "id": "d41d8cd98f00b204e9800998ecf8427e",
        "groups": {}
    },
    "metrics": {
        "http_req_receiving": {
            "med": 0.066968,
            "max": 9.31534,
            "p(90)": 0.0993788,
            "p(95)": 0.17625489999999996,
            "avg": 0.08276972311683946,
            "min": 0
        },
        "vus": {
            "min": 8,
            "max": 500,
            "value": 50
        },
        "http_reqs": {
            "count": 35459,
            "rate": 138.81356996351406
        },
        "http_req_duration{expected_response:true}": {
            "avg": 883.9805204349458,
            "min": 0.314122,
            "med": 1.4694625000000001,
            "max": 59992.675662,
            "p(90)": 52.5636164,
            "p(95)": 54.414074850000006
        },
        "http_req_failed": {
            "fails": 34678,
            "passes": 781,
            "value": 0.022025437829606025
        },
        "vus_max": {
            "value": 500,
            "min": 500,
            "max": 500
        },
        "iterations": {
            "count": 35459,
            "rate": 138.81356996351406
        },
        "http_req_duration": {
            "avg": 1866.0681523794613,
            "min": 0,
            "med": 1.525159,
            "max": 60003.961696,
            "p(90)": 52.817183,
            "p(95)": 56.012554200000004
        },
        "http_req_tls_handshaking": {
            "med": 0,
            "max": 0,
            "p(90)": 0,
            "p(95)": 0,
            "avg": 0,
            "min": 0
        },
        "data_received": {
            "count": 9274295,
            "rate": 36306.6639737378
        },
        "http_req_blocked": {
            "p(95)": 0.02620759999999999,
            "avg": 26.78684146010883,
            "min": 0,
            "med": 0.004924,
            "max": 19689.699807,
            "p(90)": 0.006816
        },
        "http_req_connecting": {
            "max": 19689.619448,
            "p(90)": 0,
            "p(95)": 0,
            "avg": 26.777068971600997,
            "min": 0,
            "med": 0
        },
        "iteration_duration": {
            "avg": 3052.7503832642847,
            "min": 1000.45062,
            "med": 1002.446397,
            "max": 61005.486526,
            "p(90)": 1053.9941602000001,
            "p(95)": 1058.3126399
        },
        "http_req_waiting": {
            "min": 0,
            "med": 1.399285,
            "max": 60003.907495,
            "p(90)": 52.699361,
            "p(95)": 55.871867699999996,
            "avg": 1865.9539395651252
        },
        "http_req_sending": {
            "p(95)": 0.06296399999999985,
            "avg": 0.03144309120392562,
            "min": 0,
            "med": 0.023563,
            "max": 10.812028,
            "p(90)": 0.040655800000000006
        },
        "checks": {
            "passes": 34678,
            "fails": 781,
            "value": 0.977974562170394
        },
        "data_sent": {
            "count": 3008510,
            "rate": 11777.602678330795
        }
    }
}