{
    "root_group": {
        "name": "",
        "path": "",
        "id": "d41d8cd98f00b204e9800998ecf8427e",
        "groups": {},
        "checks": {
                "status 200": {
                    "fails": 0,
                    "name": "status 200",
                    "path": "::status 200",
                    "id": "fad9fa412b86fcb03bee97c80dcd61f1",
                    "passes": 129381
                }
            }
    },
    "metrics": {
        "http_req_failed": {
            "fails": 129381,
            "passes": 0,
            "value": 0
        },
        "data_sent": {
            "count": 15693828,
            "rate": 64068.77429596329
        },
        "vus": {
            "min": 13,
            "max": 1000,
            "value": 18
        },
        "http_req_duration{expected_response:true}": {
            "avg": 633.4592140592802,
            "min": 0.421258,
            "med": 2.003035,
            "max": 4046.638244,
            "p(90)": 2978.841487,
            "p(95)": 3280.004892
        },
        "iterations": {
            "count": 129381,
            "rate": 528.1873923421377
        },
        "checks": {
            "passes": 129381,
            "fails": 0,
            "value": 1
        },
        "vus_max": {
            "max": 1000,
            "value": 1000,
            "min": 1000
        },
        "http_req_tls_handshaking": {
            "min": 0,
            "med": 0,
            "max": 0,
            "p(90)": 0,
            "p(95)": 0,
            "avg": 0
        },
        "http_req_waiting": {
            "p(90)": 2978.720878,
            "p(95)": 3279.843785,
            "avg": 633.3861418572683,
            "min": 0.382924,
            "med": 1.937179,
            "max": 4046.534396
        },
        "http_req_connecting": {
            "avg": 0.005930723127816297,
            "min": 0,
            "med": 0,
            "max": 21.697213,
            "p(90)": 0,
            "p(95)": 0
        },
        "http_req_blocked": {
            "avg": 0.010385838260641324,
            "min": 0.001428,
            "med": 0.003436,
            "max": 21.774668,
            "p(90)": 0.004677,
            "p(95)": 0.005548
        },
        "http_req_duration": {
            "max": 4046.638244,
            "p(90)": 2978.841487,
            "p(95)": 3280.004892,
            "avg": 633.4592140592802,
            "min": 0.421258,
            "med": 2.003035
        },
        "http_req_receiving": {
            "med": 0.046211,
            "max": 21.824672,
            "p(90)": 0.070483,
            "p(95)": 0.119955,
            "avg": 0.0559997883692351,
            "min": 0.014065
        },
        "http_req_sending": {
            "med": 0.013425,
            "max": 6.811528,
            "p(90)": 0.021757,
            "p(95)": 0.027969,
            "avg": 0.017072413638787795,
            "min": 0.00546
        },
        "data_received": {
            "count": 37817260,
            "rate": 154385.8831275429
        },
        "iteration_duration": {
            "med": 1002.498918,
            "max": 5046.969553,
            "p(90)": 3979.182009,
            "p(95)": 4280.70279,
            "avg": 1634.0819452939734,
            "min": 1000.536609
        },
        "http_reqs": {
            "count": 129381,
            "rate": 528.1873923421377
        }
    }
}