{
    "root_group": {
        "name": "",
        "path": "",
        "id": "d41d8cd98f00b204e9800998ecf8427e",
        "groups": {},
        "checks": {
                "status 200": {
                    "id": "fad9fa412b86fcb03bee97c80dcd61f1",
                    "passes": 103039,
                    "fails": 0,
                    "name": "status 200",
                    "path": "::status 200"
                }
            }
    },
    "metrics": {
        "vus": {
            "value": 81,
            "min": 8,
            "max": 500
        },
        "iterations": {
            "count": 103039,
            "rate": 427.4482779900461
        },
        "http_req_connecting": {
            "p(90)": 0,
            "p(95)": 0,
            "avg": 0.0032266071099292465,
            "min": 0,
            "med": 0,
            "max": 9.999613
        },
        "http_req_receiving": {
            "max": 51.319979,
            "p(90)": 0.11666419999999998,
            "p(95)": 0.19091539999999996,
            "avg": 0.09056665337396612,
            "min": 0.013027,
            "med": 0.059098
        },
        "http_reqs": {
            "count": 103039,
            "rate": 427.4482779900461
        },
        "data_sent": {
            "count": 12601542,
            "rate": 52276.39464590341
        },
        "data_received": {
            "count": 30123684,
            "rate": 124965.46795403976
        },
        "http_req_sending": {
            "avg": 0.035201644202680835,
            "min": 0.005726,
            "med": 0.017389,
            "max": 48.697251,
            "p(90)": 0.029628399999999996,
            "p(95)": 0.04336359999999995
        },
        "http_req_blocked": {
            "min": 0.001376,
            "med": 0.004202,
            "max": 11.771066,
            "p(90)": 0.005554,
            "p(95)": 0.006590099999999992,
            "avg": 0.00927163828259194
        },
        "http_req_tls_handshaking": {
            "avg": 0,
            "min": 0,
            "med": 0,
            "max": 0,
            "p(90)": 0,
            "p(95)": 0
        },
        "http_req_waiting": {
            "med": 1.271092,
            "max": 313.927942,
            "p(90)": 62.244326,
            "p(95)": 78.97610689999995,
            "avg": 20.513182091722676,
            "min": 0.446663
        },
        "iteration_duration": {
            "p(95)": 1080.2787051,
            "avg": 1021.4989271660771,
            "min": 1000.645049,
            "med": 1002.149831,
            "max": 1318.102889,
            "p(90)": 1063.5762738
        },
        "checks": {
            "passes": 103039,
            "fails": 0,
            "value": 1
        },
        "http_req_duration{expected_response:true}": {
            "avg": 20.638950389299065,
            "min": 0.494186,
            "med": 1.35443,
            "max": 314.019144,
            "p(90)": 62.405242199999996,
            "p(95)": 79.1668463999999
        },
        "http_req_failed": {
            "passes": 0,
            "fails": 103039,
            "value": 0
        },
        "http_req_duration": {
            "p(90)": 62.405242199999996,
            "p(95)": 79.1668463999999,
            "avg": 20.638950389299065,
            "min": 0.494186,
            "med": 1.35443,
            "max": 314.019144
        },
        "vus_max": {
            "value": 500,
            "min": 500,
            "max": 500
        }
    }
}