{
    "root_group": {
        "name": "",
        "path": "",
        "id": "d41d8cd98f00b204e9800998ecf8427e",
        "groups": {},
        "checks": {
                "status 200": {
                    "id": "fad9fa412b86fcb03bee97c80dcd61f1",
                    "passes": 35657,
                    "fails": 10408,
                    "name": "status 200",
                    "path": "::status 200"
                }
            }
    },
    "metrics": {
        "iterations": {
            "count": 46018,
            "rate": 170.4342485484093
        },
        "http_req_tls_handshaking": {
            "p(95)": 0,
            "avg": 0,
            "min": 0,
            "med": 0,
            "max": 0,
            "p(90)": 0
        },
        "http_reqs": {
            "rate": 170.60831977448984,
            "count": 46065
        },
        "data_sent": {
            "count": 3179618,
            "rate": 11776.170292081273
        },
        "http_req_blocked": {
            "med": 0.004368,
            "max": 19752.132224,
            "p(90)": 0.011406799999999988,
            "p(95)": 0.409606799999999,
            "avg": 323.6743134214702,
            "min": 0
        },
        "http_req_duration": {
            "med": 0.536992,
            "max": 60013.271775,
            "p(90)": 53.349973799999994,
            "p(95)": 14874.456404199997,
            "avg": 2616.5542413470803,
            "min": 0
        },
        "http_req_connecting": {
            "med": 0,
            "max": 19752.069473,
            "p(90)": 0,
            "p(95)": 0.3214433999999989,
            "avg": 323.6659116482364,
            "min": 0
        },
        "http_req_failed": {
            "passes": 10408,
            "fails": 35657,
            "value": 0.22594160425485726
        },
        "http_req_duration{expected_response:true}": {
            "avg": 859.0697534980509,
            "min": 0.243024,
            "med": 1.412433,
            "max": 59837.349083,
            "p(90)": 52.733569200000005,
            "p(95)": 55.60871699999999
        },
        "http_req_sending": {
            "p(95)": 0.084886,
            "avg": 0.03753498908064685,
            "min": 0,
            "med": 0.020964,
            "max": 19.84103,
            "p(90)": 0.0441362
        },
        "vus": {
            "value": 67,
            "min": 17,
            "max": 2000
        },
        "vus_max": {
            "max": 2000,
            "value": 2000,
            "min": 2000
        },
        "iteration_duration": {
            "avg": 9620.176901335608,
            "min": 1000.411068,
            "med": 1004.4256515,
            "max": 61014.064123,
            "p(90)": 31001.8795391,
            "p(95)": 31031.0356713
        },
        "http_req_waiting": {
            "max": 60013.18628,
            "p(90)": 53.24242159999999,
            "p(95)": 14874.210551599996,
            "avg": 2616.4538147305307,
            "min": 0,
            "med": 0.432647
        },
        "http_req_receiving": {
            "avg": 0.06289162746119566,
            "min": 0,
            "med": 0.067437,
            "max": 22.180026,
            "p(90)": 0.0949586,
            "p(95)": 0.106193
        },
        "checks": {
            "passes": 35657,
            "fails": 10408,
            "value": 0.7740583957451427
        },
        "data_received": {
            "count": 9527940,
            "rate": 35288.08931536205
        }
    }
}