{
    "metrics": {
        "vus": {
            "max": 2000,
            "value": 41,
            "min": 18
        },
        "checks": {
            "passes": 35712,
            "fails": 10474,
            "value": 0.7732213224786731
        },
        "iterations": {
            "count": 46155,
            "rate": 170.94134837880102
        },
        "http_req_receiving": {
            "avg": 0.06339848596977395,
            "min": 0,
            "med": 0.060418,
            "max": 46.843233,
            "p(90)": 0.088213,
            "p(95)": 0.1057945
        },
        "http_req_failed": {
            "passes": 10474,
            "fails": 35712,
            "value": 0.2267786775213268
        },
        "http_req_duration": {
            "avg": 2565.569596318895,
            "min": 0,
            "med": 0.5563545,
            "max": 60001.975737,
            "p(90)": 53.1171595,
            "p(95)": 8706.033977
        },
        "http_reqs": {
            "count": 46186,
            "rate": 171.05616111414372
        },
        "http_req_duration{expected_response:true}": {
            "p(95)": 55.379041449999995,
            "avg": 871.9452372162588,
            "min": 0.222692,
            "med": 1.3730395,
            "max": 58824.107277,
            "p(90)": 52.6816556
        },
        "iteration_duration": {
            "p(90)": 31001.914446,
            "p(95)": 31005.936671400003,
            "avg": 9591.38511450901,
            "min": 1000.377581,
            "med": 1004.523468,
            "max": 61004.653228
        },
        "http_req_connecting": {
            "avg": 262.1334387948514,
            "min": 0,
            "med": 0,
            "max": 19752.763097,
            "p(90)": 0,
            "p(95)": 0.28293250000000003
        },
        "http_req_sending": {
            "avg": 0.042072696812886765,
            "min": 0,
            "med": 0.021049,
            "max": 17.52623,
            "p(90)": 0.0406495,
            "p(95)": 0.092201
        },
        "data_sent": {
            "count": 3178331,
            "rate": 11771.383094662398
        },
        "http_req_waiting": {
            "max": 60001.92472,
            "p(90)": 52.997367,
            "p(95)": 8705.78884575,
            "avg": 2565.4641251361118,
            "min": 0,
            "med": 0.4551495
        },
        "data_received": {
            "count": 9551081,
            "rate": 35373.73338999344
        },
        "http_req_blocked": {
            "p(95)": 0.3649035,
            "avg": 262.1421601154237,
            "min": 0,
            "med": 0.004853,
            "max": 19752.812662,
            "p(90)": 0.007404
        },
        "vus_max": {
            "max": 2000,
            "value": 2000,
            "min": 2000
        },
        "http_req_tls_handshaking": {
            "avg": 0,
            "min": 0,
            "med": 0,
            "max": 0,
            "p(90)": 0,
            "p(95)": 0
        }
    },
    "root_group": {
        "path": "",
        "id": "d41d8cd98f00b204e9800998ecf8427e",
        "groups": {},
        "checks": {
                "status 200": {
                    "name": "status 200",
                    "path": "::status 200",
                    "id": "fad9fa412b86fcb03bee97c80dcd61f1",
                    "passes": 35712,
                    "fails": 10474
                }
            },
        "name": ""
    }
}