{
    "metrics": {
        "iteration_duration": {
            "avg": 1606.7409578408972,
            "min": 1000.58419,
            "med": 1002.5645575,
            "max": 5839.663254,
            "p(90)": 4140.026992200001,
            "p(95)": 5181.032318299999
        },
        "checks": {
            "passes": 131502,
            "fails": 188,
            "value": 0.9985724048902727
        },
        "data_received": {
            "count": 38480134,
            "rate": 156760.5122842155
        },
        "http_req_duration": {
            "avg": 605.9467131222121,
            "min": 0.411008,
            "med": 1.88886,
            "max": 4839.542426,
            "p(90)": 3138.6271562000006,
            "p(95)": 4180.467185299999
        },
        "http_req_failed": {
            "passes": 188,
            "fails": 131502,
            "value": 0.0014275951097273902
        },
        "http_req_waiting": {
            "avg": 605.8481094740573,
            "min": 0.366085,
            "med": 1.741533,
            "max": 4839.509376,
            "p(90)": 3138.565964200001,
            "p(95)": 4180.312497449998
        },
        "data_sent": {
            "count": 15974158,
            "rate": 65075.58397247263
        },
        "http_req_connecting": {
            "min": 0,
            "med": 0,
            "max": 24.697707,
            "p(90)": 0,
            "p(95)": 0,
            "avg": 0.006165817457665731
        },
        "iterations": {
            "count": 131690,
            "rate": 536.4792093163796
        },
        "vus": {
            "value": 71,
            "min": 11,
            "max": 1000
        },
        "vus_max": {
            "value": 1000,
            "min": 1000,
            "max": 1000
        },
        "http_req_blocked": {
            "avg": 0.013169050026578047,
            "min": 0.001542,
            "med": 0.003677,
            "max": 24.855077,
            "p(90)": 0.005598100000000005,
            "p(95)": 0.019154099999999976
        },
        "http_req_sending": {
            "avg": 0.030215138256511728,
            "min": 0.00523,
            "med": 0.01447,
            "max": 11.388342,
            "p(90)": 0.04263740000000003,
            "p(95)": 0.10581409999999998
        },
        "http_reqs": {
            "count": 131690,
            "rate": 536.4792093163796
        },
        "http_req_receiving": {
            "avg": 0.06838850988685657,
            "min": 0.013677,
            "med": 0.041528,
            "max": 45.523436,
            "p(90)": 0.1268893,
            "p(95)": 0.18986019999999995
        },
        "http_req_tls_handshaking": {
            "avg": 0,
            "min": 0,
            "med": 0,
            "max": 0,
            "p(90)": 0,
            "p(95)": 0
        },
        "http_req_duration{expected_response:true}": {
            "p(95)": 4181.2616117,
            "avg": 606.8102693727636,
            "min": 0.411008,
            "med": 1.8898295,
            "max": 4839.542426,
            "p(90)": 3140.1371860000004
        }
    },
    "root_group": {
        "groups": {},
        "checks": {
                "status 200": {
                    "passes": 131502,
                    "fails": 188,
                    "name": "status 200",
                    "path": "::status 200",
                    "id": "fad9fa412b86fcb03bee97c80dcd61f1"
                }
            },
        "name": "",
        "path": "",
        "id": "d41d8cd98f00b204e9800998ecf8427e"
    }
}