{
    "metrics": {
        "data_sent": {
            "count": 1765982,
            "rate": 7327.040169623339
        },
        "iterations": {
            "count": 20703,
            "rate": 85.89652251931899
        },
        "data_received": {
            "count": 5529303,
            "rate": 22941.018193287837
        },
        "iteration_duration": {
            "avg": 1016.8475801804564,
            "min": 1000.379105,
            "med": 1001.707699,
            "max": 1088.14691,
            "p(90)": 1052.1329868,
            "p(95)": 1053.1489835
        },
        "http_req_duration{expected_response:true}": {
            "avg": 16.091958002463404,
            "min": 0.252793,
            "med": 0.6419,
            "max": 87.614542,
            "p(90)": 51.4145776,
            "p(95)": 52.3563461
        },
        "vus_max": {
            "value": 100,
            "min": 100,
            "max": 100
        },
        "http_req_failed": {
            "passes": 0,
            "fails": 20703,
            "value": 0
        },
        "http_reqs": {
            "count": 20703,
            "rate": 85.89652251931899
        },
        "http_req_waiting": {
            "p(90)": 51.3221358,
            "p(95)": 52.262770499999995,
            "avg": 16.00110049702941,
            "min": 0.223189,
            "med": 0.554721,
            "max": 87.551491
        },
        "http_req_duration": {
            "p(95)": 52.3563461,
            "avg": 16.091958002463404,
            "min": 0.252793,
            "med": 0.6419,
            "max": 87.614542,
            "p(90)": 51.4145776
        },
        "http_req_tls_handshaking": {
            "min": 0,
            "med": 0,
            "max": 0,
            "p(90)": 0,
            "p(95)": 0,
            "avg": 0
        },
        "http_req_sending": {
            "min": 0.006809,
            "med": 0.024753,
            "max": 3.760698,
            "p(90)": 0.0314218,
            "p(95)": 0.038740899999999995,
            "avg": 0.025281235762932952
        },
        "checks": {
            "passes": 20703,
            "fails": 0,
            "value": 1
        },
        "http_req_blocked": {
            "avg": 0.010672787083997468,
            "min": 0.001545,
            "med": 0.004787,
            "max": 7.711918,
            "p(90)": 0.006067799999999999,
            "p(95)": 0.007188799999999996
        },
        "http_req_receiving": {
            "max": 3.696094,
            "p(90)": 0.082975,
            "p(95)": 0.09133809999999996,
            "avg": 0.0655762696710622,
            "min": 0.014165,
            "med": 0.063074
        },
        "vus": {
            "min": 2,
            "max": 100,
            "value": 7
        },
        "http_req_connecting": {
            "med": 0,
            "max": 7.644229,
            "p(90)": 0,
            "p(95)": 0,
            "avg": 0.004606495676955029,
            "min": 0
        }
    },
    "root_group": {
        "id": "d41d8cd98f00b204e9800998ecf8427e",
        "groups": {},
        "checks": {
                "status 200": {
                    "fails": 0,
                    "name": "status 200",
                    "path": "::status 200",
                    "id": "fad9fa412b86fcb03bee97c80dcd61f1",
                    "passes": 20703
                }
            },
        "name": "",
        "path": ""
    }
}