{
    "root_group": {
        "id": "d41d8cd98f00b204e9800998ecf8427e",
        "groups": {},
        "checks": {
                "status 200": {
                    "path": "::status 200",
                    "id": "fad9fa412b86fcb03bee97c80dcd61f1",
                    "passes": 20688,
                    "fails": 0,
                    "name": "status 200"
                }
            },
        "name": "",
        "path": ""
    },
    "metrics": {
        "http_req_failed": {
            "fails": 20688,
            "passes": 0,
            "value": 0
        },
        "vus": {
            "value": 2,
            "min": 2,
            "max": 100
        },
        "http_req_duration": {
            "avg": 16.6675371000096,
            "min": 0.180841,
            "med": 0.47655400000000003,
            "max": 127.356524,
            "p(90)": 52.2701313,
            "p(95)": 53.96338164999999
        },
        "iteration_duration": {
            "avg": 1017.4452011566162,
            "min": 1000.325258,
            "med": 1001.4734955,
            "max": 1128.766097,
            "p(90)": 1053.0484774000001,
            "p(95)": 1054.7761989
        },
        "http_req_tls_handshaking": {
            "max": 0,
            "p(90)": 0,
            "p(95)": 0,
            "avg": 0,
            "min": 0,
            "med": 0
        },
        "http_req_receiving": {
            "avg": 0.06825026657966018,
            "min": 0.01415,
            "med": 0.0634035,
            "max": 4.789627,
            "p(90)": 0.08532979999999998,
            "p(95)": 0.09507065
        },
        "http_req_blocked": {
            "max": 4.391126,
            "p(90)": 0.006063299999999999,
            "p(95)": 0.007040249999999989,
            "avg": 0.010365190061871607,
            "min": 0.001305,
            "med": 0.004782
        },
        "http_req_sending": {
            "p(90)": 0.0316206,
            "p(95)": 0.039512599999999995,
            "avg": 0.027035374033255954,
            "min": 0.006123,
            "med": 0.0241095,
            "max": 6.704461
        },
        "http_req_connecting": {
            "avg": 0.003838665651585461,
            "min": 0,
            "med": 0,
            "max": 4.189174,
            "p(90)": 0,
            "p(95)": 0
        },
        "vus_max": {
            "value": 100,
            "min": 100,
            "max": 100
        },
        "data_sent": {
            "count": 1764740,
            "rate": 7321.000614893702
        },
        "iterations": {
            "count": 20688,
            "rate": 85.823895146549
        },
        "http_req_waiting": {
            "avg": 16.572251459396785,
            "min": 0.131484,
            "med": 0.385339,
            "max": 125.091844,
            "p(90)": 52.1726537,
            "p(95)": 53.84905469999998
        },
        "http_reqs": {
            "count": 20688,
            "rate": 85.823895146549
        },
        "http_req_duration{expected_response:true}": {
            "p(90)": 52.2701313,
            "p(95)": 53.96338164999999,
            "avg": 16.6675371000096,
            "min": 0.180841,
            "med": 0.47655400000000003,
            "max": 127.356524
        },
        "checks": {
            "passes": 20688,
            "fails": 0,
            "value": 1
        },
        "data_received": {
            "count": 6041180,
            "rate": 25061.755553046645
        }
    }
}