{
    "metrics": {
        "iterations": {
            "count": 103141,
            "rate": 427.8734475321022
        },
        "http_req_sending": {
            "p(90)": 0.029474,
            "p(95)": 0.042481,
            "avg": 0.034365932664992466,
            "min": 0.005604,
            "med": 0.017495,
            "max": 51.069844
        },
        "data_received": {
            "count": 30146850,
            "rate": 125062.1638507786
        },
        "http_req_duration": {
            "avg": 19.75202583361628,
            "min": 0.521839,
            "med": 1.361383,
            "max": 213.906541,
            "p(90)": 59.72435,
            "p(95)": 74.176275
        },
        "http_req_connecting": {
            "max": 6.126796,
            "p(90)": 0,
            "p(95)": 0,
            "avg": 0.0028894345119787434,
            "min": 0,
            "med": 0
        },
        "iteration_duration": {
            "avg": 1020.5235047347975,
            "min": 1000.621424,
            "med": 1002.16118,
            "max": 1216.69297,
            "p(90)": 1060.645636,
            "p(95)": 1075.041838
        },
        "data_sent": {
            "count": 12614130,
            "rate": 52328.86331059536
        },
        "http_req_failed": {
            "passes": 0,
            "fails": 103141,
            "value": 0
        },
        "http_reqs": {
            "count": 103141,
            "rate": 427.8734475321022
        },
        "http_req_duration{expected_response:true}": {
            "max": 213.906541,
            "p(90)": 59.72435,
            "p(95)": 74.176275,
            "avg": 19.75202583361628,
            "min": 0.521839,
            "med": 1.361383
        },
        "http_req_waiting": {
            "avg": 19.636318122628193,
            "min": 0.468245,
            "med": 1.277608,
            "max": 210.204634,
            "p(90)": 59.561447,
            "p(95)": 74.01435
        },
        "vus": {
            "value": 67,
            "min": 8,
            "max": 500
        },
        "http_req_tls_handshaking": {
            "min": 0,
            "med": 0,
            "max": 0,
            "p(90)": 0,
            "p(95)": 0,
            "avg": 0
        },
        "http_req_receiving": {
            "p(90)": 0.105129,
            "p(95)": 0.183952,
            "avg": 0.08134177832287795,
            "min": 0.013863,
            "med": 0.059411,
            "max": 49.465275
        },
        "vus_max": {
            "value": 500,
            "min": 500,
            "max": 500
        },
        "http_req_blocked": {
            "max": 24.704879,
            "p(90)": 0.005579,
            "p(95)": 0.006584,
            "avg": 0.008842494604473573,
            "min": 0.001468,
            "med": 0.004212
        },
        "checks": {
            "passes": 103141,
            "fails": 0,
            "value": 1
        }
    },
    "root_group": {
        "name": "",
        "path": "",
        "id": "d41d8cd98f00b204e9800998ecf8427e",
        "groups": {},
        "checks": {
                "status 200": {
                    "name": "status 200",
                    "path": "::status 200",
                    "id": "fad9fa412b86fcb03bee97c80dcd61f1",
                    "passes": 103141,
                    "fails": 0
                }
            }
    }
}