{
    "root_group": {
        "name": "",
        "path": "",
        "id": "d41d8cd98f00b204e9800998ecf8427e",
        "groups": {},
        "checks": {
                "status 200": {
                    "name": "status 200",
                    "path": "::status 200",
                    "id": "fad9fa412b86fcb03bee97c80dcd61f1",
                    "passes": 129899,
                    "fails": 0
                }
            }
    },
    "metrics": {
        "data_received": {
            "rate": 155799.87575803095,
            "count": 37972925
        },
        "http_req_duration": {
            "p(95)": 2829.078559999998,
            "avg": 625.0951311481368,
            "min": 0.427462,
            "med": 2.042963,
            "max": 3512.340763,
            "p(90)": 2568.71929
        },
        "data_sent": {
            "count": 15756567,
            "rate": 64647.93483707379
        },
        "checks": {
            "passes": 129899,
            "fails": 0,
            "value": 1
        },
        "http_req_sending": {
            "max": 21.078553,
            "p(90)": 0.021589,
            "p(95)": 0.027773299999999973,
            "avg": 0.017402267723385,
            "min": 0.005725,
            "med": 0.013307
        },
        "iterations": {
            "count": 129899,
            "rate": 532.9652130061738
        },
        "http_req_receiving": {
            "max": 21.690032,
            "p(90)": 0.07006659999999999,
            "p(95)": 0.11980939999999961,
            "avg": 0.05566431551436154,
            "min": 0.013613,
            "med": 0.046071
        },
        "http_req_failed": {
            "passes": 0,
            "fails": 129899,
            "value": 0
        },
        "vus": {
            "value": 97,
            "min": 13,
            "max": 1000
        },
        "http_reqs": {
            "count": 129899,
            "rate": 532.9652130061738
        },
        "http_req_connecting": {
            "max": 16.593608,
            "p(90)": 0,
            "p(95)": 0,
            "avg": 0.0056642815880029816,
            "min": 0,
            "med": 0
        },
        "http_req_waiting": {
            "p(90)": 2568.6461507999998,
            "p(95)": 2829.0246588999976,
            "avg": 625.022064564892,
            "min": 0.376885,
            "med": 1.984981,
            "max": 3512.244056
        },
        "http_req_duration{expected_response:true}": {
            "avg": 625.0951311481368,
            "min": 0.427462,
            "med": 2.042963,
            "max": 3512.340763,
            "p(90)": 2568.71929,
            "p(95)": 2829.078559999998
        },
        "http_req_blocked": {
            "avg": 0.010078448101986987,
            "min": 0.001382,
            "med": 0.00343,
            "max": 16.672819,
            "p(90)": 0.004669,
            "p(95)": 0.005582
        },
        "http_req_tls_handshaking": {
            "avg": 0,
            "min": 0,
            "med": 0,
            "max": 0,
            "p(90)": 0,
            "p(95)": 0
        },
        "vus_max": {
            "min": 1000,
            "max": 1000,
            "value": 1000
        },
        "iteration_duration": {
            "avg": 1625.7321064335526,
            "min": 1000.568283,
            "med": 1002.516426,
            "max": 4512.855892,
            "p(90)": 3569.3417345999997,
            "p(95)": 3829.7937781
        }
    }
}