{
    "root_group": {
        "name": "",
        "path": "",
        "id": "d41d8cd98f00b204e9800998ecf8427e",
        "groups": {},
        "checks": {
                "status 200": {
                    "name": "status 200",
                    "path": "::status 200",
                    "id": "fad9fa412b86fcb03bee97c80dcd61f1",
                    "passes": 20681,
                    "fails": 0
                }
            }
    },
    "metrics": {
        "checks": {
            "passes": 20681,
            "fails": 0,
            "value": 1
        },
        "http_req_blocked": {
            "max": 10.551224,
            "p(90)": 0.006075,
            "p(95)": 0.006857,
            "avg": 0.008867655625936834,
            "min": 0.001709,
            "med": 0.004776
        },
        "http_req_receiving": {
            "p(90)": 0.09078,
            "p(95)": 0.101781,
            "avg": 0.07509570596199383,
            "min": 0.016448,
            "med": 0.068841,
            "max": 16.858795
        },
        "iteration_duration": {
            "min": 1000.748035,
            "med": 1002.343059,
            "max": 1178.468746,
            "p(90)": 1052.938688,
            "p(95)": 1053.656092,
            "avg": 1017.8017787024356
        },
        "http_req_duration{expected_response:true}": {
            "avg": 17.0538292187516,
            "min": 0.552013,
            "med": 1.500864,
            "max": 178.176123,
            "p(90)": 52.007795,
            "p(95)": 52.820993
        },
        "http_req_tls_handshaking": {
            "max": 0,
            "p(90)": 0,
            "p(95)": 0,
            "avg": 0,
            "min": 0,
            "med": 0
        },
        "data_sent": {
            "count": 2529393,
            "rate": 10493.760305084304
        },
        "http_req_duration": {
            "med": 1.500864,
            "max": 178.176123,
            "p(90)": 52.007795,
            "p(95)": 52.820993,
            "avg": 17.0538292187516,
            "min": 0.552013
        },
        "vus": {
            "value": 7,
            "min": 2,
            "max": 100
        },
        "http_req_waiting": {
            "max": 178.048677,
            "p(90)": 51.892124,
            "p(95)": 52.711047,
            "avg": 16.953269494270018,
            "min": 0.47652,
            "med": 1.409107
        },
        "http_req_failed": {
            "passes": 0,
            "fails": 20681,
            "value": 0
        },
        "vus_max": {
            "value": 100,
            "min": 100,
            "max": 100
        },
        "http_req_sending": {
            "p(90)": 0.031387,
            "p(95)": 0.0388,
            "avg": 0.025464018519413836,
            "min": 0.00682,
            "med": 0.025321,
            "max": 0.783004
        },
        "data_received": {
            "count": 6035819,
            "rate": 25040.96351609799
        },
        "iterations": {
            "rate": 85.79981713772771,
            "count": 20681
        },
        "http_reqs": {
            "count": 20681,
            "rate": 85.79981713772771
        },
        "http_req_connecting": {
            "p(90)": 0,
            "p(95)": 0,
            "avg": 0.002850133649243266,
            "min": 0,
            "med": 0,
            "max": 0.858696
        }
    }
}