{
    "root_group": {
        "name": "",
        "path": "",
        "id": "d41d8cd98f00b204e9800998ecf8427e",
        "groups": {},
        "checks": {
                "status 200": {
                    "fails": 787,
                    "name": "status 200",
                    "path": "::status 200",
                    "id": "fad9fa412b86fcb03bee97c80dcd61f1",
                    "passes": 34646
                }
            }
    },
    "metrics": {
        "http_req_duration{expected_response:true}": {
            "min": 0.267156,
            "med": 1.5148725,
            "max": 59987.674816,
            "p(90)": 52.6939415,
            "p(95)": 54.88080375,
            "avg": 876.6667254810617
        },
        "http_req_connecting": {
            "p(95)": 0,
            "avg": 25.509988262438952,
            "min": 0,
            "med": 0,
            "max": 19676.022549,
            "p(90)": 0
        },
        "http_req_duration": {
            "max": 60007.182195,
            "p(90)": 53.1423012,
            "p(95)": 57.400383000000026,
            "avg": 1869.8820977629116,
            "min": 0,
            "med": 1.575099
        },
        "http_req_failed": {
            "passes": 787,
            "fails": 34646,
            "value": 0.02221093331075551
        },
        "iterations": {
            "count": 35433,
            "rate": 138.71595034117203
        },
        "http_req_blocked": {
            "min": 0,
            "med": 0.004826,
            "max": 19676.086408,
            "p(90)": 0.006566799999999999,
            "p(95)": 0.019069200000000047,
            "avg": 25.519553974825747
        },
        "vus": {
            "value": 50,
            "min": 8,
            "max": 500
        },
        "http_req_sending": {
            "min": 0,
            "med": 0.022992,
            "max": 7.897933,
            "p(90)": 0.035812,
            "p(95)": 0.047672400000000045,
            "avg": 0.028243892444896192
        },
        "vus_max": {
            "value": 500,
            "min": 500,
            "max": 500
        },
        "data_received": {
            "count": 9248518,
            "rate": 36206.84005354996
        },
        "http_req_tls_handshaking": {
            "p(95)": 0,
            "avg": 0,
            "min": 0,
            "med": 0,
            "max": 0,
            "p(90)": 0
        },
        "http_req_receiving": {
            "avg": 0.07487250571501206,
            "min": 0,
            "med": 0.066341,
            "max": 11.036869,
            "p(90)": 0.09335099999999998,
            "p(95)": 0.13080000000000003
        },
        "checks": {
            "fails": 787,
            "passes": 34646,
            "value": 0.9777890666892445
        },
        "http_reqs": {
            "count": 35433,
            "rate": 138.71595034117203
        },
        "data_sent": {
            "count": 3006534,
            "rate": 11770.220445433504
        },
        "iteration_duration": {
            "avg": 3055.361563899728,
            "min": 1000.397933,
            "med": 1002.356447,
            "max": 61011.801201,
            "p(90)": 1054.192528,
            "p(95)": 1061.5189882000002
        },
        "http_req_waiting": {
            "med": 1.470673,
            "max": 60007.12793,
            "p(90)": 53.0256938,
            "p(95)": 57.26901620000001,
            "avg": 1869.7789813647541,
            "min": 0
        }
    }
}