{
    "root_group": {
        "name": "",
        "path": "",
        "id": "d41d8cd98f00b204e9800998ecf8427e",
        "groups": {},
        "checks": {
                "status 200": {
                    "passes": 141279,
                    "fails": 0,
                    "name": "status 200",
                    "path": "::status 200",
                    "id": "fad9fa412b86fcb03bee97c80dcd61f1"
                }
            }
    },
    "metrics": {
        "vus_max": {
            "value": 1000,
            "min": 1000,
            "max": 1000
        },
        "http_req_blocked": {
            "avg": 0.014920561251141651,
            "min": 0.001398,
            "med": 0.003779,
            "max": 115.802378,
            "p(90)": 0.00508,
            "p(95)": 0.006107
        },
        "http_req_connecting": {
            "avg": 0.008706167073662749,
            "min": 0,
            "med": 0,
            "max": 115.732224,
            "p(90)": 0,
            "p(95)": 0
        },
        "http_req_waiting": {
            "med": 2.045048,
            "max": 3464.662974,
            "p(90)": 2067.5341628,
            "p(95)": 2929.7090971000007,
            "avg": 493.67250377815697,
            "min": 0.475686
        },
        "http_req_duration": {
            "avg": 493.79723491160684,
            "min": 0.532745,
            "med": 2.114828,
            "max": 3464.740508,
            "p(90)": 2067.623287,
            "p(95)": 2929.7921458000005
        },
        "data_received": {
            "count": 41292461,
            "rate": 169213.07069050873
        },
        "http_req_duration{expected_response:true}": {
            "avg": 493.79723491160684,
            "min": 0.532745,
            "med": 2.114828,
            "max": 3464.740508,
            "p(90)": 2067.623287,
            "p(95)": 2929.7921458000005
        },
        "http_req_receiving": {
            "avg": 0.0828324533440917,
            "min": 0.012909,
            "med": 0.052198,
            "max": 82.5763,
            "p(90)": 0.09735859999999999,
            "p(95)": 0.16465420000000006
        },
        "http_req_sending": {
            "med": 0.01485,
            "max": 64.638831,
            "p(90)": 0.02539,
            "p(95)": 0.035872400000000026,
            "avg": 0.041898680115233095,
            "min": 0.005673
        },
        "data_sent": {
            "count": 17137178,
            "rate": 70226.73006459535
        },
        "iterations": {
            "count": 141279,
            "rate": 578.9495911634906
        },
        "http_req_failed": {
            "passes": 0,
            "fails": 141279,
            "value": 0
        },
        "http_reqs": {
            "count": 141279,
            "rate": 578.9495911634906
        },
        "http_req_tls_handshaking": {
            "avg": 0,
            "min": 0,
            "med": 0,
            "max": 0,
            "p(90)": 0,
            "p(95)": 0
        },
        "iteration_duration": {
            "avg": 1494.668212660429,
            "min": 1000.690761,
            "med": 1002.607898,
            "max": 4465.991998,
            "p(90)": 3068.0480748,
            "p(95)": 3930.7151860000004
        },
        "checks": {
            "passes": 141279,
            "fails": 0,
            "value": 1
        },
        "vus": {
            "max": 1000,
            "value": 24,
            "min": 13
        }
    }
}