{
    "root_group": {
        "name": "",
        "path": "",
        "id": "d41d8cd98f00b204e9800998ecf8427e",
        "groups": {},
        "checks": {
                "status 200": {
                    "name": "status 200",
                    "path": "::status 200",
                    "id": "fad9fa412b86fcb03bee97c80dcd61f1",
                    "passes": 103102,
                    "fails": 0
                }
            }
    },
    "metrics": {
        "iteration_duration": {
            "p(95)": 1067.17782865,
            "avg": 1020.8435265855089,
            "min": 1000.666147,
            "med": 1002.4129525000001,
            "max": 4307.434106,
            "p(90)": 1056.1009556000001
        },
        "http_req_failed": {
            "passes": 0,
            "fails": 103102,
            "value": 0
        },
        "vus": {
            "value": 71,
            "min": 8,
            "max": 500
        },
        "http_req_receiving": {
            "med": 0.05734,
            "max": 66.237657,
            "p(90)": 0.101849,
            "p(95)": 0.18288209999999994,
            "avg": 0.0927652606254004,
            "min": 0.013795
        },
        "vus_max": {
            "max": 500,
            "value": 500,
            "min": 500
        },
        "data_received": {
            "count": 30086640,
            "rate": 124818.14010823963
        },
        "http_req_duration{expected_response:true}": {
            "med": 1.5243805,
            "max": 3306.840295,
            "p(90)": 55.2094231,
            "p(95)": 65.33372985,
            "avg": 19.918116683468927,
            "min": 0.510349
        },
        "http_req_tls_handshaking": {
            "med": 0,
            "max": 0,
            "p(90)": 0,
            "p(95)": 0,
            "avg": 0,
            "min": 0
        },
        "checks": {
            "passes": 103102,
            "fails": 0,
            "value": 1
        },
        "data_sent": {
            "count": 12609196,
            "rate": 52310.80615782469
        },
        "http_req_blocked": {
            "max": 46.690336,
            "p(90)": 0.005516,
            "p(95)": 0.006524949999999997,
            "avg": 0.010727109978468014,
            "min": 0.001409,
            "med": 0.004109
        },
        "http_reqs": {
            "count": 103102,
            "rate": 427.7313745050867
        },
        "iterations": {
            "rate": 427.7313745050867,
            "count": 103102
        },
        "http_req_connecting": {
            "avg": 0.004133199084401855,
            "min": 0,
            "med": 0,
            "max": 42.108162,
            "p(90)": 0,
            "p(95)": 0
        },
        "http_req_waiting": {
            "avg": 19.783420800323913,
            "min": 0.454392,
            "med": 1.4334495,
            "max": 3306.769148,
            "p(90)": 55.0973777,
            "p(95)": 65.12816349999997
        },
        "http_req_duration": {
            "med": 1.5243805,
            "max": 3306.840295,
            "p(90)": 55.2094231,
            "p(95)": 65.33372985,
            "avg": 19.918116683468927,
            "min": 0.510349
        },
        "http_req_sending": {
            "p(90)": 0.029182900000000008,
            "p(95)": 0.04233569999999998,
            "avg": 0.04193062251944726,
            "min": 0.005585,
            "med": 0.017046,
            "max": 81.932587
        }
    }
}