{
    "root_group": {
        "name": "",
        "path": "",
        "id": "d41d8cd98f00b204e9800998ecf8427e",
        "groups": {},
        "checks": {
                "status 200": {
                    "name": "status 200",
                    "path": "::status 200",
                    "id": "fad9fa412b86fcb03bee97c80dcd61f1",
                    "passes": 103035,
                    "fails": 0
                }
            }
    },
    "metrics": {
        "http_req_connecting": {
            "avg": 0.003742169418158878,
            "min": 0,
            "med": 0,
            "max": 28.108242,
            "p(90)": 0,
            "p(95)": 0
        },
        "data_sent": {
            "count": 12601199,
            "rate": 52270.29113004778
        },
        "http_req_waiting": {
            "avg": 20.617187481321757,
            "min": 0.450201,
            "med": 1.283571,
            "max": 332.700526,
            "p(90)": 61.70256920000003,
            "p(95)": 78.34157649999997
        },
        "http_req_sending": {
            "avg": 0.03326468071043799,
            "min": 0.005557,
            "med": 0.017185,
            "max": 54.065524,
            "p(90)": 0.02895520000000001,
            "p(95)": 0.0412956999999999
        },
        "http_reqs": {
            "rate": 427.39341284781494,
            "count": 103035
        },
        "http_req_receiving": {
            "avg": 0.08707097327121764,
            "min": 0.01397,
            "med": 0.058543,
            "max": 52.883971,
            "p(90)": 0.10475500000000003,
            "p(95)": 0.1841006999999999
        },
        "iterations": {
            "count": 103035,
            "rate": 427.39341284781494
        },
        "http_req_blocked": {
            "avg": 0.010773996564274411,
            "min": 0.001411,
            "med": 0.004214,
            "max": 52.52401,
            "p(90)": 0.005572,
            "p(95)": 0.006517299999999989
        },
        "iteration_duration": {
            "min": 1000.621071,
            "med": 1002.160227,
            "max": 1333.031412,
            "p(90)": 1062.9154314,
            "p(95)": 1079.5099670999998,
            "avg": 1021.5663874859764
        },
        "checks": {
            "passes": 103035,
            "fails": 0,
            "value": 1
        },
        "vus": {
            "value": 66,
            "min": 8,
            "max": 500
        },
        "vus_max": {
            "max": 500,
            "value": 500,
            "min": 500
        },
        "data_received": {
            "count": 30114325,
            "rate": 124915.45724616175
        },
        "http_req_tls_handshaking": {
            "med": 0,
            "max": 0,
            "p(90)": 0,
            "p(95)": 0,
            "avg": 0,
            "min": 0
        },
        "http_req_duration": {
            "avg": 20.737523135303434,
            "min": 0.495732,
            "med": 1.365841,
            "max": 332.776243,
            "p(90)": 61.85209180000004,
            "p(95)": 78.53097119999997
        },
        "http_req_duration{expected_response:true}": {
            "p(95)": 78.53097119999997,
            "avg": 20.737523135303434,
            "min": 0.495732,
            "med": 1.365841,
            "max": 332.776243,
            "p(90)": 61.85209180000004
        },
        "http_req_failed": {
            "passes": 0,
            "fails": 103035,
            "value": 0
        }
    }
}