{
    "metrics": {
        "vus_max": {
            "max": 100,
            "value": 100,
            "min": 100
        },
        "iterations": {
            "count": 20692,
            "rate": 85.84680499952745
        },
        "http_req_blocked": {
            "avg": 0.008712497680262908,
            "min": 0.001463,
            "med": 0.00475,
            "max": 3.0381,
            "p(90)": 0.006045,
            "p(95)": 0.006814
        },
        "http_req_failed": {
            "passes": 0,
            "fails": 20692,
            "value": 0
        },
        "http_req_connecting": {
            "p(90)": 0,
            "p(95)": 0,
            "avg": 0.0028581181132804946,
            "min": 0,
            "med": 0,
            "max": 1.920273
        },
        "vus": {
            "value": 5,
            "min": 2,
            "max": 100
        },
        "iteration_duration": {
            "avg": 1017.4969503626519,
            "min": 1000.718528,
            "med": 1002.4493195,
            "max": 1089.906263,
            "p(90)": 1052.7523617,
            "p(95)": 1053.3136574
        },
        "http_req_tls_handshaking": {
            "max": 0,
            "p(90)": 0,
            "p(95)": 0,
            "avg": 0,
            "min": 0,
            "med": 0
        },
        "http_req_receiving": {
            "avg": 0.07720433665184584,
            "min": 0.017974,
            "med": 0.0691925,
            "max": 40.644916,
            "p(90)": 0.09121310000000002,
            "p(95)": 0.1059489
        },
        "data_sent": {
            "rate": 10499.090803711297,
            "count": 2530638
        },
        "http_req_duration": {
            "p(95)": 52.404833599999996,
            "avg": 16.71707950724921,
            "min": 0.576414,
            "med": 1.5389835,
            "max": 89.324517,
            "p(90)": 51.8799609
        },
        "http_reqs": {
            "count": 20692,
            "rate": 85.84680499952745
        },
        "data_received": {
            "count": 6031426,
            "rate": 25023.13221008505
        },
        "http_req_waiting": {
            "min": 0.520889,
            "med": 1.4424484999999998,
            "max": 89.20448,
            "p(90)": 51.769341600000004,
            "p(95)": 52.2871642,
            "avg": 16.613261820800425
        },
        "http_req_sending": {
            "p(95)": 0.03996235,
            "avg": 0.026613349797022973,
            "min": 0.006287,
            "med": 0.0259405,
            "max": 1.929755,
            "p(90)": 0.0323707
        },
        "http_req_duration{expected_response:true}": {
            "min": 0.576414,
            "med": 1.5389835,
            "max": 89.324517,
            "p(90)": 51.8799609,
            "p(95)": 52.404833599999996,
            "avg": 16.71707950724921
        },
        "checks": {
            "passes": 20692,
            "fails": 0,
            "value": 1
        }
    },
    "root_group": {
        "groups": {},
        "checks": {
                "status 200": {
                    "name": "status 200",
                    "path": "::status 200",
                    "id": "fad9fa412b86fcb03bee97c80dcd61f1",
                    "passes": 20692,
                    "fails": 0
                }
            },
        "name": "",
        "path": "",
        "id": "d41d8cd98f00b204e9800998ecf8427e"
    }
}