{
    "metrics": {
        "http_reqs": {
            "count": 35424,
            "rate": 138.6838514405099
        },
        "http_req_failed": {
            "passes": 787,
            "fails": 34637,
            "value": 0.02221657633242999
        },
        "data_sent": {
            "count": 3005687,
            "rate": 11767.170544960249
        },
        "iteration_duration": {
            "avg": 3055.837637860347,
            "min": 1000.467687,
            "med": 1002.3404605000001,
            "max": 61005.172664,
            "p(90)": 1053.9433011,
            "p(95)": 1058.8456539
        },
        "http_req_sending": {
            "p(95)": 0.05723394999999999,
            "avg": 0.03240961207091229,
            "min": 0,
            "med": 0.025687500000000002,
            "max": 14.90648,
            "p(90)": 0.0432111
        },
        "http_req_duration": {
            "avg": 1874.4301143316716,
            "min": 0,
            "med": 1.547997,
            "max": 60001.60478,
            "p(90)": 52.818195800000005,
            "p(95)": 56.207010799999985
        },
        "vus": {
            "value": 50,
            "min": 8,
            "max": 500
        },
        "checks": {
            "passes": 34637,
            "fails": 787,
            "value": 0.97778342366757
        },
        "data_received": {
            "count": 9250033,
            "rate": 36213.58972424949
        },
        "iterations": {
            "count": 35424,
            "rate": 138.6838514405099
        },
        "http_req_tls_handshaking": {
            "p(90)": 0,
            "p(95)": 0,
            "avg": 0,
            "min": 0,
            "med": 0,
            "max": 0
        },
        "http_req_waiting": {
            "p(95)": 56.05984685,
            "avg": 1874.3136326243286,
            "min": 0,
            "med": 1.4241165,
            "max": 60001.53387,
            "p(90)": 52.690753
        },
        "http_req_receiving": {
            "p(90)": 0.1013792,
            "p(95)": 0.11784694999999994,
            "avg": 0.08407209527439001,
            "min": 0,
            "med": 0.0790265,
            "max": 7.252531
        },
        "http_req_connecting": {
            "med": 0,
            "max": 11239.98075,
            "p(90)": 0,
            "p(95)": 0,
            "avg": 21.37029797030264,
            "min": 0
        },
        "vus_max": {
            "min": 500,
            "max": 500,
            "value": 500
        },
        "http_req_duration{expected_response:true}": {
            "max": 59996.091258,
            "p(90)": 52.573914,
            "p(95)": 54.4878332,
            "avg": 880.9996458125122,
            "min": 0.314684,
            "med": 1.488089
        },
        "http_req_blocked": {
            "min": 0,
            "med": 0.004732500000000001,
            "max": 11240.140527,
            "p(90)": 0.01078,
            "p(95)": 0.023573,
            "avg": 21.380259791017394
        }
    },
    "root_group": {
        "name": "",
        "path": "",
        "id": "d41d8cd98f00b204e9800998ecf8427e",
        "groups": {},
        "checks": {
                "status 200": {
                    "passes": 34637,
                    "fails": 787,
                    "name": "status 200",
                    "path": "::status 200",
                    "id": "fad9fa412b86fcb03bee97c80dcd61f1"
                }
            }
    }
}