{
    "metrics": {
        "vus": {
            "value": 3,
            "min": 2,
            "max": 100
        },
        "checks": {
            "passes": 20686,
            "fails": 0,
            "value": 1
        },
        "http_req_receiving": {
            "med": 0.0662665,
            "max": 10.626902,
            "p(90)": 0.088672,
            "p(95)": 0.10103000000000001,
            "avg": 0.07466601764478381,
            "min": 0.015349
        },
        "http_req_duration": {
            "p(95)": 52.288392,
            "avg": 16.89303626781398,
            "min": 0.570862,
            "med": 1.5189525000000001,
            "max": 159.381406,
            "p(90)": 51.837971499999995
        },
        "http_req_failed": {
            "passes": 0,
            "fails": 20686,
            "value": 0
        },
        "data_received": {
            "count": 6025075,
            "rate": 24998.87044331551
        },
        "http_req_duration{expected_response:true}": {
            "min": 0.570862,
            "med": 1.5189525000000001,
            "max": 159.381406,
            "p(90)": 51.837971499999995,
            "p(95)": 52.288392,
            "avg": 16.89303626781398
        },
        "http_req_tls_handshaking": {
            "min": 0,
            "med": 0,
            "max": 0,
            "p(90)": 0,
            "p(95)": 0,
            "avg": 0
        },
        "http_req_connecting": {
            "max": 9.304141,
            "p(90)": 0,
            "p(95)": 0,
            "avg": 0.0033318419220728997,
            "min": 0,
            "med": 0
        },
        "iterations": {
            "count": 20686,
            "rate": 85.82907830863925
        },
        "http_req_blocked": {
            "med": 0.004644,
            "max": 11.775041,
            "p(90)": 0.0059305,
            "p(95)": 0.0066865,
            "avg": 0.009422840423474818,
            "min": 0.00167
        },
        "http_req_waiting": {
            "p(90)": 51.732664,
            "p(95)": 52.181449,
            "avg": 16.79239117896168,
            "min": 0.504692,
            "med": 1.4265305000000001,
            "max": 159.265343
        },
        "vus_max": {
            "value": 100,
            "min": 100,
            "max": 100
        },
        "iteration_duration": {
            "p(90)": 1052.7151840000001,
            "p(95)": 1053.22563475,
            "avg": 1017.658200022669,
            "min": 1000.778442,
            "med": 1002.398124,
            "max": 1160.419623
        },
        "http_reqs": {
            "count": 20686,
            "rate": 85.82907830863925
        },
        "http_req_sending": {
            "p(90)": 0.031312,
            "p(95)": 0.038789500000000005,
            "avg": 0.025979071207580005,
            "min": 0.006104,
            "med": 0.0241565,
            "max": 5.328951
        },
        "data_sent": {
            "count": 2529968,
            "rate": 10497.187546666897
        }
    },
    "root_group": {
        "groups": {},
        "checks": {
                "status 200": {
                    "fails": 0,
                    "name": "status 200",
                    "path": "::status 200",
                    "id": "fad9fa412b86fcb03bee97c80dcd61f1",
                    "passes": 20686
                }
            },
        "name": "",
        "path": "",
        "id": "d41d8cd98f00b204e9800998ecf8427e"
    }
}