{
    "metrics": {
        "http_req_receiving": {
            "max": 105.696696,
            "p(90)": 0.10461860000000003,
            "p(95)": 0.18925689999999998,
            "avg": 0.08873178104898989,
            "min": 0.013313,
            "med": 0.058563
        },
        "http_req_duration{expected_response:true}": {
            "p(95)": 80.9829407,
            "avg": 21.633634001166026,
            "min": 0.505377,
            "med": 1.3719955000000001,
            "max": 465.746405,
            "p(90)": 63.326219900000005
        },
        "http_req_tls_handshaking": {
            "med": 0,
            "max": 0,
            "p(90)": 0,
            "p(95)": 0,
            "avg": 0,
            "min": 0
        },
        "http_req_failed": {
            "passes": 0,
            "fails": 102918,
            "value": 0
        },
        "iteration_duration": {
            "med": 1002.159314,
            "max": 1708.881866,
            "p(90)": 1064.6776325,
            "p(95)": 1082.3742000999998,
            "avg": 1022.6109082186405,
            "min": 1000.629353
        },
        "data_received": {
            "count": 30085849,
            "rate": 124799.04870269206
        },
        "http_req_connecting": {
            "min": 0,
            "med": 0,
            "max": 7.885229,
            "p(90)": 0,
            "p(95)": 0,
            "avg": 0.0030981921335432117
        },
        "vus": {
            "value": 61,
            "min": 8,
            "max": 500
        },
        "iterations": {
            "rate": 426.9139453031112,
            "count": 102918
        },
        "http_req_blocked": {
            "p(95)": 0.006556149999999994,
            "avg": 0.009418456596513827,
            "min": 0.001447,
            "med": 0.004207,
            "max": 21.589068,
            "p(90)": 0.005555300000000003
        },
        "http_req_waiting": {
            "min": 0.438319,
            "med": 1.288056,
            "max": 461.499647,
            "p(90)": 63.1574509,
            "p(95)": 80.80677454999999,
            "avg": 21.491265545356686
        },
        "checks": {
            "passes": 102918,
            "fails": 0,
            "value": 1
        },
        "http_reqs": {
            "count": 102918,
            "rate": 426.9139453031112
        },
        "http_req_duration": {
            "avg": 21.633634001166026,
            "min": 0.505377,
            "med": 1.3719955000000001,
            "max": 465.746405,
            "p(90)": 63.326219900000005,
            "p(95)": 80.9829407
        },
        "vus_max": {
            "value": 500,
            "min": 500,
            "max": 500
        },
        "http_req_sending": {
            "max": 185.573639,
            "p(90)": 0.029663,
            "p(95)": 0.043463,
            "avg": 0.053636674760489396,
            "min": 0.005776,
            "med": 0.0173325
        },
        "data_sent": {
            "count": 12586786,
            "rate": 52211.221263005165
        }
    },
    "root_group": {
        "name": "",
        "path": "",
        "id": "d41d8cd98f00b204e9800998ecf8427e",
        "groups": {},
        "checks": {
                "status 200": {
                    "name": "status 200",
                    "path": "::status 200",
                    "id": "fad9fa412b86fcb03bee97c80dcd61f1",
                    "passes": 102918,
                    "fails": 0
                }
            }
    }
}