{
    "metrics": {
        "vus_max": {
            "value": 1000,
            "min": 1000,
            "max": 1000
        },
        "http_reqs": {
            "count": 132843,
            "rate": 544.2647210726726
        },
        "http_req_receiving": {
            "med": 0.046044,
            "max": 43.740216,
            "p(90)": 0.070568,
            "p(95)": 0.1183819,
            "avg": 0.055438825214726546,
            "min": 0.013263
        },
        "http_req_failed": {
            "fails": 132843,
            "passes": 0,
            "value": 0
        },
        "http_req_duration": {
            "avg": 589.6819870825723,
            "min": 0.415268,
            "med": 1.709276,
            "max": 3238.82466,
            "p(90)": 2349.316988,
            "p(95)": 2576.8174043999993
        },
        "http_req_duration{expected_response:true}": {
            "p(95)": 2576.8174043999993,
            "avg": 589.6819870825723,
            "min": 0.415268,
            "med": 1.709276,
            "max": 3238.82466,
            "p(90)": 2349.316988
        },
        "checks": {
            "passes": 132843,
            "fails": 0,
            "value": 1
        },
        "data_received": {
            "count": 38840865,
            "rate": 159133.05597921106
        },
        "http_req_tls_handshaking": {
            "avg": 0,
            "min": 0,
            "med": 0,
            "max": 0,
            "p(90)": 0,
            "p(95)": 0
        },
        "http_req_waiting": {
            "p(95)": 2576.7129939999995,
            "avg": 589.6098100246595,
            "min": 0.363839,
            "med": 1.633518,
            "max": 3238.760863,
            "p(90)": 2349.1887560000005
        },
        "vus": {
            "value": 30,
            "min": 13,
            "max": 1000
        },
        "http_req_sending": {
            "avg": 0.0167382326957384,
            "min": 0.005463,
            "med": 0.013428,
            "max": 6.382854,
            "p(90)": 0.021511,
            "p(95)": 0.027188699999999982
        },
        "data_sent": {
            "rate": 66018.36465673498,
            "count": 16113625
        },
        "iteration_duration": {
            "max": 4239.027384,
            "p(90)": 3349.9670984,
            "p(95)": 3577.3694189,
            "avg": 1590.2926795648,
            "min": 1000.500126,
            "med": 1002.420303
        },
        "http_req_connecting": {
            "p(95)": 0,
            "avg": 0.005362865126502717,
            "min": 0,
            "med": 0,
            "max": 14.591219,
            "p(90)": 0
        },
        "iterations": {
            "rate": 544.2647210726726,
            "count": 132843
        },
        "http_req_blocked": {
            "min": 0.0014,
            "med": 0.003441,
            "max": 14.663132,
            "p(90)": 0.004642,
            "p(95)": 0.005532899999999994,
            "avg": 0.009759566435567133
        }
    },
    "root_group": {
        "name": "",
        "path": "",
        "id": "d41d8cd98f00b204e9800998ecf8427e",
        "groups": {},
        "checks": {
                "status 200": {
                    "path": "::status 200",
                    "id": "fad9fa412b86fcb03bee97c80dcd61f1",
                    "passes": 132843,
                    "fails": 0,
                    "name": "status 200"
                }
            }
    }
}