{
    "root_group": {
        "name": "",
        "path": "",
        "id": "d41d8cd98f00b204e9800998ecf8427e",
        "groups": {},
        "checks": {
                "status 200": {
                    "id": "fad9fa412b86fcb03bee97c80dcd61f1",
                    "passes": 20684,
                    "fails": 0,
                    "name": "status 200",
                    "path": "::status 200"
                }
            }
    },
    "metrics": {
        "http_req_tls_handshaking": {
            "p(95)": 0,
            "avg": 0,
            "min": 0,
            "med": 0,
            "max": 0,
            "p(90)": 0
        },
        "http_req_duration": {
            "max": 113.802247,
            "p(90)": 51.8310411,
            "p(95)": 52.3216337,
            "avg": 16.78823452953967,
            "min": 0.545521,
            "med": 1.494841
        },
        "http_req_connecting": {
            "p(95)": 0,
            "avg": 0.0026160340359698327,
            "min": 0,
            "med": 0,
            "max": 1.140998,
            "p(90)": 0
        },
        "vus": {
            "min": 2,
            "max": 100,
            "value": 5
        },
        "iterations": {
            "count": 20684,
            "rate": 85.80806337157313
        },
        "http_req_receiving": {
            "med": 0.06672,
            "max": 41.618324,
            "p(90)": 0.088849,
            "p(95)": 0.10249449999999999,
            "avg": 0.08165957392187241,
            "min": 0.014888
        },
        "http_req_failed": {
            "fails": 20684,
            "passes": 0,
            "value": 0
        },
        "data_sent": {
            "count": 2529687,
            "rate": 10494.466370443082
        },
        "iteration_duration": {
            "max": 1114.311977,
            "p(90)": 1052.698735,
            "p(95)": 1053.2398325,
            "avg": 1017.5674800200662,
            "min": 1000.723162,
            "med": 1002.3782285
        },
        "http_req_waiting": {
            "p(95)": 52.20521564999999,
            "avg": 16.679428719541626,
            "min": 0.486043,
            "med": 1.402269,
            "max": 113.566983,
            "p(90)": 51.7203429
        },
        "checks": {
            "passes": 20684,
            "fails": 0,
            "value": 1
        },
        "http_req_sending": {
            "p(90)": 0.0312534,
            "p(95)": 0.03904004999999998,
            "avg": 0.027146236076194062,
            "min": 0.006398,
            "med": 0.024221,
            "max": 20.034097
        },
        "vus_max": {
            "value": 100,
            "min": 100,
            "max": 100
        },
        "http_req_duration{expected_response:true}": {
            "avg": 16.78823452953967,
            "min": 0.545521,
            "med": 1.494841,
            "max": 113.802247,
            "p(90)": 51.8310411,
            "p(95)": 52.3216337
        },
        "data_received": {
            "count": 6028468,
            "rate": 25009.242128094214
        },
        "http_req_blocked": {
            "avg": 0.008305338667569105,
            "min": 0.001533,
            "med": 0.004638,
            "max": 3.474726,
            "p(90)": 0.005911700000000001,
            "p(95)": 0.006596849999999999
        },
        "http_reqs": {
            "count": 20684,
            "rate": 85.80806337157313
        }
    }
}