{
    "metrics": {
        "checks": {
            "passes": 20687,
            "fails": 0,
            "value": 1
        },
        "http_req_blocked": {
            "p(90)": 0.005935,
            "p(95)": 0.006616100000000002,
            "avg": 0.00879491661429879,
            "min": 0.00166,
            "med": 0.004652,
            "max": 7.53734
        },
        "iteration_duration": {
            "avg": 1017.4068956520051,
            "min": 1000.709892,
            "med": 1002.401702,
            "max": 1151.025662,
            "p(90)": 1052.6981362,
            "p(95)": 1053.1898976
        },
        "http_req_duration{expected_response:true}": {
            "p(95)": 52.276898800000005,
            "avg": 16.630365907043142,
            "min": 0.556182,
            "med": 1.519656,
            "max": 150.080302,
            "p(90)": 51.8437246
        },
        "data_sent": {
            "count": 2529966,
            "rate": 10495.839246608757
        },
        "vus_max": {
            "value": 100,
            "min": 100,
            "max": 100
        },
        "data_received": {
            "count": 6034488,
            "rate": 25034.73010451112
        },
        "iterations": {
            "rate": 85.82227053430573,
            "count": 20687
        },
        "http_req_receiving": {
            "p(90)": 0.0874708,
            "p(95)": 0.10043840000000004,
            "avg": 0.0769118221105035,
            "min": 0.016571,
            "med": 0.065911,
            "max": 24.70345
        },
        "http_req_connecting": {
            "min": 0,
            "med": 0,
            "max": 2.705708,
            "p(90)": 0,
            "p(95)": 0,
            "avg": 0.0028429725914825743
        },
        "http_req_failed": {
            "passes": 0,
            "fails": 20687,
            "value": 0
        },
        "http_req_waiting": {
            "p(90)": 51.731716799999994,
            "p(95)": 52.1671033,
            "avg": 16.526915833615313,
            "min": 0.498563,
            "med": 1.427192,
            "max": 149.837016
        },
        "http_req_sending": {
            "p(90)": 0.031087000000000014,
            "p(95)": 0.03833670000000001,
            "avg": 0.026538251317252258,
            "min": 0.006427,
            "med": 0.024275,
            "max": 8.182455
        },
        "vus": {
            "value": 3,
            "min": 2,
            "max": 100
        },
        "http_req_duration": {
            "avg": 16.630365907043142,
            "min": 0.556182,
            "med": 1.519656,
            "max": 150.080302,
            "p(90)": 51.8437246,
            "p(95)": 52.276898800000005
        },
        "http_req_tls_handshaking": {
            "p(90)": 0,
            "p(95)": 0,
            "avg": 0,
            "min": 0,
            "med": 0,
            "max": 0
        },
        "http_reqs": {
            "count": 20687,
            "rate": 85.82227053430573
        }
    },
    "root_group": {
        "id": "d41d8cd98f00b204e9800998ecf8427e",
        "groups": {},
        "checks": {
                "status 200": {
                    "passes": 20687,
                    "fails": 0,
                    "name": "status 200",
                    "path": "::status 200",
                    "id": "fad9fa412b86fcb03bee97c80dcd61f1"
                }
            },
        "name": "",
        "path": ""
    }
}