{
    "root_group": {
        "name": "",
        "path": "",
        "id": "d41d8cd98f00b204e9800998ecf8427e",
        "groups": {},
        "checks": {
                "status 200": {
                    "name": "status 200",
                    "path": "::status 200",
                    "id": "fad9fa412b86fcb03bee97c80dcd61f1",
                    "passes": 20695,
                    "fails": 0
                }
            }
    },
    "metrics": {
        "checks": {
            "passes": 20695,
            "fails": 0,
            "value": 1
        },
        "http_req_waiting": {
            "p(95)": 52.3461809,
            "avg": 16.3660701973424,
            "min": 0.234765,
            "med": 0.607762,
            "max": 172.370342,
            "p(90)": 51.3694146
        },
        "data_sent": {
            "rate": 7324.053968603732,
            "count": 1765409
        },
        "http_req_sending": {
            "avg": 0.0264692675525489,
            "min": 0.006562,
            "med": 0.026074,
            "max": 6.58949,
            "p(90)": 0.0327722,
            "p(95)": 0.0404189
        },
        "data_received": {
            "count": 5518769,
            "rate": 22895.409503552575
        },
        "http_req_duration{expected_response:true}": {
            "p(90)": 51.4730648,
            "p(95)": 52.4500985,
            "avg": 16.460666597777212,
            "min": 0.277548,
            "med": 0.700758,
            "max": 172.423346
        },
        "http_reqs": {
            "count": 20695,
            "rate": 85.8561935960756
        },
        "http_req_duration": {
            "max": 172.423346,
            "p(90)": 51.4730648,
            "p(95)": 52.4500985,
            "avg": 16.460666597777212,
            "min": 0.277548,
            "med": 0.700758
        },
        "vus_max": {
            "value": 100,
            "min": 100,
            "max": 100
        },
        "http_req_tls_handshaking": {
            "avg": 0,
            "min": 0,
            "med": 0,
            "max": 0,
            "p(90)": 0,
            "p(95)": 0
        },
        "http_req_receiving": {
            "avg": 0.06812713288233857,
            "min": 0.014792,
            "med": 0.066003,
            "max": 1.25203,
            "p(90)": 0.08581920000000001,
            "p(95)": 0.0942605
        },
        "vus": {
            "value": 2,
            "min": 2,
            "max": 100
        },
        "iteration_duration": {
            "p(95)": 1053.2412104,
            "avg": 1017.2251046199541,
            "min": 1000.43627,
            "med": 1001.777416,
            "max": 1173.362931,
            "p(90)": 1052.2554976000001
        },
        "iterations": {
            "count": 20695,
            "rate": 85.8561935960756
        },
        "http_req_failed": {
            "passes": 0,
            "fails": 20695,
            "value": 0
        },
        "http_req_blocked": {
            "p(90)": 0.006292,
            "p(95)": 0.007744799999999988,
            "avg": 0.012711542353225452,
            "min": 0.001703,
            "med": 0.004921,
            "max": 43.605862
        },
        "http_req_connecting": {
            "min": 0,
            "med": 0,
            "max": 43.535956,
            "p(90)": 0,
            "p(95)": 0,
            "avg": 0.006406812611741969
        }
    }
}