{
    "root_group": {
        "groups": {},
        "checks": {
                "status 200": {
                    "fails": 0,
                    "name": "status 200",
                    "path": "::status 200",
                    "id": "fad9fa412b86fcb03bee97c80dcd61f1",
                    "passes": 20701
                }
            },
        "name": "",
        "path": "",
        "id": "d41d8cd98f00b204e9800998ecf8427e"
    },
    "metrics": {
        "http_req_waiting": {
            "min": 0.232357,
            "med": 0.575281,
            "max": 108.47967,
            "p(90)": 51.172703,
            "p(95)": 52.127177,
            "avg": 15.865678453697795
        },
        "http_req_sending": {
            "avg": 0.025393352688275993,
            "min": 0.006811,
            "med": 0.025357,
            "max": 1.700674,
            "p(90)": 0.031464,
            "p(95)": 0.039235
        },
        "http_req_tls_handshaking": {
            "avg": 0,
            "min": 0,
            "med": 0,
            "max": 0,
            "p(90)": 0,
            "p(95)": 0
        },
        "checks": {
            "passes": 20701,
            "fails": 0,
            "value": 1
        },
        "vus": {
            "value": 4,
            "min": 2,
            "max": 100
        },
        "http_req_duration": {
            "p(95)": 52.21642,
            "avg": 15.956912803149562,
            "min": 0.282302,
            "med": 0.661658,
            "max": 108.564674,
            "p(90)": 51.281392
        },
        "http_req_failed": {
            "passes": 0,
            "fails": 20701,
            "value": 0
        },
        "vus_max": {
            "value": 100,
            "min": 100,
            "max": 100
        },
        "http_reqs": {
            "count": 20701,
            "rate": 85.88446019444518
        },
        "http_req_duration{expected_response:true}": {
            "p(90)": 51.281392,
            "p(95)": 52.21642,
            "avg": 15.956912803149562,
            "min": 0.282302,
            "med": 0.661658,
            "max": 108.564674
        },
        "http_req_connecting": {
            "min": 0,
            "med": 0,
            "max": 0.834706,
            "p(90)": 0,
            "p(95)": 0,
            "avg": 0.004225607748417952
        },
        "iteration_duration": {
            "min": 1000.442488,
            "med": 1001.710145,
            "max": 1109.251953,
            "p(90)": 1052.030494,
            "p(95)": 1053.02948,
            "avg": 1016.7086247775947
        },
        "http_req_receiving": {
            "p(90)": 0.08295,
            "p(95)": 0.09126,
            "avg": 0.06584099676344081,
            "min": 0.013926,
            "med": 0.063664,
            "max": 1.226097
        },
        "data_sent": {
            "count": 1765770,
            "rate": 7325.839489761145
        },
        "data_received": {
            "count": 5531727,
            "rate": 22950.069433265915
        },
        "iterations": {
            "count": 20701,
            "rate": 85.88446019444518
        },
        "http_req_blocked": {
            "p(95)": 0.007452,
            "avg": 0.010524290372445832,
            "min": 0.001468,
            "med": 0.004798,
            "max": 3.724013,
            "p(90)": 0.006105
        }
    }
}