{
    "metrics": {
        "http_req_receiving": {
            "avg": 0.06182254931862453,
            "min": 0,
            "med": 0.0602195,
            "max": 29.198249,
            "p(90)": 0.08742049999999998,
            "p(95)": 0.10291564999999998
        },
        "checks": {
            "passes": 35663,
            "fails": 10567,
            "value": 0.7714254812892062
        },
        "data_received": {
            "count": 9537705,
            "rate": 35324.37127145577
        },
        "http_req_failed": {
            "passes": 10567,
            "fails": 35663,
            "value": 0.22857451871079384
        },
        "iterations": {
            "count": 46177,
            "rate": 171.02368884359637
        },
        "http_req_waiting": {
            "med": 0.44914149999999997,
            "max": 60048.837318,
            "p(90)": 53.1480138,
            "p(95)": 8504.791821649842,
            "avg": 2453.876986311087,
            "min": 0
        },
        "http_req_blocked": {
            "avg": 291.703158730478,
            "min": 0,
            "med": 0.004844,
            "max": 19751.925286,
            "p(90)": 0.007408199999999997,
            "p(95)": 0.359985399999999
        },
        "iteration_duration": {
            "min": 1000.331984,
            "med": 1004.664981,
            "max": 61050.466565,
            "p(90)": 31001.880919000003,
            "p(95)": 31003.7090942,
            "avg": 9579.079156547534
        },
        "data_sent": {
            "count": 3169542,
            "rate": 11738.89089340386
        },
        "http_reqs": {
            "count": 46230,
            "rate": 171.21998257226454
        },
        "http_req_tls_handshaking": {
            "avg": 0,
            "min": 0,
            "med": 0,
            "max": 0,
            "p(90)": 0,
            "p(95)": 0
        },
        "http_req_sending": {
            "med": 0.020965,
            "max": 26.665655,
            "p(90)": 0.040833899999999985,
            "p(95)": 0.09394409999999999,
            "avg": 0.040619334934025114,
            "min": 0
        },
        "http_req_connecting": {
            "p(90)": 0,
            "p(95)": 0.28199994999999967,
            "avg": 291.6937039621458,
            "min": 0,
            "med": 0,
            "max": 19751.876992
        },
        "vus": {
            "value": 66,
            "min": 19,
            "max": 2000
        },
        "http_req_duration{expected_response:true}": {
            "p(90)": 52.764474199999995,
            "p(95)": 55.77142860000001,
            "avg": 833.7919761700099,
            "min": 0.224034,
            "med": 1.431968,
            "max": 59316.690335
        },
        "vus_max": {
            "value": 2000,
            "min": 2000,
            "max": 2000
        },
        "http_req_duration": {
            "avg": 2453.9794281953527,
            "min": 0,
            "med": 0.547732,
            "max": 60048.960191,
            "p(90)": 53.265284699999995,
            "p(95)": 8505.288316249842
        }
    },
    "root_group": {
        "name": "",
        "path": "",
        "id": "d41d8cd98f00b204e9800998ecf8427e",
        "groups": {},
        "checks": {
                "status 200": {
                    "name": "status 200",
                    "path": "::status 200",
                    "id": "fad9fa412b86fcb03bee97c80dcd61f1",
                    "passes": 35663,
                    "fails": 10567
                }
            }
    }
}