{
    "root_group": {
        "groups": {},
        "checks": {
                "status 200": {
                    "fails": 0,
                    "name": "status 200",
                    "path": "::status 200",
                    "id": "fad9fa412b86fcb03bee97c80dcd61f1",
                    "passes": 102826
                }
            },
        "name": "",
        "path": "",
        "id": "d41d8cd98f00b204e9800998ecf8427e"
    },
    "metrics": {
        "iterations": {
            "count": 102826,
            "rate": 426.4097751115441
        },
        "http_req_blocked": {
            "avg": 0.01558459757259825,
            "min": 0.001369,
            "med": 0.004099,
            "max": 336.270091,
            "p(90)": 0.005515,
            "p(95)": 0.0065095
        },
        "http_req_waiting": {
            "avg": 22.254700374700857,
            "min": 0.446509,
            "med": 1.443591,
            "max": 3211.640767,
            "p(90)": 55.8594545,
            "p(95)": 73.24332675
        },
        "http_req_failed": {
            "passes": 0,
            "fails": 102826,
            "value": 0
        },
        "data_sent": {
            "count": 12575558,
            "rate": 52149.65921733977
        },
        "vus": {
            "value": 70,
            "min": 8,
            "max": 500
        },
        "http_req_receiving": {
            "max": 81.210958,
            "p(90)": 0.1064165,
            "p(95)": 0.18640175,
            "avg": 0.11991313722210255,
            "min": 0.014208,
            "med": 0.056975
        },
        "http_req_duration{expected_response:true}": {
            "avg": 22.478309830597542,
            "min": 0.508731,
            "med": 1.5340275,
            "max": 3216.562059,
            "p(90)": 56.014367,
            "p(95)": 73.74266975
        },
        "checks": {
            "passes": 102826,
            "fails": 0,
            "value": 1
        },
        "iteration_duration": {
            "min": 1000.668202,
            "med": 1002.424248,
            "max": 4217.574672,
            "p(90)": 1057.2141824999999,
            "p(95)": 1077.0776349999999,
            "avg": 1023.6962970569726
        },
        "http_req_tls_handshaking": {
            "avg": 0,
            "min": 0,
            "med": 0,
            "max": 0,
            "p(90)": 0,
            "p(95)": 0
        },
        "vus_max": {
            "min": 500,
            "max": 500,
            "value": 500
        },
        "http_req_sending": {
            "p(90)": 0.0295055,
            "p(95)": 0.045861,
            "avg": 0.10369631867426558,
            "min": 0.005239,
            "med": 0.01704,
            "max": 284.045744
        },
        "data_received": {
            "count": 29998291,
            "rate": 124400.0984093581
        },
        "http_reqs": {
            "count": 102826,
            "rate": 426.4097751115441
        },
        "http_req_connecting": {
            "max": 53.932144,
            "p(90)": 0,
            "p(95)": 0,
            "avg": 0.005079363711512652,
            "min": 0,
            "med": 0
        },
        "http_req_duration": {
            "avg": 22.478309830597542,
            "min": 0.508731,
            "med": 1.5340275,
            "max": 3216.562059,
            "p(90)": 56.014367,
            "p(95)": 73.74266975
        }
    }
}