{
    "metrics": {
        "data_received": {
            "count": 38839009,
            "rate": 159115.75486554505
        },
        "http_req_connecting": {
            "min": 0,
            "med": 0,
            "max": 15.625479,
            "p(90)": 0,
            "p(95)": 0,
            "avg": 0.005334589503872813
        },
        "http_req_sending": {
            "min": 0.005715,
            "med": 0.013344,
            "max": 6.429876,
            "p(90)": 0.0214182,
            "p(95)": 0.027225,
            "avg": 0.0166010345956688
        },
        "iterations": {
            "count": 132849,
            "rate": 544.2561348085064
        },
        "checks": {
            "passes": 132849,
            "fails": 0,
            "value": 1
        },
        "http_req_receiving": {
            "med": 0.045944,
            "max": 14.201969,
            "p(90)": 0.07074459999999999,
            "p(95)": 0.11891219999999998,
            "avg": 0.054481770310652856,
            "min": 0.014868
        },
        "http_req_duration{expected_response:true}": {
            "p(90)": 2379.0080826,
            "p(95)": 2592.107117399999,
            "avg": 589.647818851476,
            "min": 0.407919,
            "med": 1.602278,
            "max": 3228.934438
        },
        "iteration_duration": {
            "avg": 1590.2689746387848,
            "min": 1000.539465,
            "med": 1002.383632,
            "max": 4229.429688,
            "p(90)": 3379.688798,
            "p(95)": 3592.8284918
        },
        "http_req_blocked": {
            "avg": 0.00982577372053996,
            "min": 0.00135,
            "med": 0.003454,
            "max": 15.707278,
            "p(90)": 0.004649,
            "p(95)": 0.005546
        },
        "http_req_failed": {
            "passes": 0,
            "fails": 132849,
            "value": 0
        },
        "vus": {
            "value": 32,
            "min": 13,
            "max": 1000
        },
        "http_req_duration": {
            "avg": 589.647818851476,
            "min": 0.407919,
            "med": 1.602278,
            "max": 3228.934438,
            "p(90)": 2379.0080826,
            "p(95)": 2592.107117399999
        },
        "http_req_tls_handshaking": {
            "med": 0,
            "max": 0,
            "p(90)": 0,
            "p(95)": 0,
            "avg": 0,
            "min": 0
        },
        "http_req_waiting": {
            "avg": 589.5767360465729,
            "min": 0.347814,
            "med": 1.530268,
            "max": 3228.880557,
            "p(90)": 2378.932351,
            "p(95)": 2592.0090345999997
        },
        "vus_max": {
            "value": 1000,
            "min": 1000,
            "max": 1000
        },
        "http_reqs": {
            "count": 132849,
            "rate": 544.2561348085064
        },
        "data_sent": {
            "count": 16114422,
            "rate": 66017.60669928386
        }
    },
    "root_group": {
        "name": "",
        "path": "",
        "id": "d41d8cd98f00b204e9800998ecf8427e",
        "groups": {},
        "checks": {
                "status 200": {
                    "name": "status 200",
                    "path": "::status 200",
                    "id": "fad9fa412b86fcb03bee97c80dcd61f1",
                    "passes": 132849,
                    "fails": 0
                }
            }
    }
}