{
    "root_group": {
        "groups": {},
        "checks": {
                "status 200": {
                    "name": "status 200",
                    "path": "::status 200",
                    "id": "fad9fa412b86fcb03bee97c80dcd61f1",
                    "passes": 34651,
                    "fails": 785
                }
            },
        "name": "",
        "path": "",
        "id": "d41d8cd98f00b204e9800998ecf8427e"
    },
    "metrics": {
        "http_req_connecting": {
            "max": 19656.571847,
            "p(90)": 0,
            "p(95)": 0,
            "avg": 23.258005774607792,
            "min": 0,
            "med": 0
        },
        "http_req_duration{expected_response:true}": {
            "p(90)": 52.617281,
            "p(95)": 54.731797,
            "avg": 882.2233675847752,
            "min": 0.264715,
            "med": 1.481614,
            "max": 59989.681962
        },
        "data_sent": {
            "count": 3006576,
            "rate": 11770.821531343143
        },
        "http_req_sending": {
            "min": 0,
            "med": 0.023223,
            "max": 38.520528,
            "p(90)": 0.035663,
            "p(95)": 0.04752675,
            "avg": 0.03460903510554239
        },
        "http_req_waiting": {
            "avg": 1871.6043021619187,
            "min": 0,
            "med": 1.431598,
            "max": 60022.987826,
            "p(90)": 52.858484000000004,
            "p(95)": 57.279129999999995
        },
        "http_req_tls_handshaking": {
            "p(90)": 0,
            "p(95)": 0,
            "avg": 0,
            "min": 0,
            "med": 0,
            "max": 0
        },
        "http_reqs": {
            "count": 35436,
            "rate": 138.73284153957044
        },
        "checks": {
            "passes": 34651,
            "fails": 785,
            "value": 0.9778473868382436
        },
        "iteration_duration": {
            "p(95)": 1063.96371075,
            "avg": 3055.0099628522507,
            "min": 1000.40238,
            "med": 1002.3335065,
            "max": 61056.891503,
            "p(90)": 1054.1225
        },
        "data_received": {
            "count": 9264697,
            "rate": 36271.52446137075
        },
        "iterations": {
            "count": 35436,
            "rate": 138.73284153957044
        },
        "http_req_duration": {
            "avg": 1871.7208561798948,
            "min": 0,
            "med": 1.5410845,
            "max": 60023.030996,
            "p(90)": 52.988106,
            "p(95)": 57.5053445
        },
        "http_req_blocked": {
            "p(90)": 0.006564,
            "p(95)": 0.01952525,
            "avg": 23.26822018145391,
            "min": 0,
            "med": 0.004864500000000001,
            "max": 19656.653397
        },
        "http_req_failed": {
            "passes": 785,
            "fails": 34651,
            "value": 0.022152613161756405
        },
        "vus_max": {
            "max": 500,
            "value": 500,
            "min": 500
        },
        "vus": {
            "value": 50,
            "min": 8,
            "max": 500
        },
        "http_req_receiving": {
            "avg": 0.08194498287052655,
            "min": 0,
            "med": 0.065315,
            "max": 30.071391,
            "p(90)": 0.0924885,
            "p(95)": 0.15503275
        }
    }
}