{
    "root_group": {
        "groups": {},
        "checks": {
                "status 200": {
                    "fails": 0,
                    "name": "status 200",
                    "path": "::status 200",
                    "id": "fad9fa412b86fcb03bee97c80dcd61f1",
                    "passes": 102644
                }
            },
        "name": "",
        "path": "",
        "id": "d41d8cd98f00b204e9800998ecf8427e"
    },
    "metrics": {
        "iteration_duration": {
            "avg": 1025.4167221040734,
            "min": 1000.637415,
            "med": 1002.4850759999999,
            "max": 5597.580172,
            "p(90)": 1057.0199592000001,
            "p(95)": 1075.64001055
        },
        "iterations": {
            "count": 102644,
            "rate": 425.75677606818624
        },
        "http_req_sending": {
            "avg": 0.10602965628775085,
            "min": 0.005437,
            "med": 0.017045,
            "max": 285.921251,
            "p(90)": 0.029932,
            "p(95)": 0.04852419999999989
        },
        "http_req_receiving": {
            "min": 0.013953,
            "med": 0.057236,
            "max": 296.605926,
            "p(90)": 0.10349739999999996,
            "p(95)": 0.1879244999999999,
            "avg": 0.1474347159502752
        },
        "checks": {
            "passes": 102644,
            "fails": 0,
            "value": 1
        },
        "http_req_duration": {
            "avg": 24.03239337364111,
            "min": 0.506159,
            "med": 1.5670985,
            "max": 4585.692347,
            "p(90)": 55.8778309,
            "p(95)": 71.9260876
        },
        "http_req_connecting": {
            "avg": 0.0034537533416468557,
            "min": 0,
            "med": 0,
            "max": 30.029956,
            "p(90)": 0,
            "p(95)": 0
        },
        "data_received": {
            "count": 29929873,
            "rate": 124146.04104097905
        },
        "http_reqs": {
            "count": 102644,
            "rate": 425.75677606818624
        },
        "http_req_failed": {
            "passes": 0,
            "fails": 102644,
            "value": 0
        },
        "http_req_waiting": {
            "avg": 23.778929001402417,
            "min": 0.467862,
            "med": 1.471875,
            "max": 4585.621674,
            "p(90)": 55.7115384,
            "p(95)": 71.2896318
        },
        "data_sent": {
            "count": 12553489,
            "rate": 52070.5838144211
        },
        "http_req_duration{expected_response:true}": {
            "min": 0.506159,
            "med": 1.5670985,
            "max": 4585.692347,
            "p(90)": 55.8778309,
            "p(95)": 71.9260876,
            "avg": 24.03239337364111
        },
        "vus_max": {
            "value": 500,
            "min": 500,
            "max": 500
        },
        "vus": {
            "value": 75,
            "min": 8,
            "max": 500
        },
        "http_req_blocked": {
            "avg": 0.010475990998012708,
            "min": 0.00133,
            "med": 0.004119,
            "max": 31.634008,
            "p(90)": 0.005581,
            "p(95)": 0.0066706999999999825
        },
        "http_req_tls_handshaking": {
            "avg": 0,
            "min": 0,
            "med": 0,
            "max": 0,
            "p(90)": 0,
            "p(95)": 0
        }
    }
}