{
    "root_group": {
        "id": "d41d8cd98f00b204e9800998ecf8427e",
        "groups": {},
        "checks": {
                "status 200": {
                    "id": "fad9fa412b86fcb03bee97c80dcd61f1",
                    "passes": 131511,
                    "fails": 0,
                    "name": "status 200",
                    "path": "::status 200"
                }
            },
        "name": "",
        "path": ""
    },
    "metrics": {
        "http_req_duration{expected_response:true}": {
            "max": 3328.444026,
            "p(90)": 2528.918207,
            "p(95)": 2815.7764635000003,
            "avg": 604.8340967488722,
            "min": 0.412505,
            "med": 1.656394
        },
        "http_req_waiting": {
            "min": 0.365482,
            "med": 1.580903,
            "max": 3328.385515,
            "p(90)": 2528.85104,
            "p(95)": 2815.69618,
            "avg": 604.7639211327353
        },
        "checks": {
            "passes": 131511,
            "fails": 0,
            "value": 1
        },
        "http_req_failed": {
            "passes": 0,
            "fails": 131511,
            "value": 0
        },
        "http_req_duration": {
            "p(95)": 2815.7764635000003,
            "avg": 604.8340967488722,
            "min": 0.412505,
            "med": 1.656394,
            "max": 3328.444026,
            "p(90)": 2528.918207
        },
        "http_req_blocked": {
            "avg": 0.009898008524001927,
            "min": 0.001508,
            "med": 0.003436,
            "max": 15.180435,
            "p(90)": 0.004642,
            "p(95)": 0.0054795
        },
        "http_req_receiving": {
            "avg": 0.05362644917915634,
            "min": 0.013788,
            "med": 0.046113,
            "max": 8.081258,
            "p(90)": 0.070398,
            "p(95)": 0.114107
        },
        "data_received": {
            "count": 38435256,
            "rate": 157757.48894307952
        },
        "iterations": {
            "count": 131511,
            "rate": 539.7868334321314
        },
        "http_req_connecting": {
            "p(95)": 0,
            "avg": 0.005458283147417323,
            "min": 0,
            "med": 0,
            "max": 15.099456,
            "p(90)": 0
        },
        "http_req_sending": {
            "p(90)": 0.021747,
            "p(95)": 0.027200000000000002,
            "avg": 0.01654916695941819,
            "min": 0.005514,
            "med": 0.013503,
            "max": 3.450894
        },
        "iteration_duration": {
            "max": 4329.344032,
            "p(90)": 3529.630711,
            "p(95)": 3816.3069514999997,
            "avg": 1605.441144633056,
            "min": 1000.508194,
            "med": 1002.407281
        },
        "vus_max": {
            "value": 1000,
            "min": 1000,
            "max": 1000
        },
        "http_reqs": {
            "count": 131511,
            "rate": 539.7868334321314
        },
        "http_req_tls_handshaking": {
            "p(90)": 0,
            "p(95)": 0,
            "avg": 0,
            "min": 0,
            "med": 0,
            "max": 0
        },
        "vus": {
            "value": 85,
            "min": 13,
            "max": 1000
        },
        "data_sent": {
            "count": 15952375,
            "rate": 65476.51517342198
        }
    }
}