{
    "metrics": {
        "http_req_connecting": {
            "p(90)": 0,
            "p(95)": 0,
            "avg": 0.00386684238411884,
            "min": 0,
            "med": 0,
            "max": 15.668563
        },
        "http_reqs": {
            "count": 102864,
            "rate": 426.72946985986744
        },
        "http_req_duration": {
            "med": 1.493064,
            "max": 4799.451411,
            "p(90)": 55.1103792,
            "p(95)": 65.49837839999996,
            "avg": 22.076975935409806,
            "min": 0.524334
        },
        "http_req_duration{expected_response:true}": {
            "p(90)": 55.1103792,
            "p(95)": 65.49837839999996,
            "avg": 22.076975935409806,
            "min": 0.524334,
            "med": 1.493064,
            "max": 4799.451411
        },
        "http_req_waiting": {
            "avg": 21.93181179644946,
            "min": 0.470736,
            "med": 1.4067995,
            "max": 4799.392642,
            "p(90)": 55.00373869999999,
            "p(95)": 65.19002549999999
        },
        "iteration_duration": {
            "p(90)": 1056.0434026,
            "p(95)": 1068.2165722,
            "avg": 1023.2134694277324,
            "min": 1000.672749,
            "med": 1002.3681415000001,
            "max": 5800.135711
        },
        "iterations": {
            "count": 102864,
            "rate": 426.72946985986744
        },
        "data_received": {
            "count": 29999239,
            "rate": 124451.30808319198
        },
        "http_req_blocked": {
            "max": 174.461903,
            "p(90)": 0.005385,
            "p(95)": 0.006270849999999991,
            "avg": 0.013673281731218184,
            "min": 0.001451,
            "med": 0.004033
        },
        "http_req_receiving": {
            "med": 0.055496,
            "max": 100.117535,
            "p(90)": 0.09354769999999997,
            "p(95)": 0.17358749999999992,
            "avg": 0.08870252012365795,
            "min": 0.013712
        },
        "http_req_failed": {
            "passes": 0,
            "fails": 102864,
            "value": 0
        },
        "vus_max": {
            "min": 500,
            "max": 500,
            "value": 500
        },
        "data_sent": {
            "count": 12580319,
            "rate": 52189.22905523816
        },
        "http_req_tls_handshaking": {
            "min": 0,
            "med": 0,
            "max": 0,
            "p(90)": 0,
            "p(95)": 0,
            "avg": 0
        },
        "http_req_sending": {
            "avg": 0.056461618836522065,
            "min": 0.00572,
            "med": 0.016752,
            "max": 150.208272,
            "p(90)": 0.028561,
            "p(95)": 0.03972469999999999
        },
        "checks": {
            "passes": 102864,
            "fails": 0,
            "value": 1
        },
        "vus": {
            "value": 75,
            "min": 8,
            "max": 500
        }
    },
    "root_group": {
        "name": "",
        "path": "",
        "id": "d41d8cd98f00b204e9800998ecf8427e",
        "groups": {},
        "checks": {
                "status 200": {
                    "fails": 0,
                    "name": "status 200",
                    "path": "::status 200",
                    "id": "fad9fa412b86fcb03bee97c80dcd61f1",
                    "passes": 102864
                }
            }
    }
}