{
    "root_group": {
        "name": "",
        "path": "",
        "id": "d41d8cd98f00b204e9800998ecf8427e",
        "groups": {},
        "checks": {
                "status 200": {
                    "name": "status 200",
                    "path": "::status 200",
                    "id": "fad9fa412b86fcb03bee97c80dcd61f1",
                    "passes": 20687,
                    "fails": 0
                }
            }
    },
    "metrics": {
        "http_req_connecting": {
            "min": 0,
            "med": 0,
            "max": 7.394458,
            "p(90)": 0,
            "p(95)": 0,
            "avg": 0.0030709898970367852
        },
        "vus_max": {
            "value": 100,
            "min": 100,
            "max": 100
        },
        "http_reqs": {
            "rate": 85.82507925847702,
            "count": 20687
        },
        "iterations": {
            "count": 20687,
            "rate": 85.82507925847702
        },
        "http_req_blocked": {
            "med": 0.004683,
            "max": 12.982758,
            "p(90)": 0.005967,
            "p(95)": 0.006732500000000004,
            "avg": 0.009377136655870835,
            "min": 0.001656
        },
        "http_req_receiving": {
            "avg": 0.07273413423889417,
            "min": 0.017788,
            "med": 0.066547,
            "max": 11.354669,
            "p(90)": 0.0882016,
            "p(95)": 0.10110090000000002
        },
        "data_received": {
            "count": 6028576,
            "rate": 25011.022043590292
        },
        "data_sent": {
            "rate": 10496.485604584423,
            "count": 2530039
        },
        "http_req_sending": {
            "min": 0.006453,
            "med": 0.024828,
            "max": 3.751682,
            "p(90)": 0.03177540000000001,
            "p(95)": 0.039644500000000006,
            "avg": 0.02635768004060519
        },
        "iteration_duration": {
            "p(90)": 1052.6746928,
            "p(95)": 1053.1796550000001,
            "avg": 1017.4442777386248,
            "min": 1000.75639,
            "med": 1002.356874,
            "max": 1098.312236
        },
        "http_req_failed": {
            "passes": 0,
            "fails": 20687,
            "value": 0
        },
        "http_req_tls_handshaking": {
            "p(95)": 0,
            "avg": 0,
            "min": 0,
            "med": 0,
            "max": 0,
            "p(90)": 0
        },
        "http_req_waiting": {
            "p(90)": 51.680697,
            "p(95)": 52.1664619,
            "avg": 16.571857843379938,
            "min": 0.485329,
            "med": 1.387283,
            "max": 94.310409
        },
        "checks": {
            "passes": 20687,
            "fails": 0,
            "value": 1
        },
        "vus": {
            "value": 4,
            "min": 2,
            "max": 100
        },
        "http_req_duration": {
            "p(95)": 52.2781624,
            "avg": 16.670949657659424,
            "min": 0.54119,
            "med": 1.479987,
            "max": 94.386562,
            "p(90)": 51.7872246
        },
        "http_req_duration{expected_response:true}": {
            "avg": 16.670949657659424,
            "min": 0.54119,
            "med": 1.479987,
            "max": 94.386562,
            "p(90)": 51.7872246,
            "p(95)": 52.2781624
        }
    }
}