{
    "root_group": {
        "path": "",
        "id": "d41d8cd98f00b204e9800998ecf8427e",
        "groups": {},
        "checks": {
                "status 200": {
                    "name": "status 200",
                    "path": "::status 200",
                    "id": "fad9fa412b86fcb03bee97c80dcd61f1",
                    "passes": 35771,
                    "fails": 10511
                }
            },
        "name": ""
    },
    "metrics": {
        "checks": {
            "passes": 35771,
            "fails": 10511,
            "value": 0.7728922691327081
        },
        "http_req_failed": {
            "passes": 10511,
            "fails": 35771,
            "value": 0.22710773086729183
        },
        "http_reqs": {
            "rate": 171.4108931132444,
            "count": 46282
        },
        "http_req_duration{expected_response:true}": {
            "p(90)": 52.758816,
            "p(95)": 55.790301,
            "avg": 920.7389647325774,
            "min": 0.219372,
            "med": 1.491134,
            "max": 59864.233672
        },
        "http_req_receiving": {
            "min": 0,
            "med": 0.0610535,
            "max": 26.994135,
            "p(90)": 0.08844780000000001,
            "p(95)": 0.10431094999999994,
            "avg": 0.06471720588997851
        },
        "http_req_tls_handshaking": {
            "avg": 0,
            "min": 0,
            "med": 0,
            "max": 0,
            "p(90)": 0,
            "p(95)": 0
        },
        "vus": {
            "value": 82,
            "min": 19,
            "max": 2000
        },
        "data_received": {
            "count": 9551571,
            "rate": 35375.37953728372
        },
        "http_req_waiting": {
            "p(95)": 7920.684304899993,
            "avg": 2522.4684891267575,
            "min": 0,
            "med": 0.4581965,
            "max": 60001.147936,
            "p(90)": 53.069316300000004
        },
        "http_req_blocked": {
            "avg": 256.65630170230276,
            "min": 0,
            "med": 0.004855,
            "max": 19750.662535,
            "p(90)": 0.007367800000000003,
            "p(95)": 0.35508914999999996
        },
        "vus_max": {
            "value": 2000,
            "min": 2000,
            "max": 2000
        },
        "http_req_connecting": {
            "p(90)": 0,
            "p(95)": 0.27235319999999913,
            "avg": 256.6464333488396,
            "min": 0,
            "med": 0,
            "max": 19750.624814
        },
        "data_sent": {
            "count": 3178110,
            "rate": 11770.508480880973
        },
        "iteration_duration": {
            "max": 61008.316573,
            "p(90)": 31001.905579,
            "p(95)": 31007.821872,
            "avg": 9554.530957968576,
            "min": 1000.34832,
            "med": 1004.938428
        },
        "iterations": {
            "count": 46213,
            "rate": 171.15534340439834
        },
        "http_req_duration": {
            "med": 0.5591885,
            "max": 60001.202252,
            "p(90)": 53.1984422,
            "p(95)": 7920.9113082499925,
            "avg": 2522.574892096266,
            "min": 0
        },
        "http_req_sending": {
            "avg": 0.04168576357979333,
            "min": 0,
            "med": 0.0210495,
            "max": 38.986559,
            "p(90)": 0.04063080000000002,
            "p(95)": 0.0959184999999998
        }
    }
}