{
    "metrics": {
        "http_req_tls_handshaking": {
            "avg": 0,
            "min": 0,
            "med": 0,
            "max": 0,
            "p(90)": 0,
            "p(95)": 0
        },
        "vus": {
            "max": 2000,
            "value": 45,
            "min": 19
        },
        "http_req_duration{expected_response:true}": {
            "med": 1.401688,
            "max": 59340.587506,
            "p(90)": 52.698011,
            "p(95)": 55.679618399999995,
            "avg": 875.3300935370308,
            "min": 0.23287
        },
        "iterations": {
            "rate": 170.62644367497873,
            "count": 46070
        },
        "http_req_blocked": {
            "avg": 276.92899318676234,
            "min": 0,
            "med": 0.004263,
            "max": 19752.258033,
            "p(90)": 0.010949800000000003,
            "p(95)": 0.395721799999998
        },
        "http_req_connecting": {
            "min": 0,
            "med": 0,
            "max": 19752.098856,
            "p(90)": 0,
            "p(95)": 0.30861144999999957,
            "avg": 276.92064101535425
        },
        "http_req_sending": {
            "avg": 0.03470270610686998,
            "min": 0,
            "med": 0.020635,
            "max": 6.320746,
            "p(90)": 0.043565900000000005,
            "p(95)": 0.07985549999999997
        },
        "data_sent": {
            "count": 3169577,
            "rate": 11738.954883091124
        },
        "http_reqs": {
            "count": 46112,
            "rate": 170.78199632603906
        },
        "http_req_duration": {
            "avg": 2548.0606891261586,
            "min": 0,
            "med": 0.5238955000000001,
            "max": 60004.75158,
            "p(90)": 53.2368752,
            "p(95)": 8855.64085064993
        },
        "iteration_duration": {
            "avg": 9605.090998492527,
            "min": 1000.365439,
            "med": 1004.443599,
            "max": 61011.130359,
            "p(90)": 31001.8311119,
            "p(95)": 31002.76369365
        },
        "data_received": {
            "count": 9514713,
            "rate": 35239.01979114582
        },
        "http_req_receiving": {
            "avg": 0.060064339889833895,
            "min": 0,
            "med": 0.0658275,
            "max": 10.252334,
            "p(90)": 0.09366189999999999,
            "p(95)": 0.10411535
        },
        "vus_max": {
            "value": 2000,
            "min": 2000,
            "max": 2000
        },
        "http_req_waiting": {
            "max": 60004.659633,
            "p(90)": 53.1230624,
            "p(95)": 8855.10103379993,
            "avg": 2547.965922080174,
            "min": 0,
            "med": 0.42145900000000003
        },
        "checks": {
            "passes": 35605,
            "fails": 10507,
            "value": 0.7721417418459403
        },
        "http_req_failed": {
            "passes": 10507,
            "fails": 35605,
            "value": 0.2278582581540597
        }
    },
    "root_group": {
        "name": "",
        "path": "",
        "id": "d41d8cd98f00b204e9800998ecf8427e",
        "groups": {},
        "checks": {
                "status 200": {
                    "name": "status 200",
                    "path": "::status 200",
                    "id": "fad9fa412b86fcb03bee97c80dcd61f1",
                    "passes": 35605,
                    "fails": 10507
                }
            }
    }
}