{
    "metrics": {
        "http_req_tls_handshaking": {
            "p(95)": 0,
            "avg": 0,
            "min": 0,
            "med": 0,
            "max": 0,
            "p(90)": 0
        },
        "data_sent": {
            "count": 3118736,
            "rate": 11629.258156121072
        },
        "http_req_blocked": {
            "avg": 225.77980401200696,
            "min": 0,
            "med": 0.004578,
            "max": 19748.064535,
            "p(90)": 0.006612,
            "p(95)": 0.29530555000000025
        },
        "iterations": {
            "count": 39308,
            "rate": 146.57312436859263
        },
        "data_received": {
            "count": 9468293,
            "rate": 35305.72116228948
        },
        "http_req_failed": {
            "passes": 3845,
            "fails": 35463,
            "value": 0.09781723822122723
        },
        "checks": {
            "fails": 3845,
            "passes": 35463,
            "value": 0.9021827617787728
        },
        "vus": {
            "max": 1000,
            "value": 8,
            "min": 8
        },
        "http_req_duration{expected_response:true}": {
            "max": 55668.819956,
            "p(90)": 52.6652586,
            "p(95)": 54.978952500000005,
            "avg": 768.8102912097117,
            "min": 0.240428,
            "med": 1.467873
        },
        "http_req_sending": {
            "avg": 0.02871382451409377,
            "min": 0,
            "med": 0.020373,
            "max": 16.865351,
            "p(90)": 0.03334590000000001,
            "p(95)": 0.0514198500000001
        },
        "vus_max": {
            "value": 1000,
            "min": 1000,
            "max": 1000
        },
        "iteration_duration": {
            "p(95)": 31002.13762685,
            "avg": 5579.801730431884,
            "min": 1000.373784,
            "med": 1002.7083305000001,
            "max": 61023.208835,
            "p(90)": 31001.001493
        },
        "http_req_receiving": {
            "min": 0,
            "med": 0.0560475,
            "max": 17.738554,
            "p(90)": 0.0793556,
            "p(95)": 0.09075185000000001,
            "avg": 0.06059654719141156
        },
        "http_req_connecting": {
            "p(90)": 0,
            "p(95)": 0.23382705000000006,
            "avg": 225.77047103986445,
            "min": 0,
            "med": 0,
            "max": 19748.015204
        },
        "http_reqs": {
            "count": 39308,
            "rate": 146.57312436859263
        },
        "http_req_duration": {
            "p(95)": 2721.4669031500043,
            "avg": 2256.697252808492,
            "min": 0,
            "med": 1.103492,
            "max": 60014.584317,
            "p(90)": 53.46117490000002
        },
        "http_req_waiting": {
            "p(95)": 2721.1019555000053,
            "avg": 2256.607942436787,
            "min": 0,
            "med": 1.0157645,
            "max": 60014.544455,
            "p(90)": 53.374402100000005
        }
    },
    "root_group": {
        "id": "d41d8cd98f00b204e9800998ecf8427e",
        "groups": {},
        "checks": {
                "status 200": {
                    "passes": 35463,
                    "fails": 3845,
                    "name": "status 200",
                    "path": "::status 200",
                    "id": "fad9fa412b86fcb03bee97c80dcd61f1"
                }
            },
        "name": "",
        "path": ""
    }
}