{
    "metrics": {
        "checks": {
            "passes": 35449,
            "fails": 3851,
            "value": 0.9020101781170483
        },
        "http_req_duration": {
            "med": 1.064081,
            "max": 60009.28043,
            "p(90)": 53.3945523,
            "p(95)": 2988.5138301499933,
            "avg": 2251.412588088186,
            "min": 0
        },
        "http_req_blocked": {
            "min": 0,
            "med": 0.005013,
            "max": 19750.870044,
            "p(90)": 0.007303099999999998,
            "p(95)": 0.2971899499999978,
            "avg": 231.48085484119648
        },
        "http_req_tls_handshaking": {
            "avg": 0,
            "min": 0,
            "med": 0,
            "max": 0,
            "p(90)": 0,
            "p(95)": 0
        },
        "vus": {
            "value": 5,
            "min": 5,
            "max": 1000
        },
        "data_sent": {
            "count": 3118037,
            "rate": 11564.400558817792
        },
        "http_req_failed": {
            "passes": 3851,
            "fails": 35449,
            "value": 0.09798982188295165
        },
        "http_req_waiting": {
            "p(90)": 53.2872766,
            "p(95)": 2988.3363354999938,
            "avg": 2251.3146359522525,
            "min": 0,
            "med": 0.9515215,
            "max": 60009.207268
        },
        "iteration_duration": {
            "med": 1002.761933,
            "max": 61021.257739,
            "p(90)": 31001.058790900002,
            "p(95)": 31002.190926350002,
            "avg": 5579.920820773444,
            "min": 1000.354205
        },
        "http_req_connecting": {
            "avg": 231.4710488287275,
            "min": 0,
            "med": 0,
            "max": 19750.830005,
            "p(90)": 0,
            "p(95)": 0.22836104999999896
        },
        "http_req_receiving": {
            "p(90)": 0.088532,
            "p(95)": 0.10208714999999989,
            "avg": 0.06735483956742984,
            "min": 0,
            "med": 0.063984,
            "max": 15.510947
        },
        "http_req_duration{expected_response:true}": {
            "max": 55471.687699,
            "p(90)": 52.6505174,
            "p(95)": 54.899093,
            "avg": 762.5848587230672,
            "min": 0.21745,
            "med": 1.438027
        },
        "data_received": {
            "count": 9471616,
            "rate": 35129.012697189784
        },
        "vus_max": {
            "value": 1000,
            "min": 1000,
            "max": 1000
        },
        "http_reqs": {
            "count": 39300,
            "rate": 145.75867507715245
        },
        "http_req_sending": {
            "avg": 0.03059729633587766,
            "min": 0,
            "med": 0.0224935,
            "max": 9.370574,
            "p(90)": 0.039107499999999996,
            "p(95)": 0.06561904999999973
        },
        "iterations": {
            "count": 39300,
            "rate": 145.75867507715245
        }
    },
    "root_group": {
        "checks": {
            "status 200": {
                "passes": 35449,
                "fails": 3851,
                "name": "status 200",
                "path": "::status 200",
                "id": "fad9fa412b86fcb03bee97c80dcd61f1"
            }
        },
        "name": "",
        "path": "",
        "id": "d41d8cd98f00b204e9800998ecf8427e",
        "groups": {}
    }
}