{
    "metrics": {
        "http_req_tls_handshaking": {
            "med": 0,
            "max": 0,
            "p(90)": 0,
            "p(95)": 0,
            "avg": 0,
            "min": 0
        },
        "http_req_sending": {
            "avg": 0.06076631245794193,
            "min": 0,
            "med": 0.021254,
            "max": 119.280885,
            "p(90)": 0.040799800000000004,
            "p(95)": 0.09819199999999977
        },
        "http_reqs": {
            "count": 46067,
            "rate": 170.61473853382054
        },
        "http_req_failed": {
            "passes": 10415,
            "fails": 35652,
            "value": 0.22608374758503919
        },
        "http_req_connecting": {
            "avg": 283.61960180929924,
            "min": 0,
            "med": 0,
            "max": 19774.803976,
            "p(90)": 0,
            "p(95)": 0.3336147999999999
        },
        "http_req_duration": {
            "avg": 2639.1201453945537,
            "min": 0,
            "med": 0.631333,
            "max": 60017.097164,
            "p(90)": 53.5691544,
            "p(95)": 14958.644817399998
        },
        "vus": {
            "value": 54,
            "min": 17,
            "max": 2000
        },
        "http_req_receiving": {
            "p(90)": 0.096764,
            "p(95)": 0.1819182999999999,
            "avg": 0.07952871400351609,
            "min": 0,
            "med": 0.062274,
            "max": 77.185126
        },
        "vus_max": {
            "value": 2000,
            "min": 2000,
            "max": 2000
        },
        "data_received": {
            "count": 9535374,
            "rate": 35315.417583784285
        },
        "iteration_duration": {
            "avg": 9605.21646762136,
            "min": 1000.38828,
            "med": 1005.1402585000001,
            "max": 61045.930687,
            "p(90)": 31001.9567342,
            "p(95)": 31018.1205719
        },
        "iterations": {
            "count": 46018,
            "rate": 170.43326107298836
        },
        "http_req_blocked": {
            "avg": 283.6313161493694,
            "min": 0,
            "med": 0.004752,
            "max": 19774.842809,
            "p(90)": 0.007317400000000001,
            "p(95)": 0.4185062999999987
        },
        "data_sent": {
            "count": 3178144,
            "rate": 11770.642924063442
        },
        "http_req_waiting": {
            "p(95)": 14958.475718899997,
            "avg": 2638.9798503680913,
            "min": 0,
            "med": 0.524285,
            "max": 60016.925281,
            "p(90)": 53.4289264
        },
        "checks": {
            "passes": 35652,
            "fails": 10415,
            "value": 0.7739162524149609
        },
        "http_req_duration{expected_response:true}": {
            "p(95)": 56.129509,
            "avg": 891.6256723756311,
            "min": 0.248102,
            "med": 1.572915,
            "max": 59493.982185,
            "p(90)": 52.8327978
        }
    },
    "root_group": {
        "name": "",
        "path": "",
        "id": "d41d8cd98f00b204e9800998ecf8427e",
        "groups": {},
        "checks": {
                "status 200": {
                    "fails": 10415,
                    "name": "status 200",
                    "path": "::status 200",
                    "id": "fad9fa412b86fcb03bee97c80dcd61f1",
                    "passes": 35652
                }
            }
    }
}