{
    "root_group": {
        "path": "",
        "id": "d41d8cd98f00b204e9800998ecf8427e",
        "groups": {},
        "checks": {
                "status 200": {
                    "passes": 102534,
                    "fails": 0,
                    "name": "status 200",
                    "path": "::status 200",
                    "id": "fad9fa412b86fcb03bee97c80dcd61f1"
                }
            },
        "name": ""
    },
    "metrics": {
        "iteration_duration": {
            "med": 1002.374398,
            "max": 3872.963291,
            "p(90)": 1056.8148815999998,
            "p(95)": 1075.6297264999998,
            "avg": 1026.3460657856804,
            "min": 1000.652693
        },
        "http_req_failed": {
            "passes": 0,
            "fails": 102534,
            "value": 0
        },
        "http_req_connecting": {
            "avg": 0.025393817338638887,
            "min": 0,
            "med": 0,
            "max": 597.314539,
            "p(90)": 0,
            "p(95)": 0
        },
        "http_req_duration": {
            "avg": 24.009123999268425,
            "min": 0.520951,
            "med": 1.499679,
            "max": 2697.156467,
            "p(90)": 55.757474699999996,
            "p(95)": 72.27383949999997
        },
        "http_req_duration{expected_response:true}": {
            "min": 0.520951,
            "med": 1.499679,
            "max": 2697.156467,
            "p(90)": 55.757474699999996,
            "p(95)": 72.27383949999997,
            "avg": 24.009123999268425
        },
        "vus": {
            "value": 55,
            "min": 8,
            "max": 500
        },
        "http_req_sending": {
            "avg": 0.2673847514190388,
            "min": 0.005523,
            "med": 0.016771,
            "max": 572.515051,
            "p(90)": 0.028861699999999997,
            "p(95)": 0.04175839999999979
        },
        "http_req_waiting": {
            "p(90)": 55.6365965,
            "p(95)": 72.03475054999991,
            "avg": 23.647448021846643,
            "min": 0.471886,
            "med": 1.411688,
            "max": 2628.825616
        },
        "iterations": {
            "count": 102534,
            "rate": 425.38640509449164
        },
        "vus_max": {
            "value": 500,
            "min": 500,
            "max": 500
        },
        "http_req_tls_handshaking": {
            "p(90)": 0,
            "p(95)": 0,
            "avg": 0,
            "min": 0,
            "med": 0,
            "max": 0
        },
        "checks": {
            "passes": 102534,
            "fails": 0,
            "value": 1
        },
        "data_received": {
            "count": 29916860,
            "rate": 124117.12726622577
        },
        "http_reqs": {
            "count": 102534,
            "rate": 425.38640509449164
        },
        "http_req_receiving": {
            "avg": 0.09429122600308153,
            "min": 0.01406,
            "med": 0.055997,
            "max": 166.96751,
            "p(90)": 0.09732689999999998,
            "p(95)": 0.1777287
        },
        "data_sent": {
            "count": 12539734,
            "rate": 52024.03463340131
        },
        "http_req_blocked": {
            "avg": 0.04060210497981134,
            "min": 0.001462,
            "med": 0.004066,
            "max": 597.427961,
            "p(90)": 0.005459,
            "p(95)": 0.006416
        }
    }
}