{
    "root_group": {
        "groups": {},
        "checks": {
                "status 200": {
                    "name": "status 200",
                    "path": "::status 200",
                    "id": "fad9fa412b86fcb03bee97c80dcd61f1",
                    "passes": 189618,
                    "fails": 22585
                }
            },
        "name": "",
        "path": "",
        "id": "d41d8cd98f00b204e9800998ecf8427e"
    },
    "metrics": {
        "http_req_duration{expected_response:true}": {
            "max": 5689.168425,
            "p(90)": 5382.5100867,
            "p(95)": 5393.93891275,
            "avg": 1116.9272224112951,
            "min": 0.486114,
            "med": 1.3930625
        },
        "http_req_connecting": {
            "p(95)": 0,
            "avg": 0.008853106049396087,
            "min": 0,
            "med": 0,
            "max": 45.301529,
            "p(90)": 0
        },
        "http_req_receiving": {
            "p(95)": 0.24302639999999995,
            "avg": 0.09439833375117394,
            "min": 0.012817,
            "med": 0.052,
            "max": 44.200129,
            "p(90)": 0.1745710000000001
        },
        "http_req_failed": {
            "passes": 22585,
            "fails": 189618,
            "value": 0.10643110606353351
        },
        "vus": {
            "value": 173,
            "min": 17,
            "max": 2000
        },
        "http_reqs": {
            "count": 212203,
            "rate": 861.1504719289244
        },
        "http_req_duration": {
            "max": 5689.168425,
            "p(90)": 5379.6941932,
            "p(95)": 5392.4753188,
            "avg": 998.5763650753437,
            "min": 0.419423,
            "med": 1.382229
        },
        "data_received": {
            "count": 63217205,
            "rate": 256544.5630824143
        },
        "iteration_duration": {
            "avg": 1999.4282877946982,
            "min": 1000.594376,
            "med": 1002.108858,
            "max": 6689.387613,
            "p(90)": 6380.5224778,
            "p(95)": 6393.3784341
        },
        "http_req_tls_handshaking": {
            "max": 0,
            "p(90)": 0,
            "p(95)": 0,
            "avg": 0,
            "min": 0,
            "med": 0
        },
        "http_req_blocked": {
            "max": 45.664998,
            "p(90)": 0.005647,
            "p(95)": 0.007759,
            "avg": 0.016122184577975127,
            "min": 0.001333,
            "med": 0.003924
        },
        "http_req_waiting": {
            "min": 0.36725,
            "med": 1.282362,
            "max": 5689.074938,
            "p(90)": 5379.5296208,
            "p(95)": 5392.307717299999,
            "avg": 998.437507477313
        },
        "vus_max": {
            "value": 2000,
            "min": 2000,
            "max": 2000
        },
        "data_sent": {
            "count": 25952660,
            "rate": 105319.6486704284
        },
        "http_req_sending": {
            "p(95)": 0.12048159999999998,
            "avg": 0.04445926428938406,
            "min": 0.005327,
            "med": 0.015998,
            "max": 37.480164,
            "p(90)": 0.04538520000000007
        },
        "checks": {
            "passes": 189618,
            "fails": 22585,
            "value": 0.8935688939364665
        },
        "iterations": {
            "count": 212203,
            "rate": 861.1504719289244
        }
    }
}