{
    "root_group": {
        "name": "",
        "path": "",
        "id": "d41d8cd98f00b204e9800998ecf8427e",
        "groups": {},
        "checks": {
                "status 200": {
                    "path": "::status 200",
                    "id": "fad9fa412b86fcb03bee97c80dcd61f1",
                    "passes": 34670,
                    "fails": 783,
                    "name": "status 200"
                }
            }
    },
    "metrics": {
        "data_sent": {
            "count": 3008026,
            "rate": 11781.325777909002
        },
        "data_received": {
            "count": 9270899,
            "rate": 36310.68394125941
        },
        "http_req_receiving": {
            "avg": 0.07500954432629081,
            "min": 0,
            "med": 0.064615,
            "max": 9.288007,
            "p(90)": 0.09568919999999999,
            "p(95)": 0.15577380000000027
        },
        "iteration_duration": {
            "max": 61014.207182,
            "p(90)": 1053.8806738,
            "p(95)": 1057.7440022,
            "avg": 3052.5167869530965,
            "min": 1000.459947,
            "med": 1002.32815
        },
        "http_req_connecting": {
            "max": 19735.095337,
            "p(90)": 0,
            "p(95)": 0,
            "avg": 27.124215884777026,
            "min": 0,
            "med": 0
        },
        "http_req_duration": {
            "p(95)": 55.69753560000001,
            "avg": 1865.5125160426876,
            "min": 0,
            "med": 1.515804,
            "max": 60009.549231,
            "p(90)": 52.804212
        },
        "http_req_tls_handshaking": {
            "avg": 0,
            "min": 0,
            "med": 0,
            "max": 0,
            "p(90)": 0,
            "p(95)": 0
        },
        "http_req_blocked": {
            "p(95)": 0.022392400000000017,
            "avg": 27.1331006264632,
            "min": 0,
            "med": 0.004805,
            "max": 19735.161546,
            "p(90)": 0.0065958
        },
        "checks": {
            "passes": 34670,
            "fails": 783,
            "value": 0.9779144219106987
        },
        "vus_max": {
            "value": 500,
            "min": 500,
            "max": 500
        },
        "http_req_duration{expected_response:true}": {
            "max": 59988.527668,
            "p(90)": 52.5752637,
            "p(95)": 54.33280265,
            "avg": 879.3545520416471,
            "min": 0.304227,
            "med": 1.460521
        },
        "http_req_failed": {
            "passes": 783,
            "fails": 34670,
            "value": 0.02208557808930133
        },
        "http_req_waiting": {
            "max": 60009.508555,
            "p(90)": 52.6906018,
            "p(95)": 55.579666800000005,
            "avg": 1865.4093458967468,
            "min": 0,
            "med": 1.406552
        },
        "iterations": {
            "count": 35453,
            "rate": 138.8562940626869
        },
        "vus": {
            "value": 50,
            "min": 8,
            "max": 500
        },
        "http_reqs": {
            "count": 35453,
            "rate": 138.8562940626869
        },
        "http_req_sending": {
            "med": 0.023191,
            "max": 4.765303,
            "p(90)": 0.037142999999999995,
            "p(95)": 0.04923700000000002,
            "avg": 0.028160601641610085,
            "min": 0
        }
    }
}