{
    "root_group": {
        "path": "",
        "id": "d41d8cd98f00b204e9800998ecf8427e",
        "groups": {},
        "checks": {
                "status 200": {
                    "path": "::status 200",
                    "id": "fad9fa412b86fcb03bee97c80dcd61f1",
                    "passes": 20687,
                    "fails": 0,
                    "name": "status 200"
                }
            },
        "name": ""
    },
    "metrics": {
        "checks": {
            "fails": 0,
            "passes": 20687,
            "value": 1
        },
        "http_req_waiting": {
            "min": 0.475097,
            "med": 1.416318,
            "max": 150.87564,
            "p(90)": 51.741481,
            "p(95)": 52.285564900000004,
            "avg": 16.53115356446086
        },
        "http_reqs": {
            "count": 20687,
            "rate": 85.84396626136771
        },
        "http_req_sending": {
            "avg": 0.028704495383574415,
            "min": 0.006762,
            "med": 0.024854,
            "max": 15.712281,
            "p(90)": 0.03207140000000001,
            "p(95)": 0.04060180000000001
        },
        "data_received": {
            "count": 6035361,
            "rate": 25044.681493651788
        },
        "http_req_duration": {
            "min": 0.528796,
            "med": 1.512515,
            "max": 166.663897,
            "p(90)": 51.8525326,
            "p(95)": 52.409908900000005,
            "avg": 16.64408318968436
        },
        "http_req_failed": {
            "passes": 0,
            "fails": 20687,
            "value": 0
        },
        "vus_max": {
            "value": 100,
            "min": 100,
            "max": 100
        },
        "iteration_duration": {
            "p(90)": 1052.7296056,
            "p(95)": 1053.3034143999998,
            "avg": 1017.4720705395637,
            "min": 1000.703073,
            "med": 1002.401978,
            "max": 1198.971534
        },
        "data_sent": {
            "count": 2529963,
            "rate": 10498.480128317718
        },
        "iterations": {
            "count": 20687,
            "rate": 85.84396626136771
        },
        "http_req_connecting": {
            "max": 7.645064,
            "p(90)": 0,
            "p(95)": 0,
            "avg": 0.00299201561367042,
            "min": 0,
            "med": 0
        },
        "http_req_blocked": {
            "p(90)": 0.006026400000000001,
            "p(95)": 0.006850700000000001,
            "avg": 0.009367167786532639,
            "min": 0.001483,
            "med": 0.004682,
            "max": 7.736808
        },
        "vus": {
            "value": 1,
            "min": 1,
            "max": 100
        },
        "http_req_receiving": {
            "p(90)": 0.08982160000000002,
            "p(95)": 0.10506560000000001,
            "avg": 0.08422512983999629,
            "min": 0.017988,
            "med": 0.067355,
            "max": 72.988425
        },
        "http_req_tls_handshaking": {
            "min": 0,
            "med": 0,
            "max": 0,
            "p(90)": 0,
            "p(95)": 0,
            "avg": 0
        },
        "http_req_duration{expected_response:true}": {
            "avg": 16.64408318968436,
            "min": 0.528796,
            "med": 1.512515,
            "max": 166.663897,
            "p(90)": 51.8525326,
            "p(95)": 52.409908900000005
        }
    }
}