{
    "metrics": {
        "http_req_failed": {
            "passes": 0,
            "fails": 20698,
            "value": 0
        },
        "http_req_tls_handshaking": {
            "min": 0,
            "med": 0,
            "max": 0,
            "p(90)": 0,
            "p(95)": 0,
            "avg": 0
        },
        "data_received": {
            "count": 5524362,
            "rate": 22923.74299290778
        },
        "vus_max": {
            "value": 100,
            "min": 100,
            "max": 100
        },
        "http_req_sending": {
            "avg": 0.02504499429896615,
            "min": 0.006374,
            "med": 0.0249335,
            "max": 0.713188,
            "p(90)": 0.0315413,
            "p(95)": 0.039091249999999966
        },
        "iterations": {
            "count": 20698,
            "rate": 85.88786043840089
        },
        "http_reqs": {
            "count": 20698,
            "rate": 85.88786043840089
        },
        "http_req_duration": {
            "avg": 16.16101034182044,
            "min": 0.26209,
            "med": 0.6487915,
            "max": 75.859391,
            "p(90)": 51.213526099999996,
            "p(95)": 52.22178354999999
        },
        "data_sent": {
            "count": 1765601,
            "rate": 7326.490109087886
        },
        "http_req_duration{expected_response:true}": {
            "max": 75.859391,
            "p(90)": 51.213526099999996,
            "p(95)": 52.22178354999999,
            "avg": 16.16101034182044,
            "min": 0.26209,
            "med": 0.6487915
        },
        "http_req_receiving": {
            "avg": 0.06605109310078208,
            "min": 0.014528,
            "med": 0.063909,
            "max": 0.554135,
            "p(90)": 0.08350629999999999,
            "p(95)": 0.09126824999999997
        },
        "vus": {
            "max": 100,
            "value": 1,
            "min": 1
        },
        "http_req_waiting": {
            "max": 75.752027,
            "p(90)": 51.1078788,
            "p(95)": 52.1191653,
            "avg": 16.069914254420723,
            "min": 0.22235,
            "med": 0.5627405000000001
        },
        "http_req_blocked": {
            "max": 3.060157,
            "p(90)": 0.006118,
            "p(95)": 0.007379149999999998,
            "avg": 0.010610387235481702,
            "min": 0.001696,
            "med": 0.004843500000000001
        },
        "iteration_duration": {
            "p(90)": 1052.0468647999999,
            "p(95)": 1053.0139795,
            "avg": 1016.919771179196,
            "min": 1000.379518,
            "med": 1001.718742,
            "max": 1076.780647
        },
        "http_req_connecting": {
            "p(90)": 0,
            "p(95)": 0,
            "avg": 0.004462888829838633,
            "min": 0,
            "med": 0,
            "max": 2.952993
        },
        "checks": {
            "passes": 20698,
            "fails": 0,
            "value": 1
        }
    },
    "root_group": {
        "id": "d41d8cd98f00b204e9800998ecf8427e",
        "groups": {},
        "checks": {
                "status 200": {
                    "passes": 20698,
                    "fails": 0,
                    "name": "status 200",
                    "path": "::status 200",
                    "id": "fad9fa412b86fcb03bee97c80dcd61f1"
                }
            },
        "name": "",
        "path": ""
    }
}