{
    "metrics": {
        "vus": {
            "value": 4,
            "min": 4,
            "max": 1000
        },
        "vus_max": {
            "value": 1000,
            "min": 1000,
            "max": 1000
        },
        "http_req_duration": {
            "p(90)": 53.52757879999999,
            "p(95)": 3341.8126902999916,
            "avg": 2235.184059970433,
            "min": 0,
            "med": 1.171441,
            "max": 60024.024698
        },
        "http_req_waiting": {
            "p(95)": 3341.6718631999925,
            "avg": 2235.069343137163,
            "min": 0,
            "med": 1.059384,
            "max": 60023.855119,
            "p(90)": 53.41548999999999
        },
        "http_req_receiving": {
            "p(95)": 0.10359749999999997,
            "avg": 0.07419747634833639,
            "min": 0,
            "med": 0.063039,
            "max": 106.969484,
            "p(90)": 0.0880754
        },
        "checks": {
            "passes": 35355,
            "fails": 3860,
            "value": 0.9015682774448552
        },
        "data_received": {
            "count": 9452887,
            "rate": 35156.452644483434
        },
        "http_req_tls_handshaking": {
            "avg": 0,
            "min": 0,
            "med": 0,
            "max": 0,
            "p(90)": 0,
            "p(95)": 0
        },
        "http_req_sending": {
            "avg": 0.04051935692974616,
            "min": 0,
            "med": 0.022255,
            "max": 18.840509,
            "p(90)": 0.03969979999999999,
            "p(95)": 0.06793869999999988
        },
        "iterations": {
            "count": 39215,
            "rate": 145.84542166360583
        },
        "http_reqs": {
            "count": 39215,
            "rate": 145.84542166360583
        },
        "http_req_blocked": {
            "avg": 238.63568853986814,
            "min": 0,
            "med": 0.004987,
            "max": 19751.24928,
            "p(90)": 0.007252599999999999,
            "p(95)": 0.3005567999999986
        },
        "http_req_connecting": {
            "p(95)": 0.23313559999999967,
            "avg": 238.6234939643505,
            "min": 0,
            "med": 0,
            "max": 19751.195204,
            "p(90)": 0
        },
        "http_req_duration{expected_response:true}": {
            "med": 1.480916,
            "max": 55474.660743,
            "p(90)": 52.6979808,
            "p(95)": 55.27656769999998,
            "avg": 741.7131685538402,
            "min": 0.209496
        },
        "iteration_duration": {
            "max": 61046.006342,
            "p(90)": 31001.0724838,
            "p(95)": 31002.2599223,
            "avg": 5583.895769653228,
            "min": 1000.370506,
            "med": 1002.801112
        },
        "http_req_failed": {
            "passes": 3860,
            "fails": 35355,
            "value": 0.09843172255514472
        },
        "data_sent": {
            "count": 3109776,
            "rate": 11565.640494692374
        }
    },
    "root_group": {
        "id": "d41d8cd98f00b204e9800998ecf8427e",
        "groups": {},
        "checks": {
                "status 200": {
                    "name": "status 200",
                    "path": "::status 200",
                    "id": "fad9fa412b86fcb03bee97c80dcd61f1",
                    "passes": 35355,
                    "fails": 3860
                }
            },
        "name": "",
        "path": ""
    }
}