{
    "root_group": {
        "groups": {},
        "checks": {
                "status 200": {
                    "name": "status 200",
                    "path": "::status 200",
                    "id": "fad9fa412b86fcb03bee97c80dcd61f1",
                    "passes": 132327,
                    "fails": 0
                }
            },
        "name": "",
        "path": "",
        "id": "d41d8cd98f00b204e9800998ecf8427e"
    },
    "metrics": {
        "http_reqs": {
            "count": 132327,
            "rate": 542.6316106551559
        },
        "http_req_connecting": {
            "avg": 0.02008897013459083,
            "min": 0,
            "med": 0,
            "max": 496.232394,
            "p(90)": 0,
            "p(95)": 0
        },
        "checks": {
            "passes": 132327,
            "fails": 0,
            "value": 1
        },
        "vus_max": {
            "value": 1000,
            "min": 1000,
            "max": 1000
        },
        "iterations": {
            "count": 132327,
            "rate": 542.6316106551559
        },
        "http_req_duration": {
            "p(90)": 2523.9817352000005,
            "p(95)": 2782.8823481,
            "avg": 595.3731416916926,
            "min": 0.403248,
            "med": 1.793034,
            "max": 3772.565903
        },
        "iteration_duration": {
            "avg": 1596.2513588572094,
            "min": 1000.543005,
            "med": 1002.438792,
            "max": 4773.314882,
            "p(90)": 3524.7316602,
            "p(95)": 3783.3651626
        },
        "http_req_tls_handshaking": {
            "p(95)": 0,
            "avg": 0,
            "min": 0,
            "med": 0,
            "max": 0,
            "p(90)": 0
        },
        "http_req_duration{expected_response:true}": {
            "avg": 595.3731416916926,
            "min": 0.403248,
            "med": 1.793034,
            "max": 3772.565903,
            "p(90)": 2523.9817352000005,
            "p(95)": 2782.8823481
        },
        "http_req_sending": {
            "min": 0.00587,
            "med": 0.013617,
            "max": 193.863357,
            "p(90)": 0.022132400000000007,
            "p(95)": 0.029127499999999983,
            "avg": 0.07235953770583345
        },
        "vus": {
            "value": 8,
            "min": 8,
            "max": 1000
        },
        "data_received": {
            "count": 38683442,
            "rate": 158628.68831111796
        },
        "http_req_receiving": {
            "avg": 0.05626413395603319,
            "min": 0.014389,
            "med": 0.046277,
            "max": 36.864169,
            "p(90)": 0.0702374,
            "p(95)": 0.11317459999999997
        },
        "http_req_waiting": {
            "med": 1.690629,
            "max": 3772.501442,
            "p(90)": 2523.878447,
            "p(95)": 2782.8193807999996,
            "avg": 595.2445180200315,
            "min": 0.359701
        },
        "http_req_failed": {
            "fails": 132327,
            "passes": 0,
            "value": 0
        },
        "http_req_blocked": {
            "avg": 0.026695937926499953,
            "min": 0.001467,
            "med": 0.003484,
            "max": 544.355593,
            "p(90)": 0.004702,
            "p(95)": 0.00565
        },
        "data_sent": {
            "count": 16051163,
            "rate": 65820.79569232617
        }
    }
}