{
    "root_group": {
        "path": "",
        "id": "d41d8cd98f00b204e9800998ecf8427e",
        "groups": {},
        "checks": {
                "status 200": {
                    "name": "status 200",
                    "path": "::status 200",
                    "id": "fad9fa412b86fcb03bee97c80dcd61f1",
                    "passes": 190175,
                    "fails": 22013
                }
            },
        "name": ""
    },
    "metrics": {
        "vus": {
            "max": 2000,
            "value": 168,
            "min": 18
        },
        "data_sent": {
            "count": 25950792,
            "rate": 105317.12313053712
        },
        "http_req_duration{expected_response:true}": {
            "avg": 1114.0474423949033,
            "min": 0.501846,
            "med": 1.356335,
            "max": 5719.755792,
            "p(90)": 5381.9994052,
            "p(95)": 5392.5814917
        },
        "http_req_duration": {
            "p(90)": 5379.5402911,
            "p(95)": 5391.2286359,
            "avg": 998.7716754765565,
            "min": 0.465761,
            "med": 1.3485795,
            "max": 5719.755792
        },
        "http_req_receiving": {
            "avg": 0.08992873796350147,
            "min": 0.01257,
            "med": 0.051978,
            "max": 50.965396,
            "p(90)": 0.16561260000000005,
            "p(95)": 0.22387884999999993
        },
        "iterations": {
            "count": 212188,
            "rate": 861.1309328371331
        },
        "http_req_sending": {
            "max": 27.460099,
            "p(90)": 0.038839300000000014,
            "p(95)": 0.10796624999999997,
            "avg": 0.04102394333798363,
            "min": 0.005058,
            "med": 0.015716
        },
        "http_req_tls_handshaking": {
            "avg": 0,
            "min": 0,
            "med": 0,
            "max": 0,
            "p(90)": 0,
            "p(95)": 0
        },
        "http_req_failed": {
            "passes": 22013,
            "fails": 190175,
            "value": 0.10374290723320828
        },
        "http_req_waiting": {
            "avg": 998.6407227952332,
            "min": 0.412485,
            "med": 1.2564885000000001,
            "max": 5719.720039,
            "p(90)": 5379.4088033,
            "p(95)": 5391.0922561
        },
        "vus_max": {
            "value": 2000,
            "min": 2000,
            "max": 2000
        },
        "http_reqs": {
            "count": 212188,
            "rate": 861.1309328371331
        },
        "http_req_blocked": {
            "min": 0.001307,
            "med": 0.003867,
            "max": 54.120128,
            "p(90)": 0.005532,
            "p(95)": 0.007539649999999994,
            "avg": 0.014508495541689854
        },
        "checks": {
            "passes": 190175,
            "fails": 22013,
            "value": 0.8962570927667917
        },
        "data_received": {
            "rate": 256671.63917622602,
            "count": 63245483
        },
        "iteration_duration": {
            "avg": 1999.599492647102,
            "min": 1000.612571,
            "med": 1002.0660725,
            "max": 6720.880573,
            "p(90)": 6380.2963539,
            "p(95)": 6392.015020999999
        },
        "http_req_connecting": {
            "med": 0,
            "max": 54.054793,
            "p(90)": 0,
            "p(95)": 0,
            "avg": 0.007857189713838673,
            "min": 0
        }
    }
}