{
    "metrics": {
        "http_req_duration{expected_response:true}": {
            "avg": 593.6711208171301,
            "min": 0.407018,
            "med": 1.72037,
            "max": 3158.892114,
            "p(90)": 2461.5391070000005,
            "p(95)": 2723.9982122999986
        },
        "iterations": {
            "count": 132435,
            "rate": 543.8809396862039
        },
        "iteration_duration": {
            "p(95)": 3725.147424099999,
            "avg": 1594.4491349794382,
            "min": 1000.515376,
            "med": 1002.536068,
            "max": 4159.080571,
            "p(90)": 3462.2256326
        },
        "http_req_connecting": {
            "avg": 0.006362838026201533,
            "min": 0,
            "med": 0,
            "max": 19.628468,
            "p(90)": 0,
            "p(95)": 0
        },
        "data_sent": {
            "count": 16064185,
            "rate": 65972.01671078657
        },
        "vus": {
            "min": 11,
            "max": 1000,
            "value": 118
        },
        "http_req_blocked": {
            "avg": 0.014106618816778623,
            "min": 0.001495,
            "med": 0.003649,
            "max": 79.087956,
            "p(90)": 0.005594,
            "p(95)": 0.01933429999999999
        },
        "vus_max": {
            "min": 1000,
            "max": 1000,
            "value": 1000
        },
        "data_received": {
            "count": 38719229,
            "rate": 159011.21797444267
        },
        "http_req_tls_handshaking": {
            "avg": 0,
            "min": 0,
            "med": 0,
            "max": 0,
            "p(90)": 0,
            "p(95)": 0
        },
        "http_req_receiving": {
            "p(95)": 0.18723679999999993,
            "avg": 0.06590939263789697,
            "min": 0.013312,
            "med": 0.040763,
            "max": 22.256781,
            "p(90)": 0.12711840000000002
        },
        "http_req_sending": {
            "avg": 0.03043530590855888,
            "min": 0.00533,
            "med": 0.014117,
            "max": 27.678542,
            "p(90)": 0.04155480000000002,
            "p(95)": 0.10490589999999984
        },
        "http_req_duration": {
            "min": 0.407018,
            "med": 1.72037,
            "max": 3158.892114,
            "p(90)": 2461.5391070000005,
            "p(95)": 2723.9982122999986,
            "avg": 593.6711208171301
        },
        "http_req_waiting": {
            "p(90)": 2461.2063488000003,
            "p(95)": 2723.8622957999996,
            "avg": 593.5747761185875,
            "min": 0.362253,
            "med": 1.601319,
            "max": 3158.849151
        },
        "http_reqs": {
            "count": 132435,
            "rate": 543.8809396862039
        },
        "http_req_failed": {
            "passes": 0,
            "fails": 132435,
            "value": 0
        },
        "checks": {
            "passes": 132435,
            "fails": 0,
            "value": 1
        }
    },
    "root_group": {
        "name": "",
        "path": "",
        "id": "d41d8cd98f00b204e9800998ecf8427e",
        "groups": {},
        "checks": {
                "status 200": {
                    "passes": 132435,
                    "fails": 0,
                    "name": "status 200",
                    "path": "::status 200",
                    "id": "fad9fa412b86fcb03bee97c80dcd61f1"
                }
            }
    }
}