{
    "metrics": {
        "http_req_blocked": {
            "min": 0.001562,
            "med": 0.005058,
            "max": 3.149402,
            "p(90)": 0.0064458,
            "p(95)": 0.007992599999999992,
            "avg": 0.011417860919151354
        },
        "http_req_waiting": {
            "min": 0.241923,
            "med": 0.635907,
            "max": 81.618727,
            "p(90)": 51.3272834,
            "p(95)": 52.274545599999996,
            "avg": 16.333426376359167
        },
        "iteration_duration": {
            "p(90)": 1052.2119652,
            "p(95)": 1053.1817836,
            "avg": 1017.2193105295461,
            "min": 1000.454042,
            "med": 1001.815734,
            "max": 1082.711434
        },
        "http_req_connecting": {
            "med": 0,
            "max": 1.019871,
            "p(90)": 0,
            "p(95)": 0,
            "avg": 0.004669021794809836,
            "min": 0
        },
        "http_req_receiving": {
            "p(95)": 0.09995259999999996,
            "avg": 0.0720390584255544,
            "min": 0.013965,
            "med": 0.069185,
            "max": 0.92515,
            "p(90)": 0.08989259999999999
        },
        "http_req_duration": {
            "med": 0.740027,
            "max": 81.697163,
            "p(90)": 51.433641,
            "p(95)": 52.382873399999994,
            "avg": 16.43309521311558,
            "min": 0.289673
        },
        "http_req_sending": {
            "min": 0.006435,
            "med": 0.026857,
            "max": 1.471785,
            "p(90)": 0.034411,
            "p(95)": 0.042630799999999996,
            "avg": 0.027629778330836532
        },
        "http_req_tls_handshaking": {
            "avg": 0,
            "min": 0,
            "med": 0,
            "max": 0,
            "p(90)": 0,
            "p(95)": 0
        },
        "vus_max": {
            "value": 100,
            "min": 100,
            "max": 100
        },
        "iterations": {
            "count": 20693,
            "rate": 85.84757256049882
        },
        "checks": {
            "fails": 0,
            "passes": 20693,
            "value": 1
        },
        "data_received": {
            "count": 5516926,
            "rate": 22887.677238481734
        },
        "http_req_failed": {
            "fails": 20693,
            "passes": 0,
            "value": 0
        },
        "vus": {
            "value": 6,
            "min": 2,
            "max": 100
        },
        "http_reqs": {
            "count": 20693,
            "rate": 85.84757256049882
        },
        "http_req_duration{expected_response:true}": {
            "p(90)": 51.433641,
            "p(95)": 52.382873399999994,
            "avg": 16.43309521311558,
            "min": 0.289673,
            "med": 0.740027,
            "max": 81.697163
        },
        "data_sent": {
            "count": 1765254,
            "rate": 7323.383310912423
        }
    },
    "root_group": {
        "id": "d41d8cd98f00b204e9800998ecf8427e",
        "groups": {},
        "checks": {
                "status 200": {
                    "id": "fad9fa412b86fcb03bee97c80dcd61f1",
                    "passes": 20693,
                    "fails": 0,
                    "name": "status 200",
                    "path": "::status 200"
                }
            },
        "name": "",
        "path": ""
    }
}