{
    "root_group": {
        "name": "",
        "path": "",
        "id": "d41d8cd98f00b204e9800998ecf8427e",
        "groups": {},
        "checks": {
                "status 200": {
                    "fails": 0,
                    "name": "status 200",
                    "path": "::status 200",
                    "id": "fad9fa412b86fcb03bee97c80dcd61f1",
                    "passes": 132228
                }
            }
    },
    "metrics": {
        "vus_max": {
            "max": 1000,
            "value": 1000,
            "min": 1000
        },
        "http_reqs": {
            "count": 132228,
            "rate": 542.3389866217711
        },
        "iterations": {
            "count": 132228,
            "rate": 542.3389866217711
        },
        "http_req_duration{expected_response:true}": {
            "avg": 596.3702104716958,
            "min": 0.396176,
            "med": 1.665187,
            "max": 3247.595535,
            "p(90)": 2417.3624598,
            "p(95)": 2640.58573995
        },
        "http_req_connecting": {
            "med": 0,
            "max": 14.332929,
            "p(90)": 0,
            "p(95)": 0,
            "avg": 0.005368917385122669,
            "min": 0
        },
        "vus": {
            "value": 5,
            "min": 5,
            "max": 1000
        },
        "http_req_tls_handshaking": {
            "max": 0,
            "p(90)": 0,
            "p(95)": 0,
            "avg": 0,
            "min": 0,
            "med": 0
        },
        "data_sent": {
            "count": 16039130,
            "rate": 65785.20064203381
        },
        "http_req_failed": {
            "passes": 0,
            "fails": 132228,
            "value": 0
        },
        "data_received": {
            "count": 38655784,
            "rate": 158548.40670380005
        },
        "http_req_receiving": {
            "min": 0.01339,
            "med": 0.045913,
            "max": 11.964164,
            "p(90)": 0.06961,
            "p(95)": 0.11143189999999997,
            "avg": 0.053734793258613196
        },
        "checks": {
            "passes": 132228,
            "fails": 0,
            "value": 1
        },
        "http_req_waiting": {
            "avg": 596.2998403589138,
            "min": 0.349351,
            "med": 1.5905740000000002,
            "max": 3247.390876,
            "p(90)": 2417.2723255,
            "p(95)": 2640.5180190499996
        },
        "http_req_blocked": {
            "max": 35.342942,
            "p(90)": 0.004627,
            "p(95)": 0.005489649999999994,
            "avg": 0.010008690519406012,
            "min": 0.00136,
            "med": 0.003439
        },
        "http_req_duration": {
            "min": 0.396176,
            "med": 1.665187,
            "max": 3247.595535,
            "p(90)": 2417.3624598,
            "p(95)": 2640.58573995,
            "avg": 596.3702104716958
        },
        "iteration_duration": {
            "p(90)": 3417.9743681,
            "p(95)": 3641.24995365,
            "avg": 1596.981635535094,
            "min": 1000.523152,
            "med": 1002.412872,
            "max": 4248.932199
        },
        "http_req_sending": {
            "p(90)": 0.021540300000000002,
            "p(95)": 0.027072649999999993,
            "avg": 0.01663531952385288,
            "min": 0.005734,
            "med": 0.013463,
            "max": 6.702854
        }
    }
}