{
    "metrics": {
        "http_req_waiting": {
            "avg": 16.228969938254888,
            "min": 0.138117,
            "med": 0.3781775,
            "max": 134.108087,
            "p(90)": 52.1775034,
            "p(95)": 53.92011469999999
        },
        "http_req_duration": {
            "p(95)": 54.01976919999999,
            "avg": 16.323005718185133,
            "min": 0.180743,
            "med": 0.468872,
            "max": 134.236031,
            "p(90)": 52.273176199999995
        },
        "http_reqs": {
            "count": 20698,
            "rate": 85.87410776744672
        },
        "http_req_failed": {
            "passes": 0,
            "fails": 20698,
            "value": 0
        },
        "iterations": {
            "count": 20698,
            "rate": 85.87410776744672
        },
        "data_received": {
            "count": 6051130,
            "rate": 25105.584584734264
        },
        "iteration_duration": {
            "avg": 1017.0957983546151,
            "min": 1000.300856,
            "med": 1001.4566745,
            "max": 1134.539451,
            "p(90)": 1053.0059368,
            "p(95)": 1054.8406811
        },
        "vus": {
            "max": 100,
            "value": 4,
            "min": 2
        },
        "vus_max": {
            "value": 100,
            "min": 100,
            "max": 100
        },
        "http_req_blocked": {
            "avg": 0.010306202531645556,
            "min": 0.001417,
            "med": 0.004779,
            "max": 4.555425,
            "p(90)": 0.006072299999999999,
            "p(95)": 0.007103049999999985
        },
        "http_req_sending": {
            "avg": 0.02573720480239634,
            "min": 0.006652,
            "med": 0.0237155,
            "max": 3.619195,
            "p(90)": 0.0315653,
            "p(95)": 0.03915834999999998
        },
        "http_req_receiving": {
            "p(95)": 0.09461089999999998,
            "avg": 0.06829857512803124,
            "min": 0.013899,
            "med": 0.062619,
            "max": 9.404765,
            "p(90)": 0.0851036
        },
        "http_req_duration{expected_response:true}": {
            "min": 0.180743,
            "med": 0.468872,
            "max": 134.236031,
            "p(90)": 52.273176199999995,
            "p(95)": 54.01976919999999,
            "avg": 16.323005718185133
        },
        "http_req_tls_handshaking": {
            "p(95)": 0,
            "avg": 0,
            "min": 0,
            "med": 0,
            "max": 0,
            "p(90)": 0
        },
        "checks": {
            "passes": 20698,
            "fails": 0,
            "value": 1
        },
        "data_sent": {
            "count": 1765459,
            "rate": 7324.7278203212245
        },
        "http_req_connecting": {
            "avg": 0.0038131542177988185,
            "min": 0,
            "med": 0,
            "max": 4.337987,
            "p(90)": 0,
            "p(95)": 0
        }
    },
    "root_group": {
        "groups": {},
        "checks": {
                "status 200": {
                    "fails": 0,
                    "name": "status 200",
                    "path": "::status 200",
                    "id": "fad9fa412b86fcb03bee97c80dcd61f1",
                    "passes": 20698
                }
            },
        "name": "",
        "path": "",
        "id": "d41d8cd98f00b204e9800998ecf8427e"
    }
}