{
    "root_group": {
        "id": "d41d8cd98f00b204e9800998ecf8427e",
        "groups": {},
        "checks": {
                "status 200": {
                    "path": "::status 200",
                    "id": "fad9fa412b86fcb03bee97c80dcd61f1",
                    "passes": 34645,
                    "fails": 785,
                    "name": "status 200"
                }
            },
        "name": "",
        "path": ""
    },
    "metrics": {
        "iteration_duration": {
            "p(95)": 1058.92920895,
            "avg": 3055.109678944365,
            "min": 1000.474619,
            "med": 1002.460158,
            "max": 61023.580797,
            "p(90)": 1054.0692694000002
        },
        "http_req_waiting": {
            "p(90)": 52.7823974,
            "p(95)": 56.278148749999936,
            "avg": 1872.7420305346798,
            "min": 0,
            "med": 1.453953,
            "max": 60002.873476
        },
        "http_req_failed": {
            "passes": 785,
            "fails": 34645,
            "value": 0.022156364662715214
        },
        "data_sent": {
            "count": 3006133,
            "rate": 11771.423505568135
        },
        "http_req_connecting": {
            "min": 0,
            "med": 0,
            "max": 19621.448351,
            "p(90)": 0,
            "p(95)": 0,
            "avg": 22.221163763646622
        },
        "http_req_duration": {
            "avg": 1872.8624657220782,
            "min": 0,
            "med": 1.5764255,
            "max": 60002.926361,
            "p(90)": 52.910595900000004,
            "p(95)": 56.39651259999997
        },
        "http_req_blocked": {
            "min": 0,
            "med": 0.004864500000000001,
            "max": 19621.529946,
            "p(90)": 0.011030100000000003,
            "p(95)": 0.02323754999999982,
            "avg": 22.230996903923273
        },
        "http_req_duration{expected_response:true}": {
            "avg": 882.775766239976,
            "min": 0.325124,
            "med": 1.530514,
            "max": 59991.44512,
            "p(90)": 52.637033200000005,
            "p(95)": 54.54368979999999
        },
        "checks": {
            "passes": 34645,
            "fails": 785,
            "value": 0.9778436353372848
        },
        "http_req_sending": {
            "p(90)": 0.044212,
            "p(95)": 0.05916619999999998,
            "avg": 0.032834697205757685,
            "min": 0,
            "med": 0.0267885,
            "max": 8.758615
        },
        "iterations": {
            "count": 35430,
            "rate": 138.73688715778013
        },
        "http_reqs": {
            "count": 35430,
            "rate": 138.73688715778013
        },
        "data_received": {
            "count": 9258908,
            "rate": 36256.056291286135
        },
        "vus_max": {
            "value": 500,
            "min": 500,
            "max": 500
        },
        "http_req_tls_handshaking": {
            "med": 0,
            "max": 0,
            "p(90)": 0,
            "p(95)": 0,
            "avg": 0,
            "min": 0
        },
        "vus": {
            "value": 50,
            "min": 7,
            "max": 500
        },
        "http_req_receiving": {
            "med": 0.080576,
            "max": 11.005505,
            "p(90)": 0.10314670000000006,
            "p(95)": 0.12316719999999973,
            "avg": 0.08760049017781517,
            "min": 0
        }
    }
}