{
    "root_group": {
        "name": "",
        "path": "",
        "id": "d41d8cd98f00b204e9800998ecf8427e",
        "groups": {},
        "checks": {
                "status 200": {
                    "id": "fad9fa412b86fcb03bee97c80dcd61f1",
                    "passes": 103058,
                    "fails": 0,
                    "name": "status 200",
                    "path": "::status 200"
                }
            }
    },
    "metrics": {
        "http_req_failed": {
            "passes": 0,
            "fails": 103058,
            "value": 0
        },
        "iterations": {
            "count": 103058,
            "rate": 427.535616015599
        },
        "http_req_tls_handshaking": {
            "med": 0,
            "max": 0,
            "p(90)": 0,
            "p(95)": 0,
            "avg": 0,
            "min": 0
        },
        "http_reqs": {
            "count": 103058,
            "rate": 427.535616015599
        },
        "data_received": {
            "count": 30068409,
            "rate": 124738.64973533331
        },
        "http_req_duration{expected_response:true}": {
            "avg": 20.23322179327165,
            "min": 0.513363,
            "med": 1.4656289999999998,
            "max": 2007.931199,
            "p(90)": 55.436216,
            "p(95)": 69.05354645
        },
        "http_req_receiving": {
            "avg": 0.09574634277785288,
            "min": 0.014313,
            "med": 0.0566165,
            "max": 181.012657,
            "p(90)": 0.09804500000000006,
            "p(95)": 0.17866264999999992
        },
        "http_req_connecting": {
            "max": 20.772688,
            "p(90)": 0,
            "p(95)": 0,
            "avg": 0.003942294620504961,
            "min": 0,
            "med": 0
        },
        "iteration_duration": {
            "min": 1000.644204,
            "med": 1002.3341164999999,
            "max": 3008.665947,
            "p(90)": 1056.3804697,
            "p(95)": 1071.2926725,
            "avg": 1021.2705863312225
        },
        "data_sent": {
            "count": 12603854,
            "rate": 52287.02753848
        },
        "vus": {
            "value": 61,
            "min": 8,
            "max": 500
        },
        "http_req_blocked": {
            "p(90)": 0.005449,
            "p(95)": 0.006391149999999994,
            "avg": 0.010507304294669145,
            "min": 0.001407,
            "med": 0.004075,
            "max": 30.065728
        },
        "http_req_sending": {
            "avg": 0.06170550684080798,
            "min": 0.005835,
            "med": 0.016849,
            "max": 128.55411,
            "p(90)": 0.028775,
            "p(95)": 0.041232299999999986
        },
        "checks": {
            "passes": 103058,
            "fails": 0,
            "value": 1
        },
        "vus_max": {
            "value": 500,
            "min": 500,
            "max": 500
        },
        "http_req_duration": {
            "min": 0.513363,
            "med": 1.4656289999999998,
            "max": 2007.931199,
            "p(90)": 55.436216,
            "p(95)": 69.05354645,
            "avg": 20.23322179327165
        },
        "http_req_waiting": {
            "med": 1.378519,
            "max": 2007.699621,
            "p(90)": 55.3194476,
            "p(95)": 68.81281754999985,
            "avg": 20.075769943653167,
            "min": 0.463346
        }
    }
}