{
    "root_group": {
        "checks": {
            "status 200": {
                "name": "status 200",
                "path": "::status 200",
                "id": "fad9fa412b86fcb03bee97c80dcd61f1",
                "passes": 20694,
                "fails": 0
            }
        },
        "name": "",
        "path": "",
        "id": "d41d8cd98f00b204e9800998ecf8427e",
        "groups": {}
    },
    "metrics": {
        "http_req_waiting": {
            "avg": 16.006011712380374,
            "min": 0.230542,
            "med": 0.629353,
            "max": 128.344971,
            "p(90)": 51.3824508,
            "p(95)": 52.35903585
        },
        "http_req_duration": {
            "avg": 16.116386212332028,
            "min": 0.280029,
            "med": 0.7352825000000001,
            "max": 128.397922,
            "p(90)": 51.4836283,
            "p(95)": 52.475626749999996
        },
        "vus_max": {
            "value": 100,
            "min": 100,
            "max": 100
        },
        "http_req_failed": {
            "passes": 0,
            "fails": 20694,
            "value": 0
        },
        "http_req_tls_handshaking": {
            "med": 0,
            "max": 0,
            "p(90)": 0,
            "p(95)": 0,
            "avg": 0,
            "min": 0
        },
        "http_req_sending": {
            "avg": 0.02942571532811435,
            "min": 0.006704,
            "med": 0.026422,
            "max": 5.666762,
            "p(90)": 0.034246300000000014,
            "p(95)": 0.042981399999999996
        },
        "http_req_receiving": {
            "avg": 0.08094878462356213,
            "min": 0.015063,
            "med": 0.067674,
            "max": 18.755357,
            "p(90)": 0.090597,
            "p(95)": 0.11386344999999988
        },
        "iterations": {
            "count": 20694,
            "rate": 85.87118708140967
        },
        "http_req_connecting": {
            "p(95)": 0,
            "avg": 0.004990500289939115,
            "min": 0,
            "med": 0,
            "max": 6.585046,
            "p(90)": 0
        },
        "http_req_duration{expected_response:true}": {
            "max": 128.397922,
            "p(90)": 51.4836283,
            "p(95)": 52.475626749999996,
            "avg": 16.116386212332028,
            "min": 0.280029,
            "med": 0.7352825000000001
        },
        "vus": {
            "value": 1,
            "min": 1,
            "max": 100
        },
        "checks": {
            "passes": 20694,
            "fails": 0,
            "value": 1
        },
        "http_req_blocked": {
            "p(90)": 0.006328,
            "p(95)": 0.007866049999999996,
            "avg": 0.011894725669276154,
            "min": 0.001657,
            "med": 0.004948,
            "max": 6.667067
        },
        "iteration_duration": {
            "max": 1129.197675,
            "p(90)": 1052.2794322,
            "p(95)": 1053.31900425,
            "avg": 1016.9504230831658,
            "min": 1000.428772,
            "med": 1001.8171925
        },
        "http_reqs": {
            "count": 20694,
            "rate": 85.87118708140967
        },
        "data_sent": {
            "rate": 7324.562453972422,
            "count": 1765138
        },
        "data_received": {
            "count": 5532706,
            "rate": 22958.346960106202
        }
    }
}