{
    "metrics": {
        "vus_max": {
            "value": 2000,
            "min": 2000,
            "max": 2000
        },
        "http_req_connecting": {
            "avg": 0.006398863756172493,
            "min": 0,
            "med": 0,
            "max": 22.857247,
            "p(90)": 0,
            "p(95)": 0
        },
        "http_req_blocked": {
            "p(90)": 0.005583,
            "p(95)": 0.007626,
            "avg": 0.012915761857554435,
            "min": 0.001358,
            "med": 0.003889,
            "max": 22.94564
        },
        "checks": {
            "passes": 190564,
            "fails": 22275,
            "value": 0.8953434286009613
        },
        "http_req_duration": {
            "min": 0.480727,
            "med": 1.329362,
            "max": 5732.682519,
            "p(90)": 5380.5232678,
            "p(95)": 5392.934525199999,
            "avg": 992.5744277429648
        },
        "data_sent": {
            "count": 26030086,
            "rate": 105639.60421558363
        },
        "http_req_sending": {
            "avg": 0.06407140498686874,
            "min": 0.00483,
            "med": 0.016004,
            "max": 142.11928,
            "p(90)": 0.04225180000000005,
            "p(95)": 0.11613419999999995
        },
        "data_received": {
            "count": 63433033,
            "rate": 257434.43568776743
        },
        "http_req_failed": {
            "passes": 22275,
            "fails": 190564,
            "value": 0.10465657139903871
        },
        "vus": {
            "value": 167,
            "min": 18,
            "max": 2000
        },
        "iteration_duration": {
            "avg": 1993.4406192291983,
            "min": 1000.590434,
            "med": 1002.042267,
            "max": 6733.334387,
            "p(90)": 6381.3129624,
            "p(95)": 6393.8006454
        },
        "http_req_duration{expected_response:true}": {
            "avg": 1108.3391156298426,
            "min": 0.487918,
            "med": 1.336673,
            "max": 5732.682519,
            "p(90)": 5383.3712221,
            "p(95)": 5394.2255284
        },
        "http_req_tls_handshaking": {
            "med": 0,
            "max": 0,
            "p(90)": 0,
            "p(95)": 0,
            "avg": 0,
            "min": 0
        },
        "http_req_receiving": {
            "avg": 0.09635068440934233,
            "min": 0.012555,
            "med": 0.05226,
            "max": 228.087871,
            "p(90)": 0.1661882,
            "p(95)": 0.2253272999999997
        },
        "http_req_waiting": {
            "avg": 992.414005653585,
            "min": 0.422135,
            "med": 1.235374,
            "max": 5702.053997,
            "p(90)": 5380.3788648,
            "p(95)": 5392.777037299999
        },
        "http_reqs": {
            "rate": 863.7784647211923,
            "count": 212839
        },
        "iterations": {
            "count": 212839,
            "rate": 863.7784647211923
        }
    },
    "root_group": {
        "name": "",
        "path": "",
        "id": "d41d8cd98f00b204e9800998ecf8427e",
        "groups": {},
        "checks": {
                "status 200": {
                    "path": "::status 200",
                    "id": "fad9fa412b86fcb03bee97c80dcd61f1",
                    "passes": 190564,
                    "fails": 22275,
                    "name": "status 200"
                }
            }
    }
}