{
    "metrics": {
        "http_req_duration": {
            "p(90)": 56.0411222,
            "p(95)": 72.92404439999997,
            "avg": 23.97894711152702,
            "min": 0.516602,
            "med": 1.558275,
            "max": 3778.258404
        },
        "http_req_tls_handshaking": {
            "avg": 0,
            "min": 0,
            "med": 0,
            "max": 0,
            "p(90)": 0,
            "p(95)": 0
        },
        "vus_max": {
            "value": 500,
            "min": 500,
            "max": 500
        },
        "http_req_duration{expected_response:true}": {
            "avg": 23.97894711152702,
            "min": 0.516602,
            "med": 1.558275,
            "max": 3778.258404,
            "p(90)": 56.0411222,
            "p(95)": 72.92404439999997
        },
        "http_req_failed": {
            "passes": 0,
            "fails": 102639,
            "value": 0
        },
        "data_sent": {
            "count": 12552843,
            "rate": 52075.54608540863
        },
        "iterations": {
            "rate": 425.7985202762638,
            "count": 102639
        },
        "http_reqs": {
            "count": 102639,
            "rate": 425.7985202762638
        },
        "checks": {
            "passes": 102639,
            "fails": 0,
            "value": 1
        },
        "http_req_receiving": {
            "p(95)": 0.181887,
            "avg": 0.11492212316955426,
            "min": 0.013078,
            "med": 0.057136,
            "max": 308.138002,
            "p(90)": 0.09832299999999998
        },
        "http_req_blocked": {
            "avg": 0.011623654215259436,
            "min": 0.00139,
            "med": 0.004104,
            "max": 71.839853,
            "p(90)": 0.005519,
            "p(95)": 0.006487
        },
        "http_req_sending": {
            "avg": 0.08773369199816888,
            "min": 0.005335,
            "med": 0.017154,
            "max": 254.649918,
            "p(90)": 0.029338399999999994,
            "p(95)": 0.043293599999999946
        },
        "http_req_waiting": {
            "avg": 23.77629129635915,
            "min": 0.478261,
            "med": 1.465913,
            "max": 3778.203114,
            "p(90)": 55.8897498,
            "p(95)": 72.56132879999996
        },
        "vus": {
            "value": 43,
            "min": 8,
            "max": 500
        },
        "data_received": {
            "count": 29927704,
            "rate": 124155.26338395757
        },
        "iteration_duration": {
            "med": 1002.457493,
            "max": 4779.060574,
            "p(90)": 1057.1775882,
            "p(95)": 1075.5652247,
            "avg": 1025.260431069636,
            "min": 1000.666235
        },
        "http_req_connecting": {
            "p(95)": 0,
            "avg": 0.00449558463157279,
            "min": 0,
            "med": 0,
            "max": 50.806822,
            "p(90)": 0
        }
    },
    "root_group": {
        "checks": {
            "status 200": {
                "id": "fad9fa412b86fcb03bee97c80dcd61f1",
                "passes": 102639,
                "fails": 0,
                "name": "status 200",
                "path": "::status 200"
            }
        },
        "name": "",
        "path": "",
        "id": "d41d8cd98f00b204e9800998ecf8427e",
        "groups": {}
    }
}