{
    "metrics": {
        "vus": {
            "value": 50,
            "min": 8,
            "max": 500
        },
        "http_req_failed": {
            "fails": 34625,
            "passes": 787,
            "value": 0.022224104823223765
        },
        "http_req_tls_handshaking": {
            "avg": 0,
            "min": 0,
            "med": 0,
            "max": 0,
            "p(90)": 0,
            "p(95)": 0
        },
        "data_sent": {
            "count": 3004632,
            "rate": 11762.042478543928
        },
        "iteration_duration": {
            "avg": 3056.9107790837447,
            "min": 1000.483571,
            "med": 1002.503025,
            "max": 61040.998775,
            "p(90)": 1054.2176483,
            "p(95)": 1058.80857125
        },
        "http_req_blocked": {
            "avg": 22.07276560437142,
            "min": 0,
            "med": 0.004869,
            "max": 19517.850603,
            "p(90)": 0.006725900000000002,
            "p(95)": 0.023800199999999837
        },
        "http_req_connecting": {
            "max": 19517.778375,
            "p(90)": 0,
            "p(95)": 0,
            "avg": 22.061825602818256,
            "min": 0,
            "med": 0
        },
        "http_req_duration": {
            "avg": 1874.7280307094188,
            "min": 0,
            "med": 1.607955,
            "max": 60003.547589,
            "p(90)": 53.11040490000001,
            "p(95)": 56.34597295
        },
        "vus_max": {
            "min": 500,
            "max": 500,
            "value": 500
        },
        "http_req_duration{expected_response:true}": {
            "avg": 880.9614912033843,
            "min": 0.329243,
            "med": 1.556941,
            "max": 59998.070466,
            "p(90)": 52.703679199999996,
            "p(95)": 54.686654399999995
        },
        "data_received": {
            "count": 9249113,
            "rate": 36206.916519178674
        },
        "http_req_sending": {
            "med": 0.023358,
            "max": 31.532814,
            "p(90)": 0.03964810000000001,
            "p(95)": 0.05879414999999998,
            "avg": 0.03159472176098535,
            "min": 0
        },
        "iterations": {
            "rate": 138.62511224342867,
            "count": 35412
        },
        "http_req_waiting": {
            "max": 60003.516147,
            "p(90)": 52.9800795,
            "p(95)": 56.23448199999998,
            "avg": 1874.6137423755486,
            "min": 0,
            "med": 1.480582
        },
        "checks": {
            "passes": 34625,
            "fails": 787,
            "value": 0.9777758951767762
        },
        "http_reqs": {
            "count": 35412,
            "rate": 138.62511224342867
        },
        "http_req_receiving": {
            "min": 0,
            "med": 0.0663035,
            "max": 16.079213,
            "p(90)": 0.11063860000000002,
            "p(95)": 0.1854769,
            "avg": 0.08269361210888977
        }
    },
    "root_group": {
        "name": "",
        "path": "",
        "id": "d41d8cd98f00b204e9800998ecf8427e",
        "groups": {},
        "checks": {
                "status 200": {
                    "name": "status 200",
                    "path": "::status 200",
                    "id": "fad9fa412b86fcb03bee97c80dcd61f1",
                    "passes": 34625,
                    "fails": 787
                }
            }
    }
}