{
    "metrics": {
        "http_req_receiving": {
            "min": 0.017085,
            "med": 0.065709,
            "max": 16.526434,
            "p(90)": 0.08743660000000002,
            "p(95)": 0.09921460000000003,
            "avg": 0.07339910455841801
        },
        "http_req_connecting": {
            "max": 1.658711,
            "p(90)": 0,
            "p(95)": 0,
            "avg": 0.002756907623144969,
            "min": 0,
            "med": 0
        },
        "http_req_tls_handshaking": {
            "avg": 0,
            "min": 0,
            "med": 0,
            "max": 0,
            "p(90)": 0,
            "p(95)": 0
        },
        "http_req_sending": {
            "avg": 0.02620314801566189,
            "min": 0.005646,
            "med": 0.024338,
            "max": 4.733208,
            "p(90)": 0.0312628,
            "p(95)": 0.0386118
        },
        "http_reqs": {
            "count": 20687,
            "rate": 85.82036913006583
        },
        "iteration_duration": {
            "avg": 1017.6232840439415,
            "min": 1000.687244,
            "med": 1002.38682,
            "max": 1132.401759,
            "p(90)": 1052.712997,
            "p(95)": 1053.2618884
        },
        "checks": {
            "passes": 20687,
            "fails": 0,
            "value": 1
        },
        "http_req_blocked": {
            "max": 10.867699,
            "p(90)": 0.005944,
            "p(95)": 0.006674700000000001,
            "avg": 0.008813646202929359,
            "min": 0.001545,
            "med": 0.004609
        },
        "http_req_failed": {
            "passes": 0,
            "fails": 20687,
            "value": 0
        },
        "http_req_waiting": {
            "avg": 16.725972430076812,
            "min": 0.465983,
            "med": 1.414541,
            "max": 98.719339,
            "p(90)": 51.7315528,
            "p(95)": 52.2481932
        },
        "vus_max": {
            "max": 100,
            "value": 100,
            "min": 100
        },
        "data_sent": {
            "rate": 10496.017413015903,
            "count": 2530065
        },
        "http_req_duration": {
            "p(90)": 51.841912,
            "p(95)": 52.354217500000004,
            "avg": 16.82557468265093,
            "min": 0.533791,
            "med": 1.508981,
            "max": 98.795333
        },
        "http_req_duration{expected_response:true}": {
            "p(95)": 52.354217500000004,
            "avg": 16.82557468265093,
            "min": 0.533791,
            "med": 1.508981,
            "max": 98.795333,
            "p(90)": 51.841912
        },
        "vus": {
            "value": 4,
            "min": 2,
            "max": 100
        },
        "data_received": {
            "count": 6028221,
            "rate": 25008.17670119469
        },
        "iterations": {
            "count": 20687,
            "rate": 85.82036913006583
        }
    },
    "root_group": {
        "name": "",
        "path": "",
        "id": "d41d8cd98f00b204e9800998ecf8427e",
        "groups": {},
        "checks": {
                "status 200": {
                    "path": "::status 200",
                    "id": "fad9fa412b86fcb03bee97c80dcd61f1",
                    "passes": 20687,
                    "fails": 0,
                    "name": "status 200"
                }
            }
    }
}