{
    "root_group": {
        "checks": {
            "status 200": {
                "path": "::status 200",
                "id": "fad9fa412b86fcb03bee97c80dcd61f1",
                "passes": 103124,
                "fails": 0,
                "name": "status 200"
            }
        },
        "name": "",
        "path": "",
        "id": "d41d8cd98f00b204e9800998ecf8427e",
        "groups": {}
    },
    "metrics": {
        "data_sent": {
            "count": 12611987,
            "rate": 52303.78520468312
        },
        "http_req_tls_handshaking": {
            "p(90)": 0,
            "p(95)": 0,
            "avg": 0,
            "min": 0,
            "med": 0,
            "max": 0
        },
        "http_req_failed": {
            "passes": 0,
            "fails": 103124,
            "value": 0
        },
        "http_req_duration{expected_response:true}": {
            "med": 1.518125,
            "max": 2223.04946,
            "p(90)": 55.167574,
            "p(95)": 64.99237744999999,
            "avg": 19.723231696656438,
            "min": 0.519422
        },
        "data_received": {
            "count": 30083550,
            "rate": 124760.9545898156
        },
        "http_req_connecting": {
            "min": 0,
            "med": 0,
            "max": 23.740506,
            "p(90)": 0,
            "p(95)": 0,
            "avg": 0.0033114788410069426
        },
        "http_req_blocked": {
            "p(90)": 0.005444,
            "p(95)": 0.006394,
            "avg": 0.010678803809006454,
            "min": 0.0014,
            "med": 0.004076,
            "max": 115.963058
        },
        "vus": {
            "value": 79,
            "min": 8,
            "max": 500
        },
        "http_req_sending": {
            "p(95)": 0.040471699999999985,
            "avg": 0.04096757918622313,
            "min": 0.005593,
            "med": 0.016911,
            "max": 91.049986,
            "p(90)": 0.028824399999999993
        },
        "iteration_duration": {
            "max": 3224.135373,
            "p(90)": 1056.0383965,
            "p(95)": 1066.90845655,
            "avg": 1020.678426461055,
            "min": 1000.681847,
            "med": 1002.394104
        },
        "checks": {
            "passes": 103124,
            "fails": 0,
            "value": 1
        },
        "http_req_receiving": {
            "avg": 0.09709906827702575,
            "min": 0.013455,
            "med": 0.056604,
            "max": 101.354326,
            "p(90)": 0.10217709999999999,
            "p(95)": 0.18286285
        },
        "vus_max": {
            "value": 500,
            "min": 500,
            "max": 500
        },
        "http_reqs": {
            "count": 103124,
            "rate": 427.6705601938649
        },
        "http_req_duration": {
            "med": 1.518125,
            "max": 2223.04946,
            "p(90)": 55.167574,
            "p(95)": 64.99237744999999,
            "avg": 19.723231696656438,
            "min": 0.519422
        },
        "iterations": {
            "count": 103124,
            "rate": 427.6705601938649
        },
        "http_req_waiting": {
            "avg": 19.585165049193126,
            "min": 0.468157,
            "med": 1.4292635,
            "max": 2223.001617,
            "p(90)": 55.0553446,
            "p(95)": 64.71038249999998
        }
    }
}