{
    "root_group": {
        "name": "",
        "path": "",
        "id": "d41d8cd98f00b204e9800998ecf8427e",
        "groups": {},
        "checks": {
                "status 200": {
                    "path": "::status 200",
                    "id": "fad9fa412b86fcb03bee97c80dcd61f1",
                    "passes": 20694,
                    "fails": 0,
                    "name": "status 200"
                }
            }
    },
    "metrics": {
        "http_req_sending": {
            "max": 9.893605,
            "p(90)": 0.0332141,
            "p(95)": 0.04154614999999998,
            "avg": 0.029040434183821552,
            "min": 0.006472,
            "med": 0.026195
        },
        "data_sent": {
            "count": 1765156,
            "rate": 7323.862888523995
        },
        "http_req_blocked": {
            "avg": 0.013978854208949414,
            "min": 0.001752,
            "med": 0.004918,
            "max": 19.326494,
            "p(90)": 0.00632,
            "p(95)": 0.007916349999999999
        },
        "http_req_connecting": {
            "p(95)": 0,
            "avg": 0.007236501546341934,
            "min": 0,
            "med": 0,
            "max": 19.252109,
            "p(90)": 0
        },
        "http_req_receiving": {
            "med": 0.0696405,
            "max": 9.705299,
            "p(90)": 0.0922802,
            "p(95)": 0.11508704999999979,
            "avg": 0.07819716425050748,
            "min": 0.016517
        },
        "iterations": {
            "rate": 85.86210998637829,
            "count": 20694
        },
        "http_req_duration{expected_response:true}": {
            "med": 0.804986,
            "max": 259.399934,
            "p(90)": 51.4791736,
            "p(95)": 52.48399795,
            "avg": 16.173716436938328,
            "min": 0.30549
        },
        "http_reqs": {
            "count": 20694,
            "rate": 85.86210998637829
        },
        "http_req_duration": {
            "p(95)": 52.48399795,
            "avg": 16.173716436938328,
            "min": 0.30549,
            "med": 0.804986,
            "max": 259.399934,
            "p(90)": 51.4791736
        },
        "vus_max": {
            "value": 100,
            "min": 100,
            "max": 100
        },
        "http_req_waiting": {
            "med": 0.6966380000000001,
            "max": 259.303081,
            "p(90)": 51.348605899999995,
            "p(95)": 52.38370945,
            "avg": 16.066478838504036,
            "min": 0.251534
        },
        "http_req_failed": {
            "fails": 20694,
            "passes": 0,
            "value": 0
        },
        "data_received": {
            "count": 5531147,
            "rate": 22949.451631623964
        },
        "iteration_duration": {
            "avg": 1016.9895073633443,
            "min": 1000.481904,
            "med": 1001.872685,
            "max": 1260.082297,
            "p(90)": 1052.2697708,
            "p(95)": 1053.30359995
        },
        "checks": {
            "passes": 20694,
            "fails": 0,
            "value": 1
        },
        "vus": {
            "value": 5,
            "min": 2,
            "max": 100
        },
        "http_req_tls_handshaking": {
            "avg": 0,
            "min": 0,
            "med": 0,
            "max": 0,
            "p(90)": 0,
            "p(95)": 0
        }
    }
}