{
    "root_group": {
        "groups": {},
        "checks": {
                "status 200": {
                    "name": "status 200",
                    "path": "::status 200",
                    "id": "fad9fa412b86fcb03bee97c80dcd61f1",
                    "passes": 102743,
                    "fails": 0
                }
            },
        "name": "",
        "path": "",
        "id": "d41d8cd98f00b204e9800998ecf8427e"
    },
    "metrics": {
        "http_req_receiving": {
            "p(90)": 0.1088868,
            "p(95)": 0.19032829999999995,
            "avg": 0.09812958507148908,
            "min": 0.013482,
            "med": 0.060564,
            "max": 120.115922
        },
        "vus_max": {
            "min": 500,
            "max": 500,
            "value": 500
        },
        "http_reqs": {
            "count": 102743,
            "rate": 426.1976342124078
        },
        "data_sent": {
            "count": 12565494,
            "rate": 52124.07478378289
        },
        "iteration_duration": {
            "min": 1000.648305,
            "med": 1002.212199,
            "max": 1902.783068,
            "p(90)": 1065.9908004000001,
            "p(95)": 1085.1891523,
            "avg": 1024.378017455393
        },
        "vus": {
            "value": 81,
            "min": 8,
            "max": 500
        },
        "iterations": {
            "count": 102743,
            "rate": 426.1976342124078
        },
        "http_req_connecting": {
            "max": 12.078998,
            "p(90)": 0,
            "p(95)": 0,
            "avg": 0.0033533234964912453,
            "min": 0,
            "med": 0
        },
        "http_req_sending": {
            "min": 0.005403,
            "med": 0.017869,
            "max": 639.783047,
            "p(90)": 0.030972,
            "p(95)": 0.049697699999999866,
            "avg": 0.14155437182095
        },
        "http_req_waiting": {
            "avg": 22.829169680951548,
            "min": 0.453378,
            "med": 1.301442,
            "max": 839.455427,
            "p(90)": 63.90331900000002,
            "p(95)": 82.67819189999992
        },
        "http_req_blocked": {
            "p(90)": 0.005679,
            "p(95)": 0.006816,
            "avg": 0.010038891797981403,
            "min": 0.001392,
            "med": 0.004288,
            "max": 34.931901
        },
        "http_req_failed": {
            "passes": 0,
            "fails": 102743,
            "value": 0
        },
        "data_received": {
            "count": 30028996,
            "rate": 124566.02447829884
        },
        "http_req_duration": {
            "p(90)": 64.14801580000001,
            "p(95)": 82.89840309999994,
            "avg": 23.068853637844082,
            "min": 0.51757,
            "med": 1.388967,
            "max": 902.441745
        },
        "checks": {
            "passes": 102743,
            "fails": 0,
            "value": 1
        },
        "http_req_duration{expected_response:true}": {
            "med": 1.388967,
            "max": 902.441745,
            "p(90)": 64.14801580000001,
            "p(95)": 82.89840309999994,
            "avg": 23.068853637844082,
            "min": 0.51757
        },
        "http_req_tls_handshaking": {
            "avg": 0,
            "min": 0,
            "med": 0,
            "max": 0,
            "p(90)": 0,
            "p(95)": 0
        }
    }
}