{
    "root_group": {
        "name": "",
        "path": "",
        "id": "d41d8cd98f00b204e9800998ecf8427e",
        "groups": {},
        "checks": {
                "status 200": {
                    "name": "status 200",
                    "path": "::status 200",
                    "id": "fad9fa412b86fcb03bee97c80dcd61f1",
                    "passes": 20700,
                    "fails": 0
                }
            }
    },
    "metrics": {
        "http_req_waiting": {
            "p(90)": 51.283694499999996,
            "p(95)": 52.269417399999995,
            "avg": 16.108480680096708,
            "min": 0.234632,
            "med": 0.6218064999999999,
            "max": 110.471014
        },
        "data_sent": {
            "count": 1765723,
            "rate": 7325.959307198119
        },
        "http_req_receiving": {
            "max": 1.568955,
            "p(90)": 0.0886121,
            "p(95)": 0.0983607,
            "avg": 0.07101881323671519,
            "min": 0.014839,
            "med": 0.0682135
        },
        "checks": {
            "passes": 20700,
            "fails": 0,
            "value": 1
        },
        "vus": {
            "value": 2,
            "min": 2,
            "max": 100
        },
        "data_received": {
            "count": 5528604,
            "rate": 22938.098404796645
        },
        "iteration_duration": {
            "avg": 1016.987044255853,
            "min": 1000.409462,
            "med": 1001.800675,
            "max": 1111.183428,
            "p(90)": 1052.1525528,
            "p(95)": 1053.17759325
        },
        "http_reqs": {
            "rate": 85.88400199748266,
            "count": 20700
        },
        "http_req_blocked": {
            "avg": 0.01110892942028988,
            "min": 0.001739,
            "med": 0.005017,
            "max": 3.067617,
            "p(90)": 0.006412,
            "p(95)": 0.007942299999999996
        },
        "http_req_duration{expected_response:true}": {
            "max": 110.565933,
            "p(90)": 51.39127940000001,
            "p(95)": 52.3644834,
            "avg": 16.20676354487933,
            "min": 0.282032,
            "med": 0.719516
        },
        "http_req_sending": {
            "min": 0.007003,
            "med": 0.026398,
            "max": 3.745315,
            "p(90)": 0.03406690000000002,
            "p(95)": 0.041748,
            "avg": 0.027264051545893713
        },
        "vus_max": {
            "value": 100,
            "min": 100,
            "max": 100
        },
        "http_req_connecting": {
            "avg": 0.004479061835748795,
            "min": 0,
            "med": 0,
            "max": 1.401235,
            "p(90)": 0,
            "p(95)": 0
        },
        "http_req_duration": {
            "p(90)": 51.39127940000001,
            "p(95)": 52.3644834,
            "avg": 16.20676354487933,
            "min": 0.282032,
            "med": 0.719516,
            "max": 110.565933
        },
        "iterations": {
            "count": 20700,
            "rate": 85.88400199748266
        },
        "http_req_failed": {
            "passes": 0,
            "fails": 20700,
            "value": 0
        },
        "http_req_tls_handshaking": {
            "p(90)": 0,
            "p(95)": 0,
            "avg": 0,
            "min": 0,
            "med": 0,
            "max": 0
        }
    }
}