{
    "root_group": {
        "checks": {
            "status 200": {
                "id": "fad9fa412b86fcb03bee97c80dcd61f1",
                "passes": 35644,
                "fails": 10439,
                "name": "status 200",
                "path": "::status 200"
            }
        },
        "name": "",
        "path": "",
        "id": "d41d8cd98f00b204e9800998ecf8427e",
        "groups": {}
    },
    "metrics": {
        "data_sent": {
            "count": 3178310,
            "rate": 11771.285920480974
        },
        "iteration_duration": {
            "max": 61279.543453,
            "p(90)": 31001.928815299998,
            "p(95)": 31017.2134718,
            "avg": 9608.027386945883,
            "min": 1000.401593,
            "med": 1005.276398
        },
        "http_req_receiving": {
            "p(90)": 0.09867780000000002,
            "p(95)": 0.18088490000000013,
            "avg": 0.082104715231213,
            "min": 0,
            "med": 0.061847,
            "max": 60.602154
        },
        "http_req_duration{expected_response:true}": {
            "p(90)": 53.0977315,
            "p(95)": 56.5328176,
            "avg": 839.2890248359322,
            "min": 0.258208,
            "med": 1.583227,
            "max": 59338.388467
        },
        "http_req_duration": {
            "p(90)": 53.812823,
            "p(95)": 15237.369736600001,
            "avg": 2599.598459255845,
            "min": 0,
            "med": 0.62812,
            "max": 60199.458982
        },
        "http_req_tls_handshaking": {
            "avg": 0,
            "min": 0,
            "med": 0,
            "max": 0,
            "p(90)": 0,
            "p(95)": 0
        },
        "data_received": {
            "rate": 35305.24682048212,
            "count": 9532605
        },
        "http_reqs": {
            "count": 46083,
            "rate": 170.6744052888248
        },
        "http_req_blocked": {
            "p(90)": 0.007369400000000009,
            "p(95)": 0.41629410000000033,
            "avg": 292.0607855730306,
            "min": 0,
            "med": 0.004746,
            "max": 19761.434827
        },
        "checks": {
            "fails": 10439,
            "passes": 35644,
            "value": 0.7734739491786559
        },
        "iterations": {
            "count": 46058,
            "rate": 170.58181452580544
        },
        "http_req_sending": {
            "avg": 0.0667262929713781,
            "min": 0,
            "med": 0.021124,
            "max": 180.630923,
            "p(90)": 0.0408926,
            "p(95)": 0.09948350000000002
        },
        "http_req_failed": {
            "passes": 10439,
            "fails": 35644,
            "value": 0.22652605082134408
        },
        "vus": {
            "value": 28,
            "min": 18,
            "max": 2000
        },
        "http_req_connecting": {
            "p(95)": 0.3327807000000008,
            "avg": 292.0479278206288,
            "min": 0,
            "med": 0,
            "max": 19755.266117,
            "p(90)": 0
        },
        "vus_max": {
            "value": 2000,
            "min": 2000,
            "max": 2000
        },
        "http_req_waiting": {
            "min": 0,
            "med": 0.523156,
            "max": 60199.203394,
            "p(90)": 53.6737982,
            "p(95)": 15235.153953800003,
            "avg": 2599.4496282476102
        }
    }
}