{
    "root_group": {
        "name": "",
        "path": "",
        "id": "d41d8cd98f00b204e9800998ecf8427e",
        "groups": {},
        "checks": {
                "status 200": {
                    "id": "fad9fa412b86fcb03bee97c80dcd61f1",
                    "passes": 20680,
                    "fails": 0,
                    "name": "status 200",
                    "path": "::status 200"
                }
            }
    },
    "metrics": {
        "http_req_sending": {
            "min": 0.006874,
            "med": 0.0252125,
            "max": 2.159115,
            "p(90)": 0.031150700000000017,
            "p(95)": 0.03843764999999999,
            "avg": 0.025535604738878365
        },
        "vus": {
            "max": 100,
            "value": 9,
            "min": 2
        },
        "data_received": {
            "count": 6038512,
            "rate": 25056.131823973803
        },
        "http_req_blocked": {
            "max": 3.095122,
            "p(90)": 0.006043,
            "p(95)": 0.006828249999999997,
            "avg": 0.008640825000000001,
            "min": 0.001895,
            "med": 0.004753500000000001
        },
        "http_req_connecting": {
            "avg": 0.0029229098646034813,
            "min": 0,
            "med": 0,
            "max": 1.551511,
            "p(90)": 0,
            "p(95)": 0
        },
        "http_req_tls_handshaking": {
            "avg": 0,
            "min": 0,
            "med": 0,
            "max": 0,
            "p(90)": 0,
            "p(95)": 0
        },
        "http_req_failed": {
            "fails": 20680,
            "passes": 0,
            "value": 0
        },
        "http_req_duration": {
            "max": 199.712305,
            "p(90)": 52.0189685,
            "p(95)": 52.97394645,
            "avg": 17.099794736121762,
            "min": 0.600359,
            "med": 1.519512
        },
        "iterations": {
            "count": 20680,
            "rate": 85.80935272129595
        },
        "checks": {
            "passes": 20680,
            "fails": 0,
            "value": 1
        },
        "data_sent": {
            "count": 2529217,
            "rate": 10494.703755401257
        },
        "iteration_duration": {
            "avg": 1017.8515383535305,
            "min": 1000.846942,
            "med": 1002.409367,
            "max": 1200.724969,
            "p(90)": 1052.9581848999999,
            "p(95)": 1053.77955625
        },
        "http_reqs": {
            "count": 20680,
            "rate": 85.80935272129595
        },
        "http_req_duration{expected_response:true}": {
            "med": 1.519512,
            "max": 199.712305,
            "p(90)": 52.0189685,
            "p(95)": 52.97394645,
            "avg": 17.099794736121762,
            "min": 0.600359
        },
        "http_req_receiving": {
            "p(95)": 0.10439789999999999,
            "avg": 0.08056104859767903,
            "min": 0.016647,
            "med": 0.0688245,
            "max": 52.676148,
            "p(90)": 0.09134660000000001
        },
        "vus_max": {
            "value": 100,
            "min": 100,
            "max": 100
        },
        "http_req_waiting": {
            "avg": 16.993698082785325,
            "min": 0.544042,
            "med": 1.42626,
            "max": 199.632641,
            "p(90)": 51.9011169,
            "p(95)": 52.84839555
        }
    }
}