{
    "metrics": {
        "http_req_connecting": {
            "avg": 0.007197624658943931,
            "min": 0,
            "med": 0,
            "max": 14.93532,
            "p(90)": 0,
            "p(95)": 0
        },
        "data_received": {
            "rate": 256169.36687648564,
            "count": 63119598
        },
        "http_req_failed": {
            "passes": 21953,
            "fails": 189889,
            "value": 0.10362911981571171
        },
        "http_reqs": {
            "count": 211842,
            "rate": 859.7556501840913
        },
        "iteration_duration": {
            "p(95)": 6391.7312956,
            "avg": 2002.8552223750457,
            "min": 1000.586884,
            "med": 1002.0555684999999,
            "max": 8018.818838,
            "p(90)": 6378.1027302
        },
        "vus": {
            "value": 163,
            "min": 18,
            "max": 2000
        },
        "http_req_sending": {
            "avg": 0.09485652329566494,
            "min": 0.005324,
            "med": 0.015731,
            "max": 227.894242,
            "p(90)": 0.0482309,
            "p(95)": 0.13415419999999972
        },
        "http_req_waiting": {
            "p(95)": 5390.658719200001,
            "avg": 1001.6227573440083,
            "min": 0.374248,
            "med": 1.2463805,
            "max": 7018.553832,
            "p(90)": 5377.122898
        },
        "http_req_blocked": {
            "avg": 0.014357249280124005,
            "min": 0.001305,
            "med": 0.003832,
            "max": 23.389666,
            "p(90)": 0.005543,
            "p(95)": 0.00761
        },
        "checks": {
            "passes": 189889,
            "fails": 21953,
            "value": 0.8963708801842883
        },
        "iterations": {
            "rate": 859.7556501840913,
            "count": 211842
        },
        "http_req_duration": {
            "avg": 1001.8195477184832,
            "min": 0.434456,
            "med": 1.3423085,
            "max": 7018.621399,
            "p(90)": 5377.2957007,
            "p(95)": 5390.8299017
        },
        "http_req_duration{expected_response:true}": {
            "max": 7018.621399,
            "p(90)": 5380.2929988,
            "p(95)": 5392.3147104,
            "avg": 1114.903602583,
            "min": 0.487646,
            "med": 1.34775
        },
        "vus_max": {
            "min": 2000,
            "max": 2000,
            "value": 2000
        },
        "data_sent": {
            "count": 25908097,
            "rate": 105147.38711524394
        },
        "http_req_tls_handshaking": {
            "p(95)": 0,
            "avg": 0,
            "min": 0,
            "med": 0,
            "max": 0,
            "p(90)": 0
        },
        "http_req_receiving": {
            "avg": 0.10193385119098197,
            "min": 0.01223,
            "med": 0.051542,
            "max": 128.02679,
            "p(90)": 0.1679387,
            "p(95)": 0.23204704999999967
        }
    },
    "root_group": {
        "name": "",
        "path": "",
        "id": "d41d8cd98f00b204e9800998ecf8427e",
        "groups": {},
        "checks": {
                "status 200": {
                    "name": "status 200",
                    "path": "::status 200",
                    "id": "fad9fa412b86fcb03bee97c80dcd61f1",
                    "passes": 189889,
                    "fails": 21953
                }
            }
    }
}