{
    "metrics": {
        "http_req_blocked": {
            "avg": 23.604817851206104,
            "min": 0,
            "med": 0.004779,
            "max": 19743.443932,
            "p(90)": 0.010650200000000005,
            "p(95)": 0.02322859999999999
        },
        "http_req_sending": {
            "p(95)": 0.05909539999999988,
            "avg": 0.03285414839892823,
            "min": 0,
            "med": 0.02606,
            "max": 6.747322,
            "p(90)": 0.0436206
        },
        "http_req_failed": {
            "passes": 785,
            "fails": 34660,
            "value": 0.022146988291719565
        },
        "vus_max": {
            "value": 500,
            "min": 500,
            "max": 500
        },
        "iterations": {
            "count": 35445,
            "rate": 138.77440214090876
        },
        "http_req_receiving": {
            "avg": 0.0836838049654398,
            "min": 0,
            "med": 0.079798,
            "max": 5.837209,
            "p(90)": 0.1018912,
            "p(95)": 0.11875119999999988
        },
        "data_sent": {
            "count": 3007438,
            "rate": 11774.732978582322
        },
        "iteration_duration": {
            "max": 61012.507212,
            "p(90)": 1054.1447172,
            "p(95)": 1058.6446502,
            "avg": 3053.8903931793643,
            "min": 1000.50664,
            "med": 1002.383952
        },
        "http_req_duration{expected_response:true}": {
            "p(95)": 54.65462904999998,
            "avg": 880.9011673007453,
            "min": 0.331339,
            "med": 1.492981,
            "max": 59992.258225,
            "p(90)": 52.6747167
        },
        "http_req_connecting": {
            "avg": 23.594224498942047,
            "min": 0,
            "med": 0,
            "max": 19743.336654,
            "p(90)": 0,
            "p(95)": 0
        },
        "http_reqs": {
            "count": 35445,
            "rate": 138.77440214090876
        },
        "http_req_duration": {
            "p(90)": 52.974749800000005,
            "p(95)": 56.3785118,
            "avg": 1870.3521299117488,
            "min": 0,
            "med": 1.553187,
            "max": 60006.423777
        },
        "vus": {
            "max": 500,
            "value": 50,
            "min": 8
        },
        "http_req_waiting": {
            "avg": 1870.2355919583813,
            "min": 0,
            "med": 1.429083,
            "max": 60006.375976,
            "p(90)": 52.85606,
            "p(95)": 56.241042199999995
        },
        "http_req_tls_handshaking": {
            "avg": 0,
            "min": 0,
            "med": 0,
            "max": 0,
            "p(90)": 0,
            "p(95)": 0
        },
        "checks": {
            "fails": 785,
            "passes": 34660,
            "value": 0.9778530117082804
        },
        "data_received": {
            "count": 9258954,
            "rate": 36250.69278601145
        }
    },
    "root_group": {
        "name": "",
        "path": "",
        "id": "d41d8cd98f00b204e9800998ecf8427e",
        "groups": {},
        "checks": {
                "status 200": {
                    "path": "::status 200",
                    "id": "fad9fa412b86fcb03bee97c80dcd61f1",
                    "passes": 34660,
                    "fails": 785,
                    "name": "status 200"
                }
            }
    }
}