{
    "root_group": {
        "path": "",
        "id": "d41d8cd98f00b204e9800998ecf8427e",
        "groups": {},
        "checks": {
                "status 200": {
                    "name": "status 200",
                    "path": "::status 200",
                    "id": "fad9fa412b86fcb03bee97c80dcd61f1",
                    "passes": 132071,
                    "fails": 0
                }
            },
        "name": ""
    },
    "metrics": {
        "http_req_connecting": {
            "p(90)": 0,
            "p(95)": 0,
            "avg": 0.005894939176654978,
            "min": 0,
            "med": 0,
            "max": 51.992576
        },
        "vus_max": {
            "value": 1000,
            "min": 1000,
            "max": 1000
        },
        "http_req_waiting": {
            "p(95)": 3190.1909404999997,
            "avg": 600.2518661839339,
            "min": 0.349296,
            "med": 1.570126,
            "max": 3920.524936,
            "p(90)": 2656.926737
        },
        "http_req_sending": {
            "avg": 0.017161480733847642,
            "min": 0.005706,
            "med": 0.013398,
            "max": 8.41704,
            "p(90)": 0.021494,
            "p(95)": 0.027227
        },
        "http_req_duration": {
            "med": 1.644257,
            "max": 3920.611958,
            "p(90)": 2656.986783,
            "p(95)": 3190.2531259999996,
            "avg": 600.3240581961894,
            "min": 0.397368
        },
        "data_received": {
            "count": 38601274,
            "rate": 157630.9843446013
        },
        "http_req_tls_handshaking": {
            "max": 0,
            "p(90)": 0,
            "p(95)": 0,
            "avg": 0,
            "min": 0,
            "med": 0
        },
        "http_req_duration{expected_response:true}": {
            "avg": 600.3240581961894,
            "min": 0.397368,
            "med": 1.644257,
            "max": 3920.611958,
            "p(90)": 2656.986783,
            "p(95)": 3190.2531259999996
        },
        "http_req_failed": {
            "passes": 0,
            "fails": 132071,
            "value": 0
        },
        "http_reqs": {
            "count": 132071,
            "rate": 539.3211046188745
        },
        "iterations": {
            "count": 132071,
            "rate": 539.3211046188745
        },
        "checks": {
            "passes": 132071,
            "fails": 0,
            "value": 1
        },
        "data_sent": {
            "count": 16020253,
            "rate": 65419.81619154726
        },
        "http_req_receiving": {
            "avg": 0.05503053152470927,
            "min": 0.013198,
            "med": 0.045881,
            "max": 16.276345,
            "p(90)": 0.070088,
            "p(95)": 0.11820900000000001
        },
        "http_req_blocked": {
            "avg": 0.010348061981812835,
            "min": 0.001373,
            "med": 0.003429,
            "max": 52.162666,
            "p(90)": 0.00464,
            "p(95)": 0.005516500000000001
        },
        "vus": {
            "value": 10,
            "min": 10,
            "max": 1000
        },
        "iteration_duration": {
            "min": 1000.542861,
            "med": 1002.406547,
            "max": 4921.397758,
            "p(90)": 3657.423372,
            "p(95)": 4191.198315,
            "avg": 1600.9413735438004
        }
    }
}