{
    "root_group": {
        "id": "d41d8cd98f00b204e9800998ecf8427e",
        "groups": {},
        "checks": {
                "status 200": {
                    "name": "status 200",
                    "path": "::status 200",
                    "id": "fad9fa412b86fcb03bee97c80dcd61f1",
                    "passes": 103099,
                    "fails": 0
                }
            },
        "name": "",
        "path": ""
    },
    "metrics": {
        "http_reqs": {
            "count": 103099,
            "rate": 427.71223069326004
        },
        "data_received": {
            "rate": 124802.24219107562,
            "count": 30083279
        },
        "http_req_duration": {
            "p(95)": 65.98534329999995,
            "avg": 19.866600987148445,
            "min": 0.521889,
            "med": 1.486295,
            "max": 1442.064446,
            "p(90)": 55.2467552
        },
        "http_req_duration{expected_response:true}": {
            "avg": 19.866600987148445,
            "min": 0.521889,
            "med": 1.486295,
            "max": 1442.064446,
            "p(90)": 55.2467552,
            "p(95)": 65.98534329999995
        },
        "iteration_duration": {
            "max": 2442.930606,
            "p(90)": 1056.1251058,
            "p(95)": 1067.873431,
            "avg": 1020.8379932394078,
            "min": 1000.674194,
            "med": 1002.36291
        },
        "http_req_connecting": {
            "min": 0,
            "med": 0,
            "max": 272.221478,
            "p(90)": 0,
            "p(95)": 0,
            "avg": 0.012985463428355267
        },
        "http_req_waiting": {
            "avg": 19.683242082648693,
            "min": 0.485622,
            "med": 1.399217,
            "max": 1441.965214,
            "p(90)": 55.1331562,
            "p(95)": 65.6702607999999
        },
        "checks": {
            "passes": 103099,
            "fails": 0,
            "value": 1
        },
        "iterations": {
            "count": 103099,
            "rate": 427.71223069326004
        },
        "http_req_receiving": {
            "med": 0.056147,
            "max": 162.574633,
            "p(90)": 0.10122539999999994,
            "p(95)": 0.18143479999999995,
            "avg": 0.11722554926817896,
            "min": 0.013668
        },
        "vus": {
            "min": 8,
            "max": 500,
            "value": 65
        },
        "data_sent": {
            "count": 12608806,
            "rate": 52308.36904954036
        },
        "http_req_sending": {
            "med": 0.01683,
            "max": 236.04552,
            "p(90)": 0.028992,
            "p(95)": 0.04238919999999999,
            "avg": 0.06613335523137977,
            "min": 0.005697
        },
        "vus_max": {
            "value": 500,
            "min": 500,
            "max": 500
        },
        "http_req_tls_handshaking": {
            "avg": 0,
            "min": 0,
            "med": 0,
            "max": 0,
            "p(90)": 0,
            "p(95)": 0
        },
        "http_req_failed": {
            "fails": 103099,
            "passes": 0,
            "value": 0
        },
        "http_req_blocked": {
            "min": 0.00132,
            "med": 0.004048,
            "max": 272.313016,
            "p(90)": 0.005435,
            "p(95)": 0.006435,
            "avg": 0.019809508598531946
        }
    }
}