{
    "metrics": {
        "iterations": {
            "count": 132362,
            "rate": 543.353516865708
        },
        "http_req_sending": {
            "avg": 0.01658026843051611,
            "min": 0.00576,
            "med": 0.01342,
            "max": 6.662573,
            "p(90)": 0.021535900000000007,
            "p(95)": 0.027038849999999993
        },
        "data_received": {
            "count": 38694694,
            "rate": 158843.91342637927
        },
        "http_req_duration{expected_response:true}": {
            "p(95)": 2796.6419636,
            "avg": 594.6483573726825,
            "min": 0.414741,
            "med": 1.6535725000000001,
            "max": 3197.563492,
            "p(90)": 2550.7576555000014
        },
        "http_req_failed": {
            "passes": 0,
            "fails": 132362,
            "value": 0
        },
        "vus": {
            "value": 81,
            "min": 14,
            "max": 1000
        },
        "http_req_duration": {
            "min": 0.414741,
            "med": 1.6535725000000001,
            "max": 3197.563492,
            "p(90)": 2550.7576555000014,
            "p(95)": 2796.6419636,
            "avg": 594.6483573726825
        },
        "http_req_blocked": {
            "avg": 0.010123720093380391,
            "min": 0.00145,
            "med": 0.003454,
            "max": 40.441884,
            "p(90)": 0.004643,
            "p(95)": 0.005502
        },
        "http_req_tls_handshaking": {
            "max": 0,
            "p(90)": 0,
            "p(95)": 0,
            "avg": 0,
            "min": 0,
            "med": 0
        },
        "http_req_connecting": {
            "avg": 0.0054583806455024845,
            "min": 0,
            "med": 0,
            "max": 16.15153,
            "p(90)": 0,
            "p(95)": 0
        },
        "vus_max": {
            "value": 1000,
            "min": 1000,
            "max": 1000
        },
        "iteration_duration": {
            "avg": 1595.2602417000498,
            "min": 1000.541261,
            "med": 1002.4097355,
            "max": 4198.361548,
            "p(90)": 3551.3687011,
            "p(95)": 3797.285004
        },
        "http_reqs": {
            "count": 132362,
            "rate": 543.353516865708
        },
        "data_sent": {
            "count": 16055389,
            "rate": 65908.28242091388
        },
        "http_req_waiting": {
            "max": 3197.507454,
            "p(90)": 2550.693049000002,
            "p(95)": 2796.5575842000003,
            "avg": 594.5775700521655,
            "min": 0.356681,
            "med": 1.5807805
        },
        "http_req_receiving": {
            "max": 12.074518,
            "p(90)": 0.07034150000000004,
            "p(95)": 0.11484039999999997,
            "avg": 0.05420705209199104,
            "min": 0.013761,
            "med": 0.0461855
        },
        "checks": {
            "passes": 132362,
            "fails": 0,
            "value": 1
        }
    },
    "root_group": {
        "path": "",
        "id": "d41d8cd98f00b204e9800998ecf8427e",
        "groups": {},
        "checks": {
                "status 200": {
                    "path": "::status 200",
                    "id": "fad9fa412b86fcb03bee97c80dcd61f1",
                    "passes": 132362,
                    "fails": 0,
                    "name": "status 200"
                }
            },
        "name": ""
    }
}