{
    "root_group": {
        "name": "",
        "path": "",
        "id": "d41d8cd98f00b204e9800998ecf8427e",
        "groups": {},
        "checks": {
                "status 200": {
                    "name": "status 200",
                    "path": "::status 200",
                    "id": "fad9fa412b86fcb03bee97c80dcd61f1",
                    "passes": 34617,
                    "fails": 783
                }
            }
    },
    "metrics": {
        "vus": {
            "value": 50,
            "min": 8,
            "max": 500
        },
        "http_req_waiting": {
            "avg": 1872.8855525554245,
            "min": 0,
            "med": 1.59616,
            "max": 60010.122351,
            "p(90)": 53.829902600000004,
            "p(95)": 58.55911179999994
        },
        "data_received": {
            "count": 9246369,
            "rate": 36169.81353758711
        },
        "iterations": {
            "count": 35400,
            "rate": 138.47721189048198
        },
        "http_req_sending": {
            "med": 0.022025,
            "max": 3.786349,
            "p(90)": 0.03705450000000001,
            "p(95)": 0.05180244999999996,
            "avg": 0.0278711802824857,
            "min": 0
        },
        "http_req_failed": {
            "passes": 783,
            "fails": 34617,
            "value": 0.022118644067796612
        },
        "data_sent": {
            "count": 3003703,
            "rate": 11749.8422821208
        },
        "http_req_blocked": {
            "p(95)": 0.021669099999999993,
            "avg": 26.770383716920872,
            "min": 0,
            "med": 0.004768,
            "max": 19692.983709,
            "p(90)": 0.006575
        },
        "http_req_connecting": {
            "p(95)": 0,
            "avg": 26.761688125508485,
            "min": 0,
            "med": 0,
            "max": 19692.916815,
            "p(90)": 0
        },
        "http_req_duration": {
            "med": 1.7098179999999998,
            "max": 60010.173325,
            "p(90)": 53.9371837,
            "p(95)": 58.66189524999997,
            "avg": 1872.9886603331408,
            "min": 0
        },
        "checks": {
            "passes": 34617,
            "fails": 783,
            "value": 0.9778813559322034
        },
        "vus_max": {
            "value": 500,
            "min": 500,
            "max": 500
        },
        "iteration_duration": {
            "avg": 3059.0149617615125,
            "min": 1000.433266,
            "med": 1002.5414665,
            "max": 61011.595607,
            "p(90)": 1055.0207209,
            "p(95)": 1062.71495395
        },
        "http_req_duration{expected_response:true}": {
            "p(95)": 56.17987399999999,
            "avg": 884.0523522038288,
            "min": 0.310965,
            "med": 1.657288,
            "max": 59985.902789,
            "p(90)": 53.428294199999996
        },
        "http_req_tls_handshaking": {
            "max": 0,
            "p(90)": 0,
            "p(95)": 0,
            "avg": 0,
            "min": 0,
            "med": 0
        },
        "http_req_receiving": {
            "avg": 0.07523659742937856,
            "min": 0,
            "med": 0.064188,
            "max": 5.894009,
            "p(90)": 0.10144670000000001,
            "p(95)": 0.17417439999999995
        },
        "http_reqs": {
            "count": 35400,
            "rate": 138.47721189048198
        }
    }
}