{
    "metrics": {
        "iterations": {
            "count": 102949,
            "rate": 427.1090517369777
        },
        "vus_max": {
            "value": 500,
            "min": 500,
            "max": 500
        },
        "http_req_duration": {
            "p(95)": 80.01598379999992,
            "avg": 21.303007847594497,
            "min": 0.477281,
            "med": 1.354528,
            "max": 654.848025,
            "p(90)": 62.978940199999975
        },
        "iteration_duration": {
            "min": 1000.614662,
            "med": 1002.158347,
            "max": 1654.962255,
            "p(90)": 1064.4648952,
            "p(95)": 1081.483614,
            "avg": 1022.3440519868406
        },
        "http_req_blocked": {
            "min": 0.001375,
            "med": 0.00413,
            "max": 108.74342,
            "p(90)": 0.005518,
            "p(95)": 0.006501599999999991,
            "avg": 0.012525662337662342
        },
        "http_req_connecting": {
            "avg": 0.0036386664367793757,
            "min": 0,
            "med": 0,
            "max": 32.721019,
            "p(90)": 0,
            "p(95)": 0
        },
        "http_req_waiting": {
            "avg": 21.1555670030114,
            "min": 0.418048,
            "med": 1.271702,
            "max": 654.816067,
            "p(90)": 62.810078399999995,
            "p(95)": 79.76203939999999
        },
        "http_req_sending": {
            "avg": 0.049364718355690194,
            "min": 0.005535,
            "med": 0.017094,
            "max": 254.044886,
            "p(90)": 0.029353399999999995,
            "p(95)": 0.04314399999999995
        },
        "checks": {
            "passes": 102949,
            "fails": 0,
            "value": 1
        },
        "data_received": {
            "count": 30095197,
            "rate": 124857.2696432946
        },
        "data_sent": {
            "count": 12590570,
            "rate": 52235.05243885845
        },
        "http_req_failed": {
            "fails": 102949,
            "passes": 0,
            "value": 0
        },
        "vus": {
            "value": 65,
            "min": 8,
            "max": 500
        },
        "http_req_duration{expected_response:true}": {
            "avg": 21.303007847594497,
            "min": 0.477281,
            "med": 1.354528,
            "max": 654.848025,
            "p(90)": 62.978940199999975,
            "p(95)": 80.01598379999992
        },
        "http_reqs": {
            "count": 102949,
            "rate": 427.1090517369777
        },
        "http_req_tls_handshaking": {
            "p(95)": 0,
            "avg": 0,
            "min": 0,
            "med": 0,
            "max": 0,
            "p(90)": 0
        },
        "http_req_receiving": {
            "max": 162.665108,
            "p(90)": 0.10379819999999987,
            "p(95)": 0.18489179999999997,
            "avg": 0.0980761262275495,
            "min": 0.013516,
            "med": 0.057769
        }
    },
    "root_group": {
        "name": "",
        "path": "",
        "id": "d41d8cd98f00b204e9800998ecf8427e",
        "groups": {},
        "checks": {
                "status 200": {
                    "name": "status 200",
                    "path": "::status 200",
                    "id": "fad9fa412b86fcb03bee97c80dcd61f1",
                    "passes": 102949,
                    "fails": 0
                }
            }
    }
}