{
    "metrics": {
        "vus_max": {
            "value": 100,
            "min": 100,
            "max": 100
        },
        "http_req_sending": {
            "p(90)": 0.033039,
            "p(95)": 0.0406642,
            "avg": 0.026058631637435412,
            "min": 0.006639,
            "med": 0.025681,
            "max": 4.154329
        },
        "http_req_failed": {
            "passes": 0,
            "fails": 20697,
            "value": 0
        },
        "http_req_tls_handshaking": {
            "min": 0,
            "med": 0,
            "max": 0,
            "p(90)": 0,
            "p(95)": 0,
            "avg": 0
        },
        "iteration_duration": {
            "min": 1000.412081,
            "med": 1001.753464,
            "max": 1125.541376,
            "p(90)": 1052.1557088,
            "p(95)": 1053.1657074,
            "avg": 1017.0132197179764
        },
        "http_req_duration": {
            "avg": 16.259877906991377,
            "min": 0.274478,
            "med": 0.677508,
            "max": 124.38983,
            "p(90)": 51.383635600000005,
            "p(95)": 52.3811252
        },
        "http_req_duration{expected_response:true}": {
            "avg": 16.259877906991377,
            "min": 0.274478,
            "med": 0.677508,
            "max": 124.38983,
            "p(90)": 51.383635600000005,
            "p(95)": 52.3811252
        },
        "checks": {
            "passes": 20697,
            "fails": 0,
            "value": 1
        },
        "http_reqs": {
            "count": 20697,
            "rate": 85.86320631633062
        },
        "http_req_blocked": {
            "p(95)": 0.007373400000000001,
            "avg": 0.010434840749867152,
            "min": 0.001628,
            "med": 0.004856,
            "max": 1.32904,
            "p(90)": 0.006172
        },
        "vus": {
            "value": 8,
            "min": 2,
            "max": 100
        },
        "data_received": {
            "count": 5524157,
            "rate": 22917.419539778806
        },
        "iterations": {
            "count": 20697,
            "rate": 85.86320631633062
        },
        "http_req_waiting": {
            "med": 0.590744,
            "max": 124.316999,
            "p(90)": 51.288365399999996,
            "p(95)": 52.2786318,
            "avg": 16.167551089240074,
            "min": 0.231313
        },
        "data_sent": {
            "count": 1765516,
            "rate": 7324.388296022745
        },
        "http_req_connecting": {
            "max": 0.56616,
            "p(90)": 0,
            "p(95)": 0,
            "avg": 0.004265282456394648,
            "min": 0,
            "med": 0
        },
        "http_req_receiving": {
            "med": 0.064657,
            "max": 0.852836,
            "p(90)": 0.08383020000000001,
            "p(95)": 0.09197380000000001,
            "avg": 0.06626818611392984,
            "min": 0.014668
        }
    },
    "root_group": {
        "name": "",
        "path": "",
        "id": "d41d8cd98f00b204e9800998ecf8427e",
        "groups": {},
        "checks": {
                "status 200": {
                    "name": "status 200",
                    "path": "::status 200",
                    "id": "fad9fa412b86fcb03bee97c80dcd61f1",
                    "passes": 20697,
                    "fails": 0
                }
            }
    }
}