{
    "metrics": {
        "iterations": {
            "count": 103016,
            "rate": 427.3195270448985
        },
        "checks": {
            "fails": 0,
            "passes": 103016,
            "value": 1
        },
        "data_sent": {
            "count": 12598928,
            "rate": 52261.47350152141
        },
        "http_req_waiting": {
            "avg": 20.61070692787531,
            "min": 0.436517,
            "med": 1.2719114999999999,
            "max": 482.091507,
            "p(90)": 61.8770685,
            "p(95)": 78.081232
        },
        "http_req_receiving": {
            "p(95)": 0.18301325000000002,
            "avg": 0.08728876680321446,
            "min": 0.013378,
            "med": 0.058471,
            "max": 170.370529,
            "p(90)": 0.10374549999999999
        },
        "http_req_blocked": {
            "min": 0.001478,
            "med": 0.004195,
            "max": 42.34073,
            "p(90)": 0.005573,
            "p(95)": 0.0066152500000000005,
            "avg": 0.00984340960627483
        },
        "http_req_sending": {
            "med": 0.0174005,
            "max": 175.777172,
            "p(90)": 0.029909,
            "p(95)": 0.044634,
            "avg": 0.04654173297351894,
            "min": 0.005994
        },
        "data_received": {
            "count": 30105984,
            "rate": 124882.29832357384
        },
        "http_req_failed": {
            "fails": 103016,
            "passes": 0,
            "value": 0
        },
        "http_req_duration{expected_response:true}": {
            "avg": 20.744537427651917,
            "min": 0.482143,
            "med": 1.3550085,
            "max": 578.951326,
            "p(90)": 62.0430175,
            "p(95)": 78.281151
        },
        "vus": {
            "value": 74,
            "min": 8,
            "max": 500
        },
        "iteration_duration": {
            "avg": 1021.7047458645112,
            "min": 1000.631766,
            "med": 1002.1606005,
            "max": 1585.714723,
            "p(90)": 1063.2770810000002,
            "p(95)": 1079.58162425
        },
        "vus_max": {
            "min": 500,
            "max": 500,
            "value": 500
        },
        "http_req_connecting": {
            "med": 0,
            "max": 42.235157,
            "p(90)": 0,
            "p(95)": 0,
            "avg": 0.003883247291682845,
            "min": 0
        },
        "http_reqs": {
            "count": 103016,
            "rate": 427.3195270448985
        },
        "http_req_tls_handshaking": {
            "p(90)": 0,
            "p(95)": 0,
            "avg": 0,
            "min": 0,
            "med": 0,
            "max": 0
        },
        "http_req_duration": {
            "avg": 20.744537427651917,
            "min": 0.482143,
            "med": 1.3550085,
            "max": 578.951326,
            "p(90)": 62.0430175,
            "p(95)": 78.281151
        }
    },
    "root_group": {
        "id": "d41d8cd98f00b204e9800998ecf8427e",
        "groups": {},
        "checks": {
                "status 200": {
                    "path": "::status 200",
                    "id": "fad9fa412b86fcb03bee97c80dcd61f1",
                    "passes": 103016,
                    "fails": 0,
                    "name": "status 200"
                }
            },
        "name": "",
        "path": ""
    }
}