{
    "root_group": {
        "path": "",
        "id": "d41d8cd98f00b204e9800998ecf8427e",
        "groups": {},
        "checks": {
                "status 200": {
                    "id": "fad9fa412b86fcb03bee97c80dcd61f1",
                    "passes": 35549,
                    "fails": 10372,
                    "name": "status 200",
                    "path": "::status 200"
                }
            },
        "name": ""
    },
    "metrics": {
        "http_req_connecting": {
            "avg": 322.4957072022171,
            "min": 0,
            "med": 0,
            "max": 19752.023141,
            "p(90)": 0,
            "p(95)": 0.352596
        },
        "iteration_duration": {
            "max": 61028.97649,
            "p(90)": 31001.892656,
            "p(95)": 35549.1720883,
            "avg": 9636.965097791295,
            "min": 1000.406161,
            "med": 1005.090278
        },
        "http_req_blocked": {
            "avg": 322.5045842698766,
            "min": 0,
            "med": 0.00469,
            "max": 19752.146257,
            "p(90)": 0.00757,
            "p(95)": 0.439528
        },
        "http_req_receiving": {
            "avg": 0.06050838296204353,
            "min": 0,
            "med": 0.059148,
            "max": 12.228692,
            "p(90)": 0.087354,
            "p(95)": 0.11097
        },
        "http_req_waiting": {
            "max": 60025.419344,
            "p(90)": 53.662022,
            "p(95)": 18537.322497,
            "avg": 2720.6867451959674,
            "min": 0,
            "med": 0.537659
        },
        "checks": {
            "passes": 35549,
            "fails": 10372,
            "value": 0.7741338385488121
        },
        "http_req_duration{expected_response:true}": {
            "avg": 855.6266732076557,
            "min": 0.279454,
            "med": 1.623913,
            "max": 58560.473618,
            "p(90)": 52.908599800000005,
            "p(95)": 56.19087099999999
        },
        "data_sent": {
            "count": 3179475,
            "rate": 11775.5748830158
        },
        "vus_max": {
            "value": 2000,
            "min": 2000,
            "max": 2000
        },
        "iterations": {
            "count": 45863,
            "rate": 169.85923489247554
        },
        "http_req_failed": {
            "passes": 10372,
            "fails": 35549,
            "value": 0.2258661614511879
        },
        "http_req_sending": {
            "avg": 0.036761362992966194,
            "min": 0,
            "med": 0.021213,
            "max": 10.187575,
            "p(90)": 0.041099,
            "p(95)": 0.097706
        },
        "data_received": {
            "count": 9497962,
            "rate": 35176.86497520456
        },
        "http_reqs": {
            "rate": 170.07404499263828,
            "count": 45921
        },
        "vus": {
            "value": 61,
            "min": 17,
            "max": 2000
        },
        "http_req_duration": {
            "med": 0.63727,
            "max": 60025.49249,
            "p(90)": 53.780922,
            "p(95)": 18537.438561,
            "avg": 2720.7840149419126,
            "min": 0
        },
        "http_req_tls_handshaking": {
            "avg": 0,
            "min": 0,
            "med": 0,
            "max": 0,
            "p(90)": 0,
            "p(95)": 0
        }
    }
}