{
    "root_group": {
        "name": "",
        "path": "",
        "id": "d41d8cd98f00b204e9800998ecf8427e",
        "groups": {},
        "checks": {
                "status 200": {
                    "fails": 3842,
                    "name": "status 200",
                    "path": "::status 200",
                    "id": "fad9fa412b86fcb03bee97c80dcd61f1",
                    "passes": 35432
                }
            }
    },
    "metrics": {
        "iterations": {
            "count": 39274,
            "rate": 146.1797652999936
        },
        "http_req_connecting": {
            "avg": 223.23635532397998,
            "min": 0,
            "med": 0,
            "max": 19752.055381,
            "p(90)": 0,
            "p(95)": 0.22084624999999983
        },
        "http_reqs": {
            "count": 39274,
            "rate": 146.1797652999936
        },
        "http_req_duration": {
            "avg": 2263.079024080826,
            "min": 0,
            "med": 0.794387,
            "max": 60012.805654,
            "p(90)": 53.21390300000002,
            "p(95)": 3515.462453449984
        },
        "http_req_duration{expected_response:true}": {
            "med": 1.241884,
            "max": 55616.726577,
            "p(90)": 52.5734152,
            "p(95)": 54.885679999999994,
            "avg": 785.4479757608107,
            "min": 0.20008
        },
        "http_req_receiving": {
            "min": 0,
            "med": 0.0590525,
            "max": 3.998196,
            "p(90)": 0.08280520000000002,
            "p(95)": 0.09294875,
            "avg": 0.05858982296175586
        },
        "http_req_waiting": {
            "p(95)": 3515.242733199984,
            "avg": 2262.994241371042,
            "min": 0,
            "med": 0.7124865,
            "max": 60012.744406,
            "p(90)": 53.118517300000015
        },
        "vus": {
            "value": 17,
            "min": 13,
            "max": 1000
        },
        "http_req_blocked": {
            "avg": 223.2446453311854,
            "min": 0,
            "med": 0.004811,
            "max": 19752.12837,
            "p(90)": 0.006831,
            "p(95)": 0.28447055
        },
        "http_req_tls_handshaking": {
            "p(90)": 0,
            "p(95)": 0,
            "avg": 0,
            "min": 0,
            "med": 0,
            "max": 0
        },
        "checks": {
            "passes": 35432,
            "fails": 3842,
            "value": 0.9021744665682131
        },
        "data_received": {
            "count": 9477678,
            "rate": 35276.38502899915
        },
        "http_req_failed": {
            "passes": 3842,
            "fails": 35432,
            "value": 0.09782553343178693
        },
        "iteration_duration": {
            "avg": 5590.029061908661,
            "min": 1000.3655,
            "med": 1002.5453545,
            "max": 61014.256362,
            "p(90)": 31001.047749600002,
            "p(95)": 31002.10717575
        },
        "http_req_sending": {
            "med": 0.0214045,
            "max": 2.182048,
            "p(90)": 0.03480050000000002,
            "p(95)": 0.053424299999999945,
            "avg": 0.026192886846259627,
            "min": 0
        },
        "vus_max": {
            "max": 1000,
            "value": 1000,
            "min": 1000
        },
        "data_sent": {
            "rate": 11594.585637422531,
            "count": 3115108
        }
    }
}