{
    "root_group": {
        "name": "",
        "path": "",
        "id": "d41d8cd98f00b204e9800998ecf8427e",
        "groups": {},
        "checks": {
                "status 200": {
                    "id": "fad9fa412b86fcb03bee97c80dcd61f1",
                    "passes": 20694,
                    "fails": 0,
                    "name": "status 200",
                    "path": "::status 200"
                }
            }
    },
    "metrics": {
        "http_req_connecting": {
            "p(95)": 0,
            "avg": 0.004244625640282209,
            "min": 0,
            "med": 0,
            "max": 8.620251,
            "p(90)": 0
        },
        "http_req_duration{expected_response:true}": {
            "med": 0.46874,
            "max": 149.568413,
            "p(90)": 52.1153425,
            "p(95)": 53.685628349999995,
            "avg": 16.322643664202072,
            "min": 0.17972
        },
        "http_req_waiting": {
            "avg": 16.227720314342264,
            "min": 0.120397,
            "med": 0.378441,
            "max": 149.47613,
            "p(90)": 52.012718,
            "p(95)": 53.56983159999999
        },
        "http_req_sending": {
            "max": 4.732125,
            "p(90)": 0.0317997,
            "p(95)": 0.03975279999999996,
            "avg": 0.026017886827099598,
            "min": 0.006359,
            "med": 0.024080999999999998
        },
        "http_req_receiving": {
            "p(90)": 0.0863377,
            "p(95)": 0.09639884999999998,
            "avg": 0.06890546303276308,
            "min": 0.014597,
            "med": 0.0637925,
            "max": 11.002741
        },
        "data_sent": {
            "count": 1765117,
            "rate": 7322.5811918783575
        },
        "iteration_duration": {
            "avg": 1017.1007298822865,
            "min": 1000.320666,
            "med": 1001.4665175,
            "max": 1150.394209,
            "p(90)": 1052.8704327,
            "p(95)": 1054.54106265
        },
        "http_req_duration": {
            "avg": 16.322643664202072,
            "min": 0.17972,
            "med": 0.46874,
            "max": 149.568413,
            "p(90)": 52.1153425,
            "p(95)": 53.685628349999995
        },
        "http_req_failed": {
            "passes": 0,
            "fails": 20694,
            "value": 0
        },
        "http_reqs": {
            "count": 20694,
            "rate": 85.8489806538211
        },
        "http_req_blocked": {
            "avg": 0.010420538416932372,
            "min": 0.001586,
            "med": 0.004822,
            "max": 9.976422,
            "p(90)": 0.006099700000000001,
            "p(95)": 0.007165699999999997
        },
        "vus_max": {
            "value": 100,
            "min": 100,
            "max": 100
        },
        "iterations": {
            "count": 20694,
            "rate": 85.8489806538211
        },
        "http_req_tls_handshaking": {
            "max": 0,
            "p(90)": 0,
            "p(95)": 0,
            "avg": 0,
            "min": 0,
            "med": 0
        },
        "checks": {
            "fails": 0,
            "passes": 20694,
            "value": 1
        },
        "data_received": {
            "count": 6050037,
            "rate": 25098.555589441472
        },
        "vus": {
            "min": 2,
            "max": 100,
            "value": 4
        }
    }
}