{
    "metrics": {
        "checks": {
            "passes": 35422,
            "fails": 3804,
            "value": 0.9030235048182328
        },
        "http_reqs": {
            "count": 39226,
            "rate": 145.7278242388674
        },
        "vus": {
            "value": 8,
            "min": 8,
            "max": 1000
        },
        "http_req_failed": {
            "passes": 3804,
            "fails": 35422,
            "value": 0.0969764951817672
        },
        "http_req_blocked": {
            "avg": 244.58550944289377,
            "min": 0,
            "med": 0.004525,
            "max": 19752.71832,
            "p(90)": 0.0065865,
            "p(95)": 0.30984100000000003
        },
        "iterations": {
            "count": 39226,
            "rate": 145.7278242388674
        },
        "http_req_waiting": {
            "avg": 2315.639085418533,
            "min": 0,
            "med": 0.9506885,
            "max": 60064.018954,
            "p(90)": 53.4395995,
            "p(95)": 4986.83847875
        },
        "http_req_connecting": {
            "min": 0,
            "med": 0,
            "max": 19752.658363,
            "p(90)": 0,
            "p(95)": 0.2447355,
            "avg": 244.57692542902663
        },
        "http_req_receiving": {
            "med": 0.0566505,
            "max": 33.475853,
            "p(90)": 0.0817465,
            "p(95)": 0.09405775,
            "avg": 0.06575742703818911,
            "min": 0
        },
        "http_req_duration{expected_response:true}": {
            "p(95)": 55.04787844999998,
            "avg": 791.1424364940145,
            "min": 0.247281,
            "med": 1.401022,
            "max": 55736.921958,
            "p(90)": 52.701558500000004
        },
        "http_req_tls_handshaking": {
            "p(95)": 0,
            "avg": 0,
            "min": 0,
            "med": 0,
            "max": 0,
            "p(90)": 0
        },
        "vus_max": {
            "value": 1000,
            "min": 1000,
            "max": 1000
        },
        "data_received": {
            "count": 9462331,
            "rate": 35153.33984749876
        },
        "iteration_duration": {
            "avg": 5604.723043844853,
            "min": 1000.368894,
            "med": 1002.6870054999999,
            "max": 61069.100627,
            "p(90)": 31001.027634500002,
            "p(95)": 31002.185684250002
        },
        "data_sent": {
            "count": 3118065,
            "rate": 11583.868563844493
        },
        "http_req_duration": {
            "avg": 2315.73275719647,
            "min": 0,
            "med": 1.038668,
            "max": 60064.165395,
            "p(90)": 53.5467225,
            "p(95)": 4987.191412
        },
        "http_req_sending": {
            "avg": 0.02791435091520927,
            "min": 0,
            "med": 0.0206625,
            "max": 13.551219,
            "p(90)": 0.0339535,
            "p(95)": 0.051443249999999996
        }
    },
    "root_group": {
        "checks": {
            "status 200": {
                "name": "status 200",
                "path": "::status 200",
                "id": "fad9fa412b86fcb03bee97c80dcd61f1",
                "passes": 35422,
                "fails": 3804
            }
        },
        "name": "",
        "path": "",
        "id": "d41d8cd98f00b204e9800998ecf8427e",
        "groups": {}
    }
}