{
    "root_group": {
        "checks": {
            "status 200": {
                "id": "fad9fa412b86fcb03bee97c80dcd61f1",
                "passes": 35439,
                "fails": 3858,
                "name": "status 200",
                "path": "::status 200"
            }
        },
        "name": "",
        "path": "",
        "id": "d41d8cd98f00b204e9800998ecf8427e",
        "groups": {}
    },
    "metrics": {
        "checks": {
            "fails": 3858,
            "passes": 35439,
            "value": 0.9018245667608215
        },
        "http_req_failed": {
            "passes": 3858,
            "fails": 35439,
            "value": 0.09817543323917856
        },
        "http_req_connecting": {
            "med": 0,
            "max": 19752.590793,
            "p(90)": 0,
            "p(95)": 0.21459039999999963,
            "avg": 235.37271874104866,
            "min": 0
        },
        "http_req_duration": {
            "avg": 2240.6217315550703,
            "min": 0,
            "med": 0.785351,
            "max": 60017.282448,
            "p(90)": 53.2675084,
            "p(95)": 3124.6892049998314
        },
        "http_req_duration{expected_response:true}": {
            "med": 1.231772,
            "max": 55680.401292,
            "p(90)": 52.5838536,
            "p(95)": 54.879205199999994,
            "avg": 748.7988950753409,
            "min": 0.205672
        },
        "http_reqs": {
            "count": 39297,
            "rate": 145.78364541888098
        },
        "http_req_blocked": {
            "min": 0,
            "med": 0.004563,
            "max": 19752.643044,
            "p(90)": 0.006546400000000001,
            "p(95)": 0.27734559999999986,
            "avg": 235.3806463257002
        },
        "http_req_sending": {
            "max": 4.285635,
            "p(90)": 0.03303,
            "p(95)": 0.04927679999999999,
            "avg": 0.02560844820215304,
            "min": 0,
            "med": 0.020609
        },
        "http_req_waiting": {
            "p(90)": 53.1834924,
            "p(95)": 3124.5567765998317,
            "avg": 2240.539894056093,
            "min": 0,
            "med": 0.703467,
            "max": 60017.192995
        },
        "iterations": {
            "rate": 145.78364541888098,
            "count": 39297
        },
        "vus": {
            "value": 3,
            "min": 3,
            "max": 1000
        },
        "data_sent": {
            "count": 3117010,
            "rate": 11563.454732094211
        },
        "data_received": {
            "count": 9469766,
            "rate": 35130.84990568682
        },
        "http_req_receiving": {
            "avg": 0.05622905079268138,
            "min": 0,
            "med": 0.056786,
            "max": 10.847449,
            "p(90)": 0.07910180000000001,
            "p(95)": 0.088705
        },
        "vus_max": {
            "value": 1000,
            "min": 1000,
            "max": 1000
        },
        "iteration_duration": {
            "p(95)": 31002.0462792,
            "avg": 5580.003086886026,
            "min": 1000.32946,
            "med": 1002.532465,
            "max": 61018.82498,
            "p(90)": 31001.031631
        },
        "http_req_tls_handshaking": {
            "min": 0,
            "med": 0,
            "max": 0,
            "p(90)": 0,
            "p(95)": 0,
            "avg": 0
        }
    }
}