{
    "metrics": {
        "http_req_duration": {
            "med": 1.791846,
            "max": 3029.328654,
            "p(90)": 2440.9537258,
            "p(95)": 2607.3319787,
            "avg": 599.5426911620859,
            "min": 0.407646
        },
        "vus_max": {
            "value": 1000,
            "min": 1000,
            "max": 1000
        },
        "http_req_blocked": {
            "avg": 0.011689630566733007,
            "min": 0.001519,
            "med": 0.003513,
            "max": 16.373561,
            "p(90)": 0.005278,
            "p(95)": 0.017608
        },
        "http_req_connecting": {
            "min": 0,
            "med": 0,
            "max": 16.308468,
            "p(90)": 0,
            "p(95)": 0,
            "avg": 0.00548973908628673
        },
        "checks": {
            "passes": 131967,
            "fails": 0,
            "value": 1
        },
        "data_received": {
            "count": 38573188,
            "rate": 158141.95891664634
        },
        "http_reqs": {
            "count": 131967,
            "rate": 541.0369475386133
        },
        "http_req_duration{expected_response:true}": {
            "p(90)": 2440.9537258,
            "p(95)": 2607.3319787,
            "avg": 599.5426911620859,
            "min": 0.407646,
            "med": 1.791846,
            "max": 3029.328654
        },
        "http_req_receiving": {
            "med": 0.040465,
            "max": 18.194252,
            "p(90)": 0.10148860000000012,
            "p(95)": 0.16984679999999996,
            "avg": 0.06077265861162201,
            "min": 0.012972
        },
        "http_req_sending": {
            "p(90)": 0.03599620000000003,
            "p(95)": 0.08052279999999994,
            "avg": 0.02568105099002031,
            "min": 0.004943,
            "med": 0.01366,
            "max": 14.04004
        },
        "http_req_failed": {
            "passes": 0,
            "fails": 131967,
            "value": 0
        },
        "iterations": {
            "count": 131967,
            "rate": 541.0369475386133
        },
        "http_req_waiting": {
            "avg": 599.4562374524817,
            "min": 0.364295,
            "med": 1.673489,
            "max": 3029.242834,
            "p(90)": 2440.8377612000004,
            "p(95)": 2607.227888
        },
        "http_req_tls_handshaking": {
            "avg": 0,
            "min": 0,
            "med": 0,
            "max": 0,
            "p(90)": 0,
            "p(95)": 0
        },
        "vus": {
            "max": 1000,
            "value": 13,
            "min": 13
        },
        "iteration_duration": {
            "min": 1000.540275,
            "med": 1002.50917,
            "max": 4029.896697,
            "p(90)": 3441.7819576,
            "p(95)": 3608.0348955,
            "avg": 1600.2586445082002
        },
        "data_sent": {
            "count": 16007597,
            "rate": 65627.78132645482
        }
    },
    "root_group": {
        "checks": {
            "status 200": {
                "name": "status 200",
                "path": "::status 200",
                "id": "fad9fa412b86fcb03bee97c80dcd61f1",
                "passes": 131967,
                "fails": 0
            }
        },
        "name": "",
        "path": "",
        "id": "d41d8cd98f00b204e9800998ecf8427e",
        "groups": {}
    }
}