{
    "root_group": {
        "id": "d41d8cd98f00b204e9800998ecf8427e",
        "groups": {},
        "checks": {
                "status 200": {
                    "id": "fad9fa412b86fcb03bee97c80dcd61f1",
                    "passes": 190314,
                    "fails": 21818,
                    "name": "status 200",
                    "path": "::status 200"
                }
            },
        "name": "",
        "path": ""
    },
    "metrics": {
        "http_req_blocked": {
            "avg": 0.013418225048554434,
            "min": 0.001282,
            "med": 0.003792,
            "max": 106.719898,
            "p(90)": 0.005338,
            "p(95)": 0.007201
        },
        "http_req_connecting": {
            "med": 0,
            "max": 31.769865,
            "p(90)": 0,
            "p(95)": 0,
            "avg": 0.006219391294099894,
            "min": 0
        },
        "http_req_receiving": {
            "med": 0.050474,
            "max": 170.597916,
            "p(90)": 0.1319447,
            "p(95)": 0.19240379999999993,
            "avg": 0.09303835199309654,
            "min": 0.012042
        },
        "data_received": {
            "count": 63262460,
            "rate": 256767.48413076627
        },
        "http_req_duration{expected_response:true}": {
            "avg": 1112.8642295610457,
            "min": 0.487268,
            "med": 1.3280825,
            "max": 6255.410943,
            "p(90)": 5382.6376819,
            "p(95)": 5395.19435675
        },
        "http_req_tls_handshaking": {
            "p(95)": 0,
            "avg": 0,
            "min": 0,
            "med": 0,
            "max": 0,
            "p(90)": 0
        },
        "http_req_waiting": {
            "max": 6255.308365,
            "p(90)": 5379.5445378,
            "p(95)": 5393.42306265,
            "avg": 998.922521795808,
            "min": 0.357981,
            "med": 1.243887
        },
        "http_req_sending": {
            "p(90)": 0.057352699999999986,
            "p(95)": 0.2587325999999992,
            "avg": 0.1663069208228828,
            "min": 0.005057,
            "med": 0.015283,
            "max": 117.70107
        },
        "http_reqs": {
            "count": 212132,
            "rate": 860.9940230529718
        },
        "checks": {
            "passes": 190314,
            "fails": 21818,
            "value": 0.8971489449965117
        },
        "http_req_duration": {
            "avg": 999.1818670686195,
            "min": 0.405435,
            "med": 1.3290365,
            "max": 6255.410943,
            "p(90)": 5379.6872313,
            "p(95)": 5393.5724787
        },
        "http_req_failed": {
            "passes": 21818,
            "fails": 190314,
            "value": 0.1028510550034884
        },
        "iteration_duration": {
            "p(90)": 6380.4410929999995,
            "p(95)": 6394.45843665,
            "avg": 2000.1346665618537,
            "min": 1000.533004,
            "med": 1002.0320429999999,
            "max": 7255.923904
        },
        "data_sent": {
            "count": 25944159,
            "rate": 105301.255030528
        },
        "vus": {
            "value": 171,
            "min": 17,
            "max": 2000
        },
        "vus_max": {
            "value": 2000,
            "min": 2000,
            "max": 2000
        },
        "iterations": {
            "rate": 860.9940230529718,
            "count": 212132
        }
    }
}