{
    "root_group": {
        "id": "d41d8cd98f00b204e9800998ecf8427e",
        "groups": {},
        "checks": {
                "status 200": {
                    "id": "fad9fa412b86fcb03bee97c80dcd61f1",
                    "passes": 142206,
                    "fails": 0,
                    "name": "status 200",
                    "path": "::status 200"
                }
            },
        "name": "",
        "path": ""
    },
    "metrics": {
        "http_req_failed": {
            "passes": 0,
            "fails": 142206,
            "value": 0
        },
        "http_reqs": {
            "count": 142206,
            "rate": 581.7332069830347
        },
        "vus_max": {
            "min": 1000,
            "max": 1000,
            "value": 1000
        },
        "iteration_duration": {
            "min": 1000.640551,
            "med": 1002.578481,
            "max": 4777.902799,
            "p(90)": 3298.0657635,
            "p(95)": 4029.2162417500003,
            "avg": 1485.6787248913952
        },
        "http_req_connecting": {
            "min": 0,
            "med": 0,
            "max": 121.491499,
            "p(90)": 0,
            "p(95)": 0,
            "avg": 0.00929958764749729
        },
        "http_req_duration": {
            "max": 3777.523969,
            "p(90)": 2297.1310335,
            "p(95)": 3028.051516,
            "avg": 484.80235074830256,
            "min": 0.515965,
            "med": 2.081182
        },
        "http_req_blocked": {
            "med": 0.003817,
            "max": 135.42462,
            "p(90)": 0.005108,
            "p(95)": 0.0061277499999999995,
            "avg": 0.01566021924532003,
            "min": 0.001296
        },
        "http_req_tls_handshaking": {
            "avg": 0,
            "min": 0,
            "med": 0,
            "max": 0,
            "p(90)": 0,
            "p(95)": 0
        },
        "data_sent": {
            "count": 17249402,
            "rate": 70563.47794044958
        },
        "checks": {
            "passes": 142206,
            "fails": 0,
            "value": 1
        },
        "data_received": {
            "count": 41576538,
            "rate": 170080.39594666898
        },
        "http_req_waiting": {
            "avg": 484.67498055195347,
            "min": 0.47171,
            "med": 2.007769,
            "max": 3777.460276,
            "p(90)": 2297.0400285,
            "p(95)": 3027.981648
        },
        "http_req_sending": {
            "min": 0.005776,
            "med": 0.015031,
            "max": 86.935635,
            "p(90)": 0.025436,
            "p(95)": 0.03560575,
            "avg": 0.044425599173030655
        },
        "http_req_receiving": {
            "med": 0.052591,
            "max": 74.122407,
            "p(90)": 0.0965445,
            "p(95)": 0.16430925000000002,
            "avg": 0.08294459717592795,
            "min": 0.011751
        },
        "vus": {
            "value": 68,
            "min": 13,
            "max": 1000
        },
        "iterations": {
            "count": 142206,
            "rate": 581.7332069830347
        },
        "http_req_duration{expected_response:true}": {
            "avg": 484.80235074830256,
            "min": 0.515965,
            "med": 2.081182,
            "max": 3777.523969,
            "p(90)": 2297.1310335,
            "p(95)": 3028.051516
        }
    }
}