{
    "root_group": {
        "name": "",
        "path": "",
        "id": "d41d8cd98f00b204e9800998ecf8427e",
        "groups": {},
        "checks": {
                "status 200": {
                    "name": "status 200",
                    "path": "::status 200",
                    "id": "fad9fa412b86fcb03bee97c80dcd61f1",
                    "passes": 34650,
                    "fails": 786
                }
            }
    },
    "metrics": {
        "http_req_waiting": {
            "avg": 1872.3295364121145,
            "min": 0,
            "med": 1.4184065000000001,
            "max": 60034.744802,
            "p(90)": 52.799142,
            "p(95)": 56.17979775
        },
        "vus": {
            "value": 50,
            "min": 8,
            "max": 500
        },
        "http_reqs": {
            "count": 35436,
            "rate": 138.72175978412102
        },
        "http_req_failed": {
            "passes": 786,
            "fails": 34650,
            "value": 0.02218083305113444
        },
        "data_sent": {
            "count": 3006698,
            "rate": 11770.358892070128
        },
        "http_req_blocked": {
            "max": 19450.165273,
            "p(90)": 0.006492,
            "p(95)": 0.01852625,
            "avg": 22.502457608844104,
            "min": 0,
            "med": 0.004836
        },
        "data_received": {
            "count": 9254046,
            "rate": 36226.931545411615
        },
        "http_req_connecting": {
            "min": 0,
            "med": 0,
            "max": 19450.093913,
            "p(90)": 0,
            "p(95)": 0,
            "avg": 22.493099102127797
        },
        "iteration_duration": {
            "max": 61054.31456,
            "p(90)": 1053.992211,
            "p(95)": 1058.9847945000001,
            "avg": 3054.925259588371,
            "min": 1000.407419,
            "med": 1002.2817580000001
        },
        "http_req_duration{expected_response:true}": {
            "p(90)": 52.6067313,
            "p(95)": 54.58077709999998,
            "avg": 880.768346612725,
            "min": 0.273219,
            "med": 1.4372544999999999,
            "max": 59997.312748
        },
        "checks": {
            "passes": 34650,
            "fails": 786,
            "value": 0.9778191669488656
        },
        "http_req_duration": {
            "med": 1.5233715,
            "max": 60034.853494,
            "p(90)": 52.901814,
            "p(95)": 56.3468165,
            "avg": 1872.4341954298518,
            "min": 0
        },
        "http_req_sending": {
            "avg": 0.029459336606840667,
            "min": 0,
            "med": 0.022780500000000002,
            "max": 15.613621,
            "p(90)": 0.035172999999999996,
            "p(95)": 0.045721250000000005
        },
        "iterations": {
            "count": 35436,
            "rate": 138.72175978412102
        },
        "vus_max": {
            "value": 500,
            "min": 500,
            "max": 500
        },
        "http_req_receiving": {
            "p(90)": 0.086738,
            "p(95)": 0.09968475,
            "avg": 0.07519968111525005,
            "min": 0,
            "med": 0.0636855,
            "max": 25.928327
        },
        "http_req_tls_handshaking": {
            "p(90)": 0,
            "p(95)": 0,
            "avg": 0,
            "min": 0,
            "med": 0,
            "max": 0
        }
    }
}