{
    "root_group": {
        "id": "d41d8cd98f00b204e9800998ecf8427e",
        "groups": {},
        "checks": {
                "status 200": {
                    "name": "status 200",
                    "path": "::status 200",
                    "id": "fad9fa412b86fcb03bee97c80dcd61f1",
                    "passes": 102942,
                    "fails": 0
                }
            },
        "name": "",
        "path": ""
    },
    "metrics": {
        "http_req_failed": {
            "passes": 0,
            "fails": 102942,
            "value": 0
        },
        "http_reqs": {
            "count": 102942,
            "rate": 427.05689954461315
        },
        "http_req_blocked": {
            "p(95)": 0.006333,
            "avg": 0.009583380787239372,
            "min": 0.001439,
            "med": 0.004058,
            "max": 28.620147,
            "p(90)": 0.005438
        },
        "data_sent": {
            "count": 12589730,
            "rate": 52228.741037708634
        },
        "iterations": {
            "count": 102942,
            "rate": 427.05689954461315
        },
        "http_req_sending": {
            "avg": 0.037383056313264,
            "min": 0.005611,
            "med": 0.016745,
            "max": 86.948776,
            "p(90)": 0.02849290000000001,
            "p(95)": 0.0390419
        },
        "vus": {
            "value": 80,
            "min": 8,
            "max": 500
        },
        "vus_max": {
            "value": 500,
            "min": 500,
            "max": 500
        },
        "http_req_waiting": {
            "min": 0.485626,
            "med": 1.3949115,
            "max": 3876.811497,
            "p(90)": 54.9228089,
            "p(95)": 64.80340435000001,
            "avg": 21.486463090925064
        },
        "http_req_receiving": {
            "avg": 0.0820427981776149,
            "min": 0.013444,
            "med": 0.055976,
            "max": 83.259115,
            "p(90)": 0.09341480000000002,
            "p(95)": 0.17341714999999994
        },
        "http_req_connecting": {
            "avg": 0.0035004328651085047,
            "min": 0,
            "med": 0,
            "max": 27.041017,
            "p(90)": 0,
            "p(95)": 0
        },
        "iteration_duration": {
            "avg": 1022.4849241674996,
            "min": 1000.660053,
            "med": 1002.341321,
            "max": 4877.754296,
            "p(90)": 1055.8613042,
            "p(95)": 1066.69593745
        },
        "http_req_tls_handshaking": {
            "avg": 0,
            "min": 0,
            "med": 0,
            "max": 0,
            "p(90)": 0,
            "p(95)": 0
        },
        "http_req_duration{expected_response:true}": {
            "max": 3876.902119,
            "p(90)": 55.03673770000001,
            "p(95)": 65.0346359,
            "avg": 21.605888945416098,
            "min": 0.533164,
            "med": 1.4807095000000001
        },
        "data_received": {
            "rate": 124590.36775997843,
            "count": 30032489
        },
        "checks": {
            "passes": 102942,
            "fails": 0,
            "value": 1
        },
        "http_req_duration": {
            "med": 1.4807095000000001,
            "max": 3876.902119,
            "p(90)": 55.03673770000001,
            "p(95)": 65.0346359,
            "avg": 21.605888945416098,
            "min": 0.533164
        }
    }
}