{
    "root_group": {
        "groups": {},
        "checks": {
                "status 200": {
                    "name": "status 200",
                    "path": "::status 200",
                    "id": "fad9fa412b86fcb03bee97c80dcd61f1",
                    "passes": 20694,
                    "fails": 0
                }
            },
        "name": "",
        "path": "",
        "id": "d41d8cd98f00b204e9800998ecf8427e"
    },
    "metrics": {
        "data_received": {
            "count": 5519822,
            "rate": 22900.1988844326
        },
        "iteration_duration": {
            "max": 1095.119432,
            "p(90)": 1052.1271681,
            "p(95)": 1053.1347888999999,
            "avg": 1017.1143941954676,
            "min": 1000.372873,
            "med": 1001.707922
        },
        "http_req_sending": {
            "avg": 0.026720424567507395,
            "min": 0.006781,
            "med": 0.0245435,
            "max": 8.910994,
            "p(90)": 0.0314658,
            "p(95)": 0.03904884999999999
        },
        "http_req_failed": {
            "passes": 0,
            "fails": 20694,
            "value": 0
        },
        "checks": {
            "passes": 20694,
            "fails": 0,
            "value": 1
        },
        "vus_max": {
            "value": 100,
            "min": 100,
            "max": 100
        },
        "vus": {
            "value": 3,
            "min": 2,
            "max": 100
        },
        "data_sent": {
            "count": 1765305,
            "rate": 7323.757105153625
        },
        "http_req_tls_handshaking": {
            "max": 0,
            "p(90)": 0,
            "p(95)": 0,
            "avg": 0,
            "min": 0,
            "med": 0
        },
        "http_req_connecting": {
            "avg": 0.00429685841306659,
            "min": 0,
            "med": 0,
            "max": 5.101615,
            "p(90)": 0,
            "p(95)": 0
        },
        "http_req_duration{expected_response:true}": {
            "min": 0.220842,
            "med": 0.6364179999999999,
            "max": 84.357779,
            "p(90)": 51.3773957,
            "p(95)": 52.33251595,
            "avg": 16.324396696771995
        },
        "http_req_blocked": {
            "p(90)": 0.005919700000000001,
            "p(95)": 0.006908349999999999,
            "avg": 0.010436363776940205,
            "min": 0.001385,
            "med": 0.004616,
            "max": 5.181368
        },
        "iterations": {
            "rate": 85.853622764366,
            "count": 20694
        },
        "http_reqs": {
            "count": 20694,
            "rate": 85.853622764366
        },
        "http_req_receiving": {
            "p(90)": 0.0820075,
            "p(95)": 0.09000074999999996,
            "avg": 0.06859528423697708,
            "min": 0.014611,
            "med": 0.0622135,
            "max": 31.317363
        },
        "http_req_duration": {
            "p(95)": 52.33251595,
            "avg": 16.324396696771995,
            "min": 0.220842,
            "med": 0.6364179999999999,
            "max": 84.357779,
            "p(90)": 51.3773957
        },
        "http_req_waiting": {
            "avg": 16.229080987967627,
            "min": 0.186501,
            "med": 0.5512334999999999,
            "max": 84.298203,
            "p(90)": 51.2755706,
            "p(95)": 52.2327715
        }
    }
}