{
    "root_group": {
        "checks": {
            "status 200": {
                "path": "::status 200",
                "id": "fad9fa412b86fcb03bee97c80dcd61f1",
                "passes": 20701,
                "fails": 0,
                "name": "status 200"
            }
        },
        "name": "",
        "path": "",
        "id": "d41d8cd98f00b204e9800998ecf8427e",
        "groups": {}
    },
    "metrics": {
        "checks": {
            "passes": 20701,
            "fails": 0,
            "value": 1
        },
        "data_sent": {
            "count": 1765796,
            "rate": 7325.436866124736
        },
        "data_received": {
            "count": 5529880,
            "rate": 22940.80789470916
        },
        "iteration_duration": {
            "avg": 1016.9545495086209,
            "min": 1000.432261,
            "med": 1001.825877,
            "max": 1083.245656,
            "p(90)": 1052.243771,
            "p(95)": 1053.298272
        },
        "http_req_duration{expected_response:true}": {
            "p(90)": 51.397634,
            "p(95)": 52.460539,
            "avg": 16.122735839718015,
            "min": 0.288478,
            "med": 0.732203,
            "max": 80.266048
        },
        "http_req_connecting": {
            "med": 0,
            "max": 1.979396,
            "p(90)": 0,
            "p(95)": 0,
            "avg": 0.0044248251775276535,
            "min": 0
        },
        "http_req_receiving": {
            "med": 0.068191,
            "max": 8.410359,
            "p(90)": 0.092011,
            "p(95)": 0.126728,
            "avg": 0.07797297840684057,
            "min": 0.018375
        },
        "http_req_failed": {
            "passes": 0,
            "fails": 20701,
            "value": 0
        },
        "http_req_tls_handshaking": {
            "max": 0,
            "p(90)": 0,
            "p(95)": 0,
            "avg": 0,
            "min": 0,
            "med": 0
        },
        "http_reqs": {
            "count": 20701,
            "rate": 85.87847552358718
        },
        "vus_max": {
            "value": 100,
            "min": 100,
            "max": 100
        },
        "http_req_waiting": {
            "med": 0.620732,
            "max": 80.159047,
            "p(90)": 51.274614,
            "p(95)": 52.34289,
            "avg": 16.014078778319917,
            "min": 0.232587
        },
        "vus": {
            "value": 6,
            "min": 2,
            "max": 100
        },
        "iterations": {
            "count": 20701,
            "rate": 85.87847552358718
        },
        "http_req_duration": {
            "avg": 16.122735839718015,
            "min": 0.288478,
            "med": 0.732203,
            "max": 80.266048,
            "p(90)": 51.397634,
            "p(95)": 52.460539
        },
        "http_req_blocked": {
            "avg": 0.011362683783392167,
            "min": 0.001736,
            "med": 0.004919,
            "max": 2.577773,
            "p(90)": 0.006333,
            "p(95)": 0.008123
        },
        "http_req_sending": {
            "min": 0.007081,
            "med": 0.026501,
            "max": 16.233045,
            "p(90)": 0.034494,
            "p(95)": 0.043106,
            "avg": 0.030684082991160034
        }
    }
}