{
    "metrics": {
        "iterations": {
            "count": 35419,
            "rate": 138.65098840134075
        },
        "vus": {
            "value": 50,
            "min": 8,
            "max": 500
        },
        "http_req_connecting": {
            "min": 0,
            "med": 0,
            "max": 19737.002338,
            "p(90)": 0,
            "p(95)": 0,
            "avg": 24.712484028543997
        },
        "http_req_duration": {
            "min": 0,
            "med": 1.584854,
            "max": 60038.476425,
            "p(90)": 52.9513342,
            "p(95)": 57.48569459999998,
            "avg": 1871.6420451842605
        },
        "http_req_sending": {
            "avg": 0.04846774959767372,
            "min": 0,
            "med": 0.024636,
            "max": 84.590537,
            "p(90)": 0.03826940000000001,
            "p(95)": 0.054851099999999986
        },
        "data_sent": {
            "count": 3005197,
            "rate": 11764.124746343601
        },
        "http_req_waiting": {
            "avg": 1871.4894852068305,
            "min": 0,
            "med": 1.459751,
            "max": 60038.327276,
            "p(90)": 52.8218854,
            "p(95)": 57.15342699999998
        },
        "checks": {
            "passes": 34634,
            "fails": 785,
            "value": 0.9778367542844236
        },
        "http_req_tls_handshaking": {
            "avg": 0,
            "min": 0,
            "med": 0,
            "max": 0,
            "p(90)": 0,
            "p(95)": 0
        },
        "http_req_failed": {
            "passes": 785,
            "fails": 34634,
            "value": 0.022163245715576384
        },
        "http_req_blocked": {
            "max": 19737.069342,
            "p(90)": 0.006709,
            "p(95)": 0.02051969999999986,
            "avg": 24.7259299113188,
            "min": 0,
            "med": 0.005009
        },
        "data_received": {
            "count": 9255191,
            "rate": 36230.310849916525
        },
        "vus_max": {
            "value": 500,
            "min": 500,
            "max": 500
        },
        "iteration_duration": {
            "avg": 3056.5634184237624,
            "min": 1000.37925,
            "med": 1002.418012,
            "max": 61040.147311,
            "p(90)": 1054.1912422,
            "p(95)": 1066.7700473
        },
        "http_req_receiving": {
            "p(95)": 0.14041259999999994,
            "avg": 0.10409222781557959,
            "min": 0,
            "med": 0.068075,
            "max": 103.328224,
            "p(90)": 0.09962939999999999
        },
        "http_req_duration{expected_response:true}": {
            "min": 0.241386,
            "med": 1.5128005,
            "max": 59992.322852,
            "p(90)": 52.6065739,
            "p(95)": 54.7732178,
            "avg": 881.5980927277238
        },
        "http_reqs": {
            "count": 35419,
            "rate": 138.65098840134075
        }
    },
    "root_group": {
        "name": "",
        "path": "",
        "id": "d41d8cd98f00b204e9800998ecf8427e",
        "groups": {},
        "checks": {
                "status 200": {
                    "fails": 785,
                    "name": "status 200",
                    "path": "::status 200",
                    "id": "fad9fa412b86fcb03bee97c80dcd61f1",
                    "passes": 34634
                }
            }
    }
}