{
    "root_group": {
        "name": "",
        "path": "",
        "id": "d41d8cd98f00b204e9800998ecf8427e",
        "groups": {},
        "checks": {
                "status 200": {
                    "path": "::status 200",
                    "id": "fad9fa412b86fcb03bee97c80dcd61f1",
                    "passes": 35456,
                    "fails": 3809,
                    "name": "status 200"
                }
            }
    },
    "metrics": {
        "http_req_duration{expected_response:true}": {
            "max": 55476.778604,
            "p(90)": 52.687723000000005,
            "p(95)": 54.92679675,
            "avg": 788.8514242133064,
            "min": 0.232787,
            "med": 1.439684
        },
        "http_req_failed": {
            "passes": 3809,
            "fails": 35456,
            "value": 0.09700751305233668
        },
        "http_reqs": {
            "count": 39265,
            "rate": 145.65249469140815
        },
        "http_req_duration": {
            "max": 60001.009287,
            "p(90)": 53.3851396,
            "p(95)": 4125.449918999469,
            "avg": 2293.791285424607,
            "min": 0,
            "med": 1.090532
        },
        "http_req_waiting": {
            "p(90)": 53.285289,
            "p(95)": 4125.1654995994695,
            "avg": 2293.7104159656456,
            "min": 0,
            "med": 1.006591,
            "max": 60000.958188
        },
        "iteration_duration": {
            "med": 1002.647181,
            "max": 61021.668496,
            "p(90)": 31000.9587398,
            "p(95)": 31002.1124044,
            "avg": 5594.449405506167,
            "min": 1000.347723
        },
        "http_req_blocked": {
            "min": 0,
            "med": 0.004369,
            "max": 19751.281194,
            "p(90)": 0.006457599999999999,
            "p(95)": 0.2983877999999994,
            "avg": 246.9056532396805
        },
        "http_req_sending": {
            "med": 0.019506,
            "max": 6.009927,
            "p(90)": 0.03243559999999998,
            "p(95)": 0.05044239999999997,
            "avg": 0.02529254223863499,
            "min": 0
        },
        "http_req_receiving": {
            "med": 0.05373,
            "max": 16.675923,
            "p(90)": 0.07752579999999999,
            "p(95)": 0.08931239999999997,
            "avg": 0.05557691671972517,
            "min": 0
        },
        "vus": {
            "min": 10,
            "max": 1000,
            "value": 10
        },
        "vus_max": {
            "min": 1000,
            "max": 1000,
            "value": 1000
        },
        "data_sent": {
            "count": 3120270,
            "rate": 11574.560285515347
        },
        "iterations": {
            "count": 39265,
            "rate": 145.65249469140815
        },
        "http_req_tls_handshaking": {
            "p(95)": 0,
            "avg": 0,
            "min": 0,
            "med": 0,
            "max": 0,
            "p(90)": 0
        },
        "checks": {
            "fails": 3809,
            "passes": 35456,
            "value": 0.9029924869476633
        },
        "data_received": {
            "count": 9460249,
            "rate": 35092.547236773185
        },
        "http_req_connecting": {
            "max": 19751.163303,
            "p(90)": 0,
            "p(95)": 0.2366815999999996,
            "avg": 246.89785932527724,
            "min": 0,
            "med": 0
        }
    }
}