{
    "root_group": {
        "path": "",
        "id": "d41d8cd98f00b204e9800998ecf8427e",
        "groups": {},
        "checks": {
                "status 200": {
                    "name": "status 200",
                    "path": "::status 200",
                    "id": "fad9fa412b86fcb03bee97c80dcd61f1",
                    "passes": 20690,
                    "fails": 0
                }
            },
        "name": ""
    },
    "metrics": {
        "iterations": {
            "rate": 85.84690683674246,
            "count": 20690
        },
        "checks": {
            "passes": 20690,
            "fails": 0,
            "value": 1
        },
        "http_reqs": {
            "rate": 85.84690683674246,
            "count": 20690
        },
        "vus": {
            "value": 5,
            "min": 2,
            "max": 100
        },
        "data_sent": {
            "count": 1764805,
            "rate": 7322.525394877587
        },
        "http_req_duration{expected_response:true}": {
            "p(90)": 51.38457150000001,
            "p(95)": 52.3865417,
            "avg": 16.451887987288455,
            "min": 0.278641,
            "med": 0.7591935000000001,
            "max": 1836.263373
        },
        "iteration_duration": {
            "p(95)": 1053.20835825,
            "avg": 1017.2641488763605,
            "min": 1000.417937,
            "med": 1001.827855,
            "max": 2837.575893,
            "p(90)": 1052.203269
        },
        "http_req_connecting": {
            "min": 0,
            "med": 0,
            "max": 2.640911,
            "p(90)": 0,
            "p(95)": 0,
            "avg": 0.004497872933784439
        },
        "http_req_sending": {
            "avg": 0.028972991251812442,
            "min": 0.007175,
            "med": 0.0264835,
            "max": 4.42263,
            "p(90)": 0.03367710000000002,
            "p(95)": 0.04201259999999999
        },
        "http_req_tls_handshaking": {
            "avg": 0,
            "min": 0,
            "med": 0,
            "max": 0,
            "p(90)": 0,
            "p(95)": 0
        },
        "http_req_receiving": {
            "med": 0.0680935,
            "max": 7.513716,
            "p(90)": 0.0914144,
            "p(95)": 0.11985159999999997,
            "avg": 0.0786197144514261,
            "min": 0.016694
        },
        "http_req_failed": {
            "passes": 0,
            "fails": 20690,
            "value": 0
        },
        "http_req_duration": {
            "p(95)": 52.3865417,
            "avg": 16.451887987288455,
            "min": 0.278641,
            "med": 0.7591935000000001,
            "max": 1836.263373,
            "p(90)": 51.38457150000001
        },
        "vus_max": {
            "max": 100,
            "value": 100,
            "min": 100
        },
        "http_req_waiting": {
            "min": 0.236461,
            "med": 0.6504045,
            "max": 1836.086168,
            "p(90)": 51.2569018,
            "p(95)": 52.2731766,
            "avg": 16.3442952815853
        },
        "data_received": {
            "count": 5530963,
            "rate": 22949.060675614768
        },
        "http_req_blocked": {
            "min": 0.00183,
            "med": 0.004972,
            "max": 4.448134,
            "p(90)": 0.006331,
            "p(95)": 0.007721049999999992,
            "avg": 0.011325503431609419
        }
    }
}