{
    "root_group": {
        "name": "",
        "path": "",
        "id": "d41d8cd98f00b204e9800998ecf8427e",
        "groups": {},
        "checks": {
                "status 200": {
                    "name": "status 200",
                    "path": "::status 200",
                    "id": "fad9fa412b86fcb03bee97c80dcd61f1",
                    "passes": 35651,
                    "fails": 10584
                }
            }
    },
    "metrics": {
        "checks": {
            "passes": 35651,
            "fails": 10584,
            "value": 0.7710825132475397
        },
        "data_sent": {
            "count": 3167301,
            "rate": 11730.563041410052
        },
        "http_req_tls_handshaking": {
            "med": 0,
            "max": 0,
            "p(90)": 0,
            "p(95)": 0,
            "avg": 0,
            "min": 0
        },
        "http_req_blocked": {
            "p(95)": 0.3558860999999999,
            "avg": 257.1572105080777,
            "min": 0,
            "med": 0.004816,
            "max": 19752.429292,
            "p(90)": 0.007159599999999999
        },
        "data_received": {
            "count": 9523882,
            "rate": 35273.0915691153
        },
        "http_reqs": {
            "count": 46235,
            "rate": 171.2380926914094
        },
        "http_req_receiving": {
            "avg": 0.06101070109224636,
            "min": 0,
            "med": 0.059644,
            "max": 40.846111,
            "p(90)": 0.08637379999999999,
            "p(95)": 0.10015009999999992
        },
        "http_req_waiting": {
            "max": 60028.932181,
            "p(90)": 53.185713,
            "p(95)": 7881.914427799893,
            "avg": 2479.9485189549523,
            "min": 0,
            "med": 0.44947
        },
        "iterations": {
            "count": 46196,
            "rate": 171.0936504806391
        },
        "http_req_duration{expected_response:true}": {
            "min": 0.21749,
            "med": 1.459568,
            "max": 59953.863498,
            "p(90)": 52.820964,
            "p(95)": 55.8700905,
            "avg": 880.3561054740965
        },
        "http_req_connecting": {
            "avg": 257.1485030291118,
            "min": 0,
            "med": 0,
            "max": 19752.380727,
            "p(90)": 0,
            "p(95)": 0.2786840999999997
        },
        "http_req_duration": {
            "avg": 2480.0472454434444,
            "min": 0,
            "med": 0.546801,
            "max": 60029.076416,
            "p(90)": 53.299151599999995,
            "p(95)": 7882.193433699891
        },
        "iteration_duration": {
            "avg": 9604.568677041181,
            "min": 1000.314718,
            "med": 1005.001575,
            "max": 61045.259836,
            "p(90)": 31001.8771515,
            "p(95)": 31003.555555749997
        },
        "http_req_sending": {
            "avg": 0.03771578739050554,
            "min": 0,
            "med": 0.020794,
            "max": 38.896138,
            "p(90)": 0.039274199999999995,
            "p(95)": 0.08932529999999995
        },
        "http_req_failed": {
            "passes": 10584,
            "fails": 35651,
            "value": 0.22891748675246026
        },
        "vus": {
            "value": 45,
            "min": 18,
            "max": 2000
        },
        "vus_max": {
            "max": 2000,
            "value": 2000,
            "min": 2000
        }
    }
}