{
    "root_group": {
        "name": "",
        "path": "",
        "id": "d41d8cd98f00b204e9800998ecf8427e",
        "groups": {},
        "checks": {
                "status 200": {
                    "name": "status 200",
                    "path": "::status 200",
                    "id": "fad9fa412b86fcb03bee97c80dcd61f1",
                    "passes": 20687,
                    "fails": 0
                }
            }
    },
    "metrics": {
        "http_req_sending": {
            "med": 0.025342,
            "max": 24.924484,
            "p(90)": 0.031876800000000004,
            "p(95)": 0.0396625,
            "avg": 0.029866843428239982,
            "min": 0.006395
        },
        "vus_max": {
            "value": 100,
            "min": 100,
            "max": 100
        },
        "checks": {
            "passes": 20687,
            "fails": 0,
            "value": 1
        },
        "http_req_blocked": {
            "avg": 0.008706788466186438,
            "min": 0.001515,
            "med": 0.004697,
            "max": 3.050265,
            "p(90)": 0.005986,
            "p(95)": 0.006876100000000002
        },
        "data_received": {
            "count": 6029494,
            "rate": 25018.69426361657
        },
        "http_req_duration": {
            "p(90)": 51.851001399999994,
            "p(95)": 52.3174786,
            "avg": 16.73749385889704,
            "min": 0.552547,
            "med": 1.526691,
            "max": 109.799801
        },
        "http_req_tls_handshaking": {
            "max": 0,
            "p(90)": 0,
            "p(95)": 0,
            "avg": 0,
            "min": 0,
            "med": 0
        },
        "http_req_failed": {
            "passes": 0,
            "fails": 20687,
            "value": 0
        },
        "http_req_waiting": {
            "max": 91.947741,
            "p(90)": 51.7407702,
            "p(95)": 52.202565400000005,
            "avg": 16.625278798230777,
            "min": 0.487603,
            "med": 1.431705
        },
        "vus": {
            "value": 5,
            "min": 2,
            "max": 100
        },
        "iterations": {
            "count": 20687,
            "rate": 85.8383353945515
        },
        "http_req_duration{expected_response:true}": {
            "med": 1.526691,
            "max": 109.799801,
            "p(90)": 51.851001399999994,
            "p(95)": 52.3174786,
            "avg": 16.73749385889704,
            "min": 0.552547
        },
        "data_sent": {
            "count": 2530027,
            "rate": 10498.057049512785
        },
        "iteration_duration": {
            "p(90)": 1052.7287588000002,
            "p(95)": 1053.2327994,
            "avg": 1017.5391147917036,
            "min": 1000.673822,
            "med": 1002.415614,
            "max": 1110.855161
        },
        "http_reqs": {
            "count": 20687,
            "rate": 85.8383353945515
        },
        "http_req_receiving": {
            "p(95)": 0.10195910000000004,
            "avg": 0.08234821723787873,
            "min": 0.016395,
            "med": 0.067529,
            "max": 40.391426,
            "p(90)": 0.08955120000000001
        },
        "http_req_connecting": {
            "max": 2.865197,
            "p(90)": 0,
            "p(95)": 0,
            "avg": 0.002878713539904287,
            "min": 0,
            "med": 0
        }
    }
}