{
    "root_group": {
        "name": "",
        "path": "",
        "id": "d41d8cd98f00b204e9800998ecf8427e",
        "groups": {},
        "checks": {
                "status 200": {
                    "passes": 34663,
                    "fails": 783,
                    "name": "status 200",
                    "path": "::status 200",
                    "id": "fad9fa412b86fcb03bee97c80dcd61f1"
                }
            }
    },
    "metrics": {
        "data_received": {
            "count": 9268766,
            "rate": 36286.77595286775
        },
        "http_req_failed": {
            "passes": 783,
            "fails": 34663,
            "value": 0.022089939626474073
        },
        "http_req_tls_handshaking": {
            "med": 0,
            "max": 0,
            "p(90)": 0,
            "p(95)": 0,
            "avg": 0,
            "min": 0
        },
        "http_req_duration": {
            "min": 0,
            "med": 1.6256325,
            "max": 60005.22173,
            "p(90)": 53.005334000000005,
            "p(95)": 56.27167,
            "avg": 1871.0502318243646
        },
        "http_req_waiting": {
            "avg": 1870.9298545328058,
            "min": 0,
            "med": 1.5031050000000001,
            "max": 60005.161885,
            "p(90)": 52.861944,
            "p(95)": 56.097161
        },
        "iteration_duration": {
            "p(95)": 1058.63941475,
            "avg": 3053.473751405981,
            "min": 1000.483628,
            "med": 1002.5009239999999,
            "max": 61009.542056,
            "p(90)": 1054.2011539999999
        },
        "http_req_connecting": {
            "med": 0,
            "max": 19606.474886,
            "p(90)": 0,
            "p(95)": 0,
            "avg": 22.46273843767986,
            "min": 0
        },
        "data_sent": {
            "count": 3007399,
            "rate": 11773.823366980947
        },
        "http_req_sending": {
            "p(90)": 0.043565,
            "p(95)": 0.0585315,
            "avg": 0.03451426541781867,
            "min": 0,
            "med": 0.02534,
            "max": 13.901428
        },
        "http_req_blocked": {
            "p(90)": 0.0107375,
            "p(95)": 0.02260125,
            "avg": 22.47258547991312,
            "min": 0,
            "med": 0.004731,
            "max": 19606.596597
        },
        "http_reqs": {
            "count": 35446,
            "rate": 138.7693961014174
        },
        "vus_max": {
            "value": 500,
            "min": 500,
            "max": 500
        },
        "vus": {
            "value": 50,
            "min": 8,
            "max": 500
        },
        "iterations": {
            "rate": 138.7693961014174,
            "count": 35446
        },
        "http_req_receiving": {
            "p(90)": 0.102603,
            "p(95)": 0.12136675,
            "avg": 0.08586302615245774,
            "min": 0,
            "med": 0.079418,
            "max": 8.19359
        },
        "http_req_duration{expected_response:true}": {
            "med": 1.580029,
            "max": 59979.71428,
            "p(90)": 52.701904,
            "p(95)": 54.6526807,
            "avg": 884.7896068548324,
            "min": 0.318856
        },
        "checks": {
            "passes": 34663,
            "fails": 783,
            "value": 0.9779100603735259
        }
    }
}