{
    "root_group": {
        "id": "d41d8cd98f00b204e9800998ecf8427e",
        "groups": {},
        "checks": {
                "status 200": {
                    "passes": 35394,
                    "fails": 3830,
                    "name": "status 200",
                    "path": "::status 200",
                    "id": "fad9fa412b86fcb03bee97c80dcd61f1"
                }
            },
        "name": "",
        "path": ""
    },
    "metrics": {
        "checks": {
            "passes": 35394,
            "fails": 3830,
            "value": 0.9023557005914746
        },
        "http_req_tls_handshaking": {
            "avg": 0,
            "min": 0,
            "med": 0,
            "max": 0,
            "p(90)": 0,
            "p(95)": 0
        },
        "http_req_duration{expected_response:true}": {
            "avg": 785.772306776543,
            "min": 0.221046,
            "med": 1.3812864999999999,
            "max": 55668.026429,
            "p(90)": 52.668255200000004,
            "p(95)": 55.06312509999999
        },
        "http_req_connecting": {
            "avg": 246.54107476333382,
            "min": 0,
            "med": 0,
            "max": 19746.518661,
            "p(90)": 0,
            "p(95)": 0.2252157
        },
        "http_req_sending": {
            "avg": 0.027083137823781456,
            "min": 0,
            "med": 0.0212285,
            "max": 10.042152,
            "p(90)": 0.03523840000000001,
            "p(95)": 0.055776199999999984
        },
        "data_sent": {
            "count": 3113388,
            "rate": 11543.371851466585
        },
        "iterations": {
            "count": 39224,
            "rate": 145.42910087079582
        },
        "http_req_blocked": {
            "p(90)": 0.006789,
            "p(95)": 0.2892220499999995,
            "avg": 246.54943594128773,
            "min": 0,
            "med": 0.004748,
            "max": 19746.574085
        },
        "http_req_failed": {
            "fails": 35394,
            "passes": 3830,
            "value": 0.0976442994085254
        },
        "data_received": {
            "count": 9448233,
            "rate": 35030.79823597241
        },
        "http_req_receiving": {
            "med": 0.058225,
            "max": 17.199031,
            "p(90)": 0.08234250000000003,
            "p(95)": 0.0931177,
            "avg": 0.05924205315623101,
            "min": 0
        },
        "vus_max": {
            "value": 1000,
            "min": 1000,
            "max": 1000
        },
        "http_req_duration": {
            "med": 1.030445,
            "max": 60008.648039,
            "p(90)": 53.418786700000005,
            "p(95)": 4229.505640349993,
            "avg": 2274.298730975202,
            "min": 0
        },
        "http_req_waiting": {
            "max": 60008.45681,
            "p(90)": 53.32244970000001,
            "p(95)": 4229.387153449994,
            "avg": 2274.2124057842198,
            "min": 0,
            "med": 0.939694
        },
        "vus": {
            "max": 1000,
            "value": 7,
            "min": 7
        },
        "http_reqs": {
            "count": 39224,
            "rate": 145.42910087079582
        },
        "iteration_duration": {
            "max": 61014.100479,
            "p(90)": 31001.0193035,
            "p(95)": 31002.145195200002,
            "avg": 5606.595111901179,
            "min": 1000.342224,
            "med": 1002.6452635
        }
    }
}