{
    "metrics": {
        "http_req_duration{expected_response:true}": {
            "p(90)": 53.1147941,
            "p(95)": 56.54822079999998,
            "avg": 867.1191079640154,
            "min": 0.274843,
            "med": 1.6733275,
            "max": 58930.647129
        },
        "vus": {
            "value": 52,
            "min": 17,
            "max": 2000
        },
        "http_req_duration": {
            "avg": 2501.3164803979985,
            "min": 0,
            "med": 0.694197,
            "max": 60019.967795,
            "p(90)": 53.640497,
            "p(95)": 7282.394996899966
        },
        "checks": {
            "passes": 35654,
            "fails": 10553,
            "value": 0.7716146904148722
        },
        "http_req_blocked": {
            "med": 0.004777,
            "max": 19751.397568,
            "p(90)": 0.0074404000000000015,
            "p(95)": 0.41876499999999967,
            "avg": 252.4450192078462,
            "min": 0
        },
        "http_req_tls_handshaking": {
            "med": 0,
            "max": 0,
            "p(90)": 0,
            "p(95)": 0,
            "avg": 0,
            "min": 0
        },
        "http_req_waiting": {
            "max": 60019.876834,
            "p(90)": 53.519021800000004,
            "p(95)": 7282.216852999965,
            "avg": 2501.2103805438355,
            "min": 0,
            "med": 0.575494
        },
        "http_req_connecting": {
            "p(90)": 0,
            "p(95)": 0.3352261999999999,
            "avg": 252.4358277011061,
            "min": 0,
            "med": 0,
            "max": 19751.352714
        },
        "data_sent": {
            "count": 3169025,
            "rate": 11736.60255137156
        },
        "iterations": {
            "count": 46164,
            "rate": 170.97009969360187
        },
        "http_req_sending": {
            "p(95)": 0.10627499999999986,
            "avg": 0.03738305825957089,
            "min": 0,
            "med": 0.021076,
            "max": 14.01216,
            "p(90)": 0.0436124
        },
        "http_reqs": {
            "rate": 171.12935180101945,
            "count": 46207
        },
        "vus_max": {
            "value": 2000,
            "min": 2000,
            "max": 2000
        },
        "data_received": {
            "count": 9515202,
            "rate": 35239.9063024166
        },
        "http_req_receiving": {
            "med": 0.060071,
            "max": 13.924364,
            "p(90)": 0.0975902,
            "p(95)": 0.17094219999999993,
            "avg": 0.068716795896726,
            "min": 0
        },
        "http_req_failed": {
            "passes": 10553,
            "fails": 35654,
            "value": 0.2283853095851278
        },
        "iteration_duration": {
            "avg": 9594.188410505074,
            "min": 1000.425204,
            "med": 1005.814085,
            "max": 61035.834956,
            "p(90)": 31002.0222244,
            "p(95)": 31005.5377465
        }
    },
    "root_group": {
        "name": "",
        "path": "",
        "id": "d41d8cd98f00b204e9800998ecf8427e",
        "groups": {},
        "checks": {
                "status 200": {
                    "path": "::status 200",
                    "id": "fad9fa412b86fcb03bee97c80dcd61f1",
                    "passes": 35654,
                    "fails": 10553,
                    "name": "status 200"
                }
            }
    }
}