{
    "metrics": {
        "data_received": {
            "count": 6035741,
            "rate": 25040.01540485767
        },
        "checks": {
            "passes": 20691,
            "fails": 0,
            "value": 1
        },
        "vus": {
            "max": 100,
            "value": 4,
            "min": 2
        },
        "http_req_connecting": {
            "max": 3.23168,
            "p(90)": 0,
            "p(95)": 0,
            "avg": 0.002845438886472379,
            "min": 0,
            "med": 0
        },
        "iterations": {
            "count": 20691,
            "rate": 85.83916353301277
        },
        "http_req_blocked": {
            "max": 3.668953,
            "p(90)": 0.005949,
            "p(95)": 0.0067495,
            "avg": 0.00860728795128321,
            "min": 0.001612,
            "med": 0.004655
        },
        "http_req_receiving": {
            "avg": 0.07720921970905245,
            "min": 0.014652,
            "med": 0.065425,
            "max": 27.272946,
            "p(90)": 0.087784,
            "p(95)": 0.10237
        },
        "http_req_tls_handshaking": {
            "avg": 0,
            "min": 0,
            "med": 0,
            "max": 0,
            "p(90)": 0,
            "p(95)": 0
        },
        "http_req_failed": {
            "passes": 0,
            "fails": 20691,
            "value": 0
        },
        "vus_max": {
            "value": 100,
            "min": 100,
            "max": 100
        },
        "http_req_duration{expected_response:true}": {
            "avg": 16.587674421390815,
            "min": 0.563736,
            "med": 1.494422,
            "max": 92.74835,
            "p(90)": 51.830298,
            "p(95)": 52.3525495
        },
        "iteration_duration": {
            "avg": 1017.3759582026033,
            "min": 1000.793392,
            "med": 1002.371948,
            "max": 1093.499938,
            "p(90)": 1052.720641,
            "p(95)": 1053.2367945
        },
        "http_req_waiting": {
            "avg": 16.48366514474892,
            "min": 0.474065,
            "med": 1.402158,
            "max": 92.665944,
            "p(90)": 51.722696,
            "p(95)": 52.225152
        },
        "http_reqs": {
            "count": 20691,
            "rate": 85.83916353301277
        },
        "http_req_duration": {
            "max": 92.74835,
            "p(90)": 51.830298,
            "p(95)": 52.3525495,
            "avg": 16.587674421390815,
            "min": 0.563736,
            "med": 1.494422
        },
        "http_req_sending": {
            "max": 13.2609,
            "p(90)": 0.031133,
            "p(95)": 0.0385105,
            "avg": 0.026800056932965884,
            "min": 0.006074,
            "med": 0.024183
        },
        "data_sent": {
            "count": 2530456,
            "rate": 10497.90857846858
        }
    },
    "root_group": {
        "name": "",
        "path": "",
        "id": "d41d8cd98f00b204e9800998ecf8427e",
        "groups": {},
        "checks": {
                "status 200": {
                    "name": "status 200",
                    "path": "::status 200",
                    "id": "fad9fa412b86fcb03bee97c80dcd61f1",
                    "passes": 20691,
                    "fails": 0
                }
            }
    }
}