{
    "metrics": {
        "data_received": {
            "count": 37680966,
            "rate": 153569.61434244912
        },
        "iterations": {
            "count": 128916,
            "rate": 525.4000229869683
        },
        "http_req_waiting": {
            "avg": 640.1613999102243,
            "min": 0.373836,
            "med": 1.721751,
            "max": 4853.264788,
            "p(90)": 3378.146962,
            "p(95)": 4018.840967
        },
        "data_sent": {
            "count": 15637425,
            "rate": 63730.67310851246
        },
        "http_req_connecting": {
            "p(95)": 0,
            "avg": 0.0055195586040522465,
            "min": 0,
            "med": 0,
            "max": 15.137276,
            "p(90)": 0
        },
        "http_req_tls_handshaking": {
            "avg": 0,
            "min": 0,
            "med": 0,
            "max": 0,
            "p(90)": 0,
            "p(95)": 0
        },
        "vus": {
            "value": 55,
            "min": 13,
            "max": 1000
        },
        "http_req_duration": {
            "med": 1.8015305,
            "max": 4853.350158,
            "p(90)": 3378.201116,
            "p(95)": 4018.95908075,
            "avg": 640.2345283330591,
            "min": 0.417362
        },
        "vus_max": {
            "min": 1000,
            "max": 1000,
            "value": 1000
        },
        "http_req_duration{expected_response:true}": {
            "avg": 640.2345283330591,
            "min": 0.417362,
            "med": 1.8015305,
            "max": 4853.350158,
            "p(90)": 3378.201116,
            "p(95)": 4018.95908075
        },
        "http_req_receiving": {
            "avg": 0.0561065924788239,
            "min": 0.013586,
            "med": 0.046384,
            "max": 77.470365,
            "p(90)": 0.0710665,
            "p(95)": 0.12174325
        },
        "http_req_blocked": {
            "med": 0.003444,
            "max": 15.221855,
            "p(90)": 0.004664,
            "p(95)": 0.005545,
            "avg": 0.009963796464364315,
            "min": 0.001374
        },
        "http_req_failed": {
            "passes": 0,
            "fails": 128916,
            "value": 0
        },
        "http_reqs": {
            "count": 128916,
            "rate": 525.4000229869683
        },
        "iteration_duration": {
            "avg": 1640.8471063634147,
            "min": 1000.556654,
            "med": 1002.495088,
            "max": 5854.386056,
            "p(90)": 4381.949386,
            "p(95)": 5019.8249485
        },
        "checks": {
            "passes": 128916,
            "fails": 0,
            "value": 1
        },
        "http_req_sending": {
            "p(95)": 0.027758500000000002,
            "avg": 0.01702183036240651,
            "min": 0.005723,
            "med": 0.013451,
            "max": 10.631456,
            "p(90)": 0.021716
        }
    },
    "root_group": {
        "name": "",
        "path": "",
        "id": "d41d8cd98f00b204e9800998ecf8427e",
        "groups": {},
        "checks": {
                "status 200": {
                    "name": "status 200",
                    "path": "::status 200",
                    "id": "fad9fa412b86fcb03bee97c80dcd61f1",
                    "passes": 128916,
                    "fails": 0
                }
            }
    }
}