{
    "root_group": {
        "path": "",
        "id": "d41d8cd98f00b204e9800998ecf8427e",
        "groups": {},
        "checks": {
                "status 200": {
                    "name": "status 200",
                    "path": "::status 200",
                    "id": "fad9fa412b86fcb03bee97c80dcd61f1",
                    "passes": 102970,
                    "fails": 0
                }
            },
        "name": ""
    },
    "metrics": {
        "checks": {
            "passes": 102970,
            "fails": 0,
            "value": 1
        },
        "http_req_blocked": {
            "avg": 0.0116391060211713,
            "min": 0.001406,
            "med": 0.004121,
            "max": 40.962702,
            "p(90)": 0.005520100000000005,
            "p(95)": 0.006507
        },
        "vus_max": {
            "value": 500,
            "min": 500,
            "max": 500
        },
        "data_sent": {
            "count": 12593106,
            "rate": 52240.19208535224
        },
        "data_received": {
            "count": 30044634,
            "rate": 124634.65735094303
        },
        "http_req_duration{expected_response:true}": {
            "max": 2685.024317,
            "p(90)": 55.4825419,
            "p(95)": 68.73152439999991,
            "avg": 21.131306988249385,
            "min": 0.543539,
            "med": 1.5239945000000001
        },
        "vus": {
            "value": 69,
            "min": 8,
            "max": 500
        },
        "http_reqs": {
            "count": 102970,
            "rate": 427.1521719128482
        },
        "iteration_duration": {
            "avg": 1022.1949913361707,
            "min": 1000.680732,
            "med": 1002.4178895,
            "max": 3685.662462,
            "p(90)": 1056.4772983,
            "p(95)": 1071.1296700999999
        },
        "iterations": {
            "rate": 427.1521719128482,
            "count": 102970
        },
        "http_req_sending": {
            "med": 0.0172415,
            "max": 139.234881,
            "p(90)": 0.029489100000000008,
            "p(95)": 0.04404609999999998,
            "avg": 0.07501586258133366,
            "min": 0.004987
        },
        "http_req_connecting": {
            "min": 0,
            "med": 0,
            "max": 40.822671,
            "p(90)": 0,
            "p(95)": 0,
            "avg": 0.004631052772652224
        },
        "http_req_duration": {
            "avg": 21.131306988249385,
            "min": 0.543539,
            "med": 1.5239945000000001,
            "max": 2685.024317,
            "p(90)": 55.4825419,
            "p(95)": 68.73152439999991
        },
        "http_req_receiving": {
            "max": 55.148188,
            "p(90)": 0.09889550000000003,
            "p(95)": 0.18165484999999992,
            "avg": 0.09200145369524983,
            "min": 0.012842,
            "med": 0.0572905
        },
        "http_req_waiting": {
            "p(90)": 55.3396874,
            "p(95)": 68.34756195,
            "avg": 20.964289671972423,
            "min": 0.496892,
            "med": 1.432562,
            "max": 2684.933658
        },
        "http_req_tls_handshaking": {
            "med": 0,
            "max": 0,
            "p(90)": 0,
            "p(95)": 0,
            "avg": 0,
            "min": 0
        },
        "http_req_failed": {
            "passes": 0,
            "fails": 102970,
            "value": 0
        }
    }
}