{
    "root_group": {
        "id": "d41d8cd98f00b204e9800998ecf8427e",
        "groups": {},
        "checks": {
                "status 200": {
                    "name": "status 200",
                    "path": "::status 200",
                    "id": "fad9fa412b86fcb03bee97c80dcd61f1",
                    "passes": 20691,
                    "fails": 0
                }
            },
        "name": "",
        "path": ""
    },
    "metrics": {
        "http_req_connecting": {
            "max": 13.617213,
            "p(90)": 0,
            "p(95)": 0,
            "avg": 0.003237589145038907,
            "min": 0,
            "med": 0
        },
        "http_req_tls_handshaking": {
            "p(95)": 0,
            "avg": 0,
            "min": 0,
            "med": 0,
            "max": 0,
            "p(90)": 0
        },
        "http_req_duration": {
            "avg": 16.58937742752877,
            "min": 0.516498,
            "med": 1.50967,
            "max": 106.09859,
            "p(90)": 51.823315,
            "p(95)": 52.320952
        },
        "http_req_failed": {
            "passes": 0,
            "fails": 20691,
            "value": 0
        },
        "http_req_blocked": {
            "avg": 0.009231934899231537,
            "min": 0.001664,
            "med": 0.004736,
            "max": 13.810735,
            "p(90)": 0.005997,
            "p(95)": 0.006755
        },
        "http_req_sending": {
            "med": 0.025425,
            "max": 6.635331,
            "p(90)": 0.032031,
            "p(95)": 0.0398365,
            "avg": 0.027218816248610545,
            "min": 0.006499
        },
        "http_req_receiving": {
            "p(95)": 0.103452,
            "avg": 0.07513119525397524,
            "min": 0.016983,
            "med": 0.068031,
            "max": 8.949151,
            "p(90)": 0.08968
        },
        "http_reqs": {
            "count": 20691,
            "rate": 85.85379089505291
        },
        "vus_max": {
            "value": 100,
            "min": 100,
            "max": 100
        },
        "data_sent": {
            "count": 2530468,
            "rate": 10499.747259128257
        },
        "iteration_duration": {
            "avg": 1017.3618182028853,
            "min": 1000.752088,
            "med": 1002.391729,
            "max": 1106.992206,
            "p(90)": 1052.705016,
            "p(95)": 1053.2025565
        },
        "http_req_duration{expected_response:true}": {
            "p(90)": 51.823315,
            "p(95)": 52.320952,
            "avg": 16.58937742752877,
            "min": 0.516498,
            "med": 1.50967,
            "max": 106.09859
        },
        "http_req_waiting": {
            "med": 1.41529,
            "max": 105.988088,
            "p(90)": 51.715514,
            "p(95)": 52.20572,
            "avg": 16.487027416026294,
            "min": 0.458439
        },
        "checks": {
            "fails": 0,
            "passes": 20691,
            "value": 1
        },
        "vus": {
            "value": 2,
            "min": 2,
            "max": 100
        },
        "iterations": {
            "count": 20691,
            "rate": 85.85379089505291
        },
        "data_received": {
            "count": 6034209,
            "rate": 25037.925557152692
        }
    }
}