{
    "metrics": {
        "http_req_duration": {
            "med": 1.68296,
            "max": 60008.688019,
            "p(90)": 53.6039383,
            "p(95)": 58.67536094999998,
            "avg": 1953.1032974455575,
            "min": 0
        },
        "http_req_waiting": {
            "avg": 1952.9888987467007,
            "min": 0,
            "med": 1.563761,
            "max": 60008.649127,
            "p(90)": 53.4746266,
            "p(95)": 58.52497489999998
        },
        "vus_max": {
            "value": 500,
            "min": 500,
            "max": 500
        },
        "vus": {
            "min": 8,
            "max": 500,
            "value": 50
        },
        "iterations": {
            "count": 34692,
            "rate": 135.8746756317579
        },
        "http_req_tls_handshaking": {
            "max": 0,
            "p(90)": 0,
            "p(95)": 0,
            "avg": 0,
            "min": 0,
            "med": 0
        },
        "http_reqs": {
            "count": 34692,
            "rate": 135.8746756317579
        },
        "http_req_failed": {
            "passes": 859,
            "fails": 33833,
            "value": 0.02476075175833045
        },
        "iteration_duration": {
            "avg": 3119.8426801254063,
            "min": 1000.467536,
            "med": 1002.5405145,
            "max": 61014.396954,
            "p(90)": 1054.645324,
            "p(95)": 1066.03779835
        },
        "http_req_duration{expected_response:true}": {
            "avg": 814.4308385742918,
            "min": 0.318262,
            "med": 1.629733,
            "max": 59997.512665,
            "p(90)": 52.9108952,
            "p(95)": 55.26825699999999
        },
        "checks": {
            "passes": 33833,
            "fails": 859,
            "value": 0.9752392482416695
        },
        "data_received": {
            "count": 9037641,
            "rate": 35396.821726947885
        },
        "http_req_blocked": {
            "avg": 3.356378189784409,
            "min": 0,
            "med": 0.004744,
            "max": 4125.549321,
            "p(90)": 0.011064000000000015,
            "p(95)": 0.028026999999999535
        },
        "http_req_connecting": {
            "max": 4125.462227,
            "p(90)": 0,
            "p(95)": 0,
            "avg": 3.3459931271762944,
            "min": 0,
            "med": 0
        },
        "http_req_sending": {
            "min": 0,
            "med": 0.025017499999999998,
            "max": 5.472805,
            "p(90)": 0.042949900000000006,
            "p(95)": 0.05670245,
            "avg": 0.03143340735616279
        },
        "http_req_receiving": {
            "min": 0,
            "med": 0.0780125,
            "max": 8.940319,
            "p(90)": 0.100563,
            "p(95)": 0.11633414999999998,
            "avg": 0.0829652914793031
        },
        "data_sent": {
            "count": 2943234,
            "rate": 11527.469302962105
        }
    },
    "root_group": {
        "checks": {
            "status 200": {
                "name": "status 200",
                "path": "::status 200",
                "id": "fad9fa412b86fcb03bee97c80dcd61f1",
                "passes": 33833,
                "fails": 859
            }
        },
        "name": "",
        "path": "",
        "id": "d41d8cd98f00b204e9800998ecf8427e",
        "groups": {}
    }
}