{
    "root_group": {
        "name": "",
        "path": "",
        "id": "d41d8cd98f00b204e9800998ecf8427e",
        "groups": {},
        "checks": {
                "status 200": {
                    "id": "fad9fa412b86fcb03bee97c80dcd61f1",
                    "passes": 35476,
                    "fails": 3795,
                    "name": "status 200",
                    "path": "::status 200"
                }
            }
    },
    "metrics": {
        "data_sent": {
            "count": 3122817,
            "rate": 11583.076440122757
        },
        "iteration_duration": {
            "max": 61034.892952,
            "p(90)": 31001.065589,
            "p(95)": 31002.374704,
            "avg": 5592.657355071369,
            "min": 1000.356045,
            "med": 1002.792038
        },
        "http_req_sending": {
            "avg": 0.033154446283517006,
            "min": 0,
            "med": 0.022728,
            "max": 21.281972,
            "p(90)": 0.039888,
            "p(95)": 0.0666355
        },
        "vus_max": {
            "value": 1000,
            "min": 1000,
            "max": 1000
        },
        "http_req_blocked": {
            "p(90)": 0.007206,
            "p(95)": 0.3057145,
            "avg": 257.90788485409115,
            "min": 0,
            "med": 0.004976,
            "max": 19750.277727
        },
        "iterations": {
            "count": 39271,
            "rate": 145.66303272976316
        },
        "data_received": {
            "count": 9475186,
            "rate": 35145.128171897675
        },
        "checks": {
            "passes": 35476,
            "fails": 3795,
            "value": 0.9033638053525502
        },
        "http_req_failed": {
            "passes": 3795,
            "fails": 35476,
            "value": 0.09663619464744977
        },
        "http_req_receiving": {
            "p(95)": 0.10375000000000001,
            "avg": 0.07034760362608486,
            "min": 0,
            "med": 0.064227,
            "max": 21.121722,
            "p(90)": 0.088678
        },
        "http_reqs": {
            "count": 39271,
            "rate": 145.66303272976316
        },
        "http_req_tls_handshaking": {
            "avg": 0,
            "min": 0,
            "med": 0,
            "max": 0,
            "p(90)": 0,
            "p(95)": 0
        },
        "http_req_waiting": {
            "med": 1.058899,
            "max": 60022.213,
            "p(90)": 53.368611,
            "p(95)": 4673.6294805,
            "avg": 2300.225431890339,
            "min": 0
        },
        "http_req_connecting": {
            "med": 0,
            "max": 19750.215029,
            "p(90)": 0,
            "p(95)": 0.231709,
            "avg": 257.89752493511793,
            "min": 0
        },
        "http_req_duration": {
            "avg": 2300.3289339402645,
            "min": 0,
            "med": 1.175217,
            "max": 60022.901505,
            "p(90)": 53.467755,
            "p(95)": 4673.818659
        },
        "vus": {
            "max": 1000,
            "value": 4,
            "min": 4
        },
        "http_req_duration{expected_response:true}": {
            "avg": 788.9982182800479,
            "min": 0.219391,
            "med": 1.4808345,
            "max": 55736.330465,
            "p(90)": 52.69990850000001,
            "p(95)": 54.94873525
        }
    }
}