{
    "root_group": {
        "name": "",
        "path": "",
        "id": "d41d8cd98f00b204e9800998ecf8427e",
        "groups": {},
        "checks": {
                "status 200": {
                    "name": "status 200",
                    "path": "::status 200",
                    "id": "fad9fa412b86fcb03bee97c80dcd61f1",
                    "passes": 35475,
                    "fails": 3834
                }
            }
    },
    "metrics": {
        "vus": {
            "value": 7,
            "min": 7,
            "max": 1000
        },
        "http_req_duration": {
            "p(90)": 53.5436868,
            "p(95)": 2760.9668297999197,
            "avg": 2251.479257754703,
            "min": 0,
            "med": 1.078188,
            "max": 60009.341779
        },
        "iteration_duration": {
            "p(95)": 31002.259133,
            "avg": 5575.923835750551,
            "min": 1000.36066,
            "med": 1002.727985,
            "max": 61018.379989,
            "p(90)": 31001.0545658
        },
        "http_req_connecting": {
            "avg": 245.4431053919966,
            "min": 0,
            "med": 0,
            "max": 19746.4299,
            "p(90)": 0,
            "p(95)": 0.22825219999999993
        },
        "http_req_receiving": {
            "min": 0,
            "med": 0.063527,
            "max": 17.052006,
            "p(90)": 0.08842120000000002,
            "p(95)": 0.1036956,
            "avg": 0.06776384405606835
        },
        "http_reqs": {
            "count": 39309,
            "rate": 146.90894956934068
        },
        "http_req_waiting": {
            "avg": 2251.3800039302664,
            "min": 0,
            "med": 0.968842,
            "max": 60009.277452,
            "p(90)": 53.436415200000006,
            "p(95)": 2760.80992819992
        },
        "vus_max": {
            "min": 1000,
            "max": 1000,
            "value": 1000
        },
        "http_req_duration{expected_response:true}": {
            "avg": 756.5787608300209,
            "min": 0.22681,
            "med": 1.417631,
            "max": 55090.35576,
            "p(90)": 52.725623,
            "p(95)": 55.24775829999999
        },
        "data_sent": {
            "count": 3120880,
            "rate": 11663.619082957184
        },
        "data_received": {
            "count": 9472679,
            "rate": 35402.104390789704
        },
        "http_req_sending": {
            "avg": 0.031489980386170985,
            "min": 0,
            "med": 0.022593,
            "max": 9.706536,
            "p(90)": 0.03929400000000002,
            "p(95)": 0.06491739999999999
        },
        "http_req_failed": {
            "passes": 3834,
            "fails": 35475,
            "value": 0.09753491566816759
        },
        "checks": {
            "passes": 35475,
            "fails": 3834,
            "value": 0.9024650843318324
        },
        "iterations": {
            "count": 39309,
            "rate": 146.90894956934068
        },
        "http_req_tls_handshaking": {
            "avg": 0,
            "min": 0,
            "med": 0,
            "max": 0,
            "p(90)": 0,
            "p(95)": 0
        },
        "http_req_blocked": {
            "max": 19746.500131,
            "p(90)": 0.007244,
            "p(95)": 0.3019987999999998,
            "avg": 245.45238449189677,
            "min": 0,
            "med": 0.005015
        }
    }
}