{
    "metrics": {
        "http_req_sending": {
            "max": 45.923491,
            "p(90)": 0.04129540000000005,
            "p(95)": 0.10311629999999977,
            "avg": 0.09237298544594877,
            "min": 0,
            "med": 0.020797
        },
        "http_reqs": {
            "count": 46104,
            "rate": 170.75274842780271
        },
        "http_req_waiting": {
            "min": 0,
            "med": 0.5154245,
            "max": 60015.039231,
            "p(90)": 53.621103500000004,
            "p(95)": 14681.89497575,
            "avg": 2592.164674980329
        },
        "data_received": {
            "count": 9535468,
            "rate": 35315.9675634514
        },
        "http_req_connecting": {
            "p(90)": 0,
            "p(95)": 0.33066095,
            "avg": 309.27529022872193,
            "min": 0,
            "med": 0,
            "max": 19786.093609
        },
        "http_req_failed": {
            "passes": 10431,
            "fails": 35673,
            "value": 0.22624934929724103
        },
        "http_req_duration{expected_response:true}": {
            "avg": 858.0254904403619,
            "min": 0.241754,
            "med": 1.603874,
            "max": 59505.694483,
            "p(90)": 53.0071294,
            "p(95)": 56.387896000000005
        },
        "http_req_blocked": {
            "p(90)": 0.007370700000000004,
            "p(95)": 0.4131831999999998,
            "avg": 309.2877889283138,
            "min": 0,
            "med": 0.004752,
            "max": 19786.129169
        },
        "http_req_receiving": {
            "max": 80.942479,
            "p(90)": 0.0962167,
            "p(95)": 0.17137084999999994,
            "avg": 0.0809036458007981,
            "min": 0,
            "med": 0.061043
        },
        "http_req_duration": {
            "avg": 2592.3379516115942,
            "min": 0,
            "med": 0.6197440000000001,
            "max": 60015.338595,
            "p(90)": 53.773684100000004,
            "p(95)": 14682.508439349998
        },
        "vus": {
            "value": 45,
            "min": 19,
            "max": 2000
        },
        "iteration_duration": {
            "med": 1005.473876,
            "max": 61051.634885,
            "p(90)": 31001.9354468,
            "p(95)": 31011.7616746,
            "avg": 9600.098171351585,
            "min": 1000.38131
        },
        "vus_max": {
            "value": 2000,
            "min": 2000,
            "max": 2000
        },
        "data_sent": {
            "count": 3179869,
            "rate": 11777.098980356772
        },
        "iterations": {
            "count": 46063,
            "rate": 170.6008990723121
        },
        "http_req_tls_handshaking": {
            "med": 0,
            "max": 0,
            "p(90)": 0,
            "p(95)": 0,
            "avg": 0,
            "min": 0
        },
        "checks": {
            "passes": 35673,
            "fails": 10431,
            "value": 0.773750650702759
        }
    },
    "root_group": {
        "checks": {
            "status 200": {
                "name": "status 200",
                "path": "::status 200",
                "id": "fad9fa412b86fcb03bee97c80dcd61f1",
                "passes": 35673,
                "fails": 10431
            }
        },
        "name": "",
        "path": "",
        "id": "d41d8cd98f00b204e9800998ecf8427e",
        "groups": {}
    }
}