{
    "metrics": {
        "http_reqs": {
            "count": 102766,
            "rate": 426.3220640602134
        },
        "data_received": {
            "count": 29978783,
            "rate": 124366.19744441973
        },
        "vus": {
            "value": 63,
            "min": 8,
            "max": 500
        },
        "data_sent": {
            "count": 12568174,
            "rate": 52138.74122908266
        },
        "iterations": {
            "count": 102766,
            "rate": 426.3220640602134
        },
        "http_req_receiving": {
            "p(90)": 0.095637,
            "p(95)": 0.1753955,
            "avg": 0.1116737657882946,
            "min": 0.013504,
            "med": 0.056697,
            "max": 397.313575
        },
        "http_req_failed": {
            "passes": 0,
            "fails": 102766,
            "value": 0
        },
        "http_req_duration": {
            "min": 0.50907,
            "med": 1.4927695,
            "max": 3453.446333,
            "p(90)": 55.420698,
            "p(95)": 68.72303475,
            "avg": 22.892384748769096
        },
        "vus_max": {
            "max": 500,
            "value": 500,
            "min": 500
        },
        "iteration_duration": {
            "avg": 1024.1895505977961,
            "min": 1000.646274,
            "med": 1002.3598055,
            "max": 4454.533706,
            "p(90)": 1056.3716049999998,
            "p(95)": 1071.052473
        },
        "http_req_sending": {
            "max": 210.779041,
            "p(90)": 0.0290235,
            "p(95)": 0.0423555,
            "avg": 0.08291074156822315,
            "min": 0.005146,
            "med": 0.0169635
        },
        "http_req_waiting": {
            "max": 3447.586446,
            "p(90)": 55.29111,
            "p(95)": 68.4063255,
            "avg": 22.69780024141243,
            "min": 0.452326,
            "med": 1.407932
        },
        "checks": {
            "passes": 102766,
            "fails": 0,
            "value": 1
        },
        "http_req_blocked": {
            "min": 0.001471,
            "med": 0.004094,
            "max": 233.477485,
            "p(90)": 0.005476,
            "p(95)": 0.006463,
            "avg": 0.013449882947667502
        },
        "http_req_tls_handshaking": {
            "min": 0,
            "med": 0,
            "max": 0,
            "p(90)": 0,
            "p(95)": 0,
            "avg": 0
        },
        "http_req_duration{expected_response:true}": {
            "avg": 22.892384748769096,
            "min": 0.50907,
            "med": 1.4927695,
            "max": 3453.446333,
            "p(90)": 55.420698,
            "p(95)": 68.72303475
        },
        "http_req_connecting": {
            "avg": 0.0032816114376350122,
            "min": 0,
            "med": 0,
            "max": 17.932739,
            "p(90)": 0,
            "p(95)": 0
        }
    },
    "root_group": {
        "checks": {
            "status 200": {
                "passes": 102766,
                "fails": 0,
                "name": "status 200",
                "path": "::status 200",
                "id": "fad9fa412b86fcb03bee97c80dcd61f1"
            }
        },
        "name": "",
        "path": "",
        "id": "d41d8cd98f00b204e9800998ecf8427e",
        "groups": {}
    }
}