{
    "metrics": {
        "http_req_sending": {
            "med": 0.024979,
            "max": 1.056555,
            "p(90)": 0.0315288,
            "p(95)": 0.03947709999999999,
            "avg": 0.025510087410558647,
            "min": 0.006459
        },
        "http_req_receiving": {
            "avg": 0.07475286646683399,
            "min": 0.015273,
            "med": 0.0687375,
            "max": 27.209458,
            "p(90)": 0.09083020000000003,
            "p(95)": 0.10298755
        },
        "iterations": {
            "count": 20684,
            "rate": 85.8107259366011
        },
        "http_req_connecting": {
            "p(95)": 0,
            "avg": 0.002955441065557918,
            "min": 0,
            "med": 0,
            "max": 1.288214,
            "p(90)": 0
        },
        "iteration_duration": {
            "p(90)": 1052.9656965,
            "p(95)": 1053.82250825,
            "avg": 1017.7050847102163,
            "min": 1000.797724,
            "med": 1002.4260825,
            "max": 1112.647433
        },
        "http_reqs": {
            "rate": 85.8107259366011,
            "count": 20684
        },
        "http_req_duration": {
            "max": 112.111984,
            "p(90)": 52.0209154,
            "p(95)": 52.96678709999999,
            "avg": 16.950317277799194,
            "min": 0.621361,
            "med": 1.527906
        },
        "vus_max": {
            "value": 100,
            "min": 100,
            "max": 100
        },
        "http_req_tls_handshaking": {
            "max": 0,
            "p(90)": 0,
            "p(95)": 0,
            "avg": 0,
            "min": 0,
            "med": 0
        },
        "http_req_failed": {
            "passes": 0,
            "fails": 20684,
            "value": 0
        },
        "http_req_blocked": {
            "avg": 0.008788404950686515,
            "min": 0.001689,
            "med": 0.004746,
            "max": 5.00224,
            "p(90)": 0.006025700000000001,
            "p(95)": 0.006834
        },
        "vus": {
            "min": 2,
            "max": 100,
            "value": 4
        },
        "http_req_duration{expected_response:true}": {
            "avg": 16.950317277799194,
            "min": 0.621361,
            "med": 1.527906,
            "max": 112.111984,
            "p(90)": 52.0209154,
            "p(95)": 52.96678709999999
        },
        "http_req_waiting": {
            "med": 1.433611,
            "max": 110.595933,
            "p(90)": 51.9012874,
            "p(95)": 52.8541909,
            "avg": 16.85005432392176,
            "min": 0.551501
        },
        "checks": {
            "passes": 20684,
            "fails": 0,
            "value": 1
        },
        "data_sent": {
            "count": 2529647,
            "rate": 10494.626060401526
        },
        "data_received": {
            "count": 6042737,
            "rate": 25069.215268514752
        }
    },
    "root_group": {
        "path": "",
        "id": "d41d8cd98f00b204e9800998ecf8427e",
        "groups": {},
        "checks": {
                "status 200": {
                    "name": "status 200",
                    "path": "::status 200",
                    "id": "fad9fa412b86fcb03bee97c80dcd61f1",
                    "passes": 20684,
                    "fails": 0
                }
            },
        "name": ""
    }
}