{
    "metrics": {
        "iterations": {
            "count": 20694,
            "rate": 85.84994013902282
        },
        "http_req_tls_handshaking": {
            "avg": 0,
            "min": 0,
            "med": 0,
            "max": 0,
            "p(90)": 0,
            "p(95)": 0
        },
        "http_req_duration{expected_response:true}": {
            "p(95)": 53.83242815,
            "avg": 16.521014103024957,
            "min": 0.237955,
            "med": 0.548514,
            "max": 128.304633,
            "p(90)": 52.2556523
        },
        "vus_max": {
            "value": 100,
            "min": 100,
            "max": 100
        },
        "data_sent": {
            "count": 1765173,
            "rate": 7322.895350585644
        },
        "http_reqs": {
            "count": 20694,
            "rate": 85.84994013902282
        },
        "vus": {
            "min": 2,
            "max": 100,
            "value": 4
        },
        "http_req_duration": {
            "p(90)": 52.2556523,
            "p(95)": 53.83242815,
            "avg": 16.521014103024957,
            "min": 0.237955,
            "med": 0.548514,
            "max": 128.304633
        },
        "http_req_waiting": {
            "min": 0.189201,
            "med": 0.44993099999999997,
            "max": 128.206924,
            "p(90)": 52.1334986,
            "p(95)": 53.726010499999994,
            "avg": 16.415104136126406
        },
        "http_req_connecting": {
            "p(95)": 0,
            "avg": 0.004728207789697497,
            "min": 0,
            "med": 0,
            "max": 6.651787,
            "p(90)": 0
        },
        "http_req_failed": {
            "passes": 0,
            "fails": 20694,
            "value": 0
        },
        "data_received": {
            "count": 6047011,
            "rate": 25086.28261186878
        },
        "http_req_blocked": {
            "min": 0.001613,
            "med": 0.004974,
            "max": 7.168909,
            "p(90)": 0.006315700000000001,
            "p(95)": 0.007829749999999993,
            "avg": 0.01156978443026965
        },
        "http_req_receiving": {
            "min": 0.014148,
            "med": 0.067236,
            "max": 13.281807,
            "p(90)": 0.0908024,
            "p(95)": 0.10565469999999999,
            "avg": 0.07743614173190343
        },
        "checks": {
            "passes": 20694,
            "fails": 0,
            "value": 1
        },
        "http_req_sending": {
            "avg": 0.028473825166714782,
            "min": 0.006564,
            "med": 0.025812,
            "max": 2.679142,
            "p(90)": 0.034904500000000005,
            "p(95)": 0.042960349999999994
        },
        "iteration_duration": {
            "avg": 1017.3368990625227,
            "min": 1000.411288,
            "med": 1001.5854469999999,
            "max": 1131.386159,
            "p(90)": 1053.0315645,
            "p(95)": 1054.7180442000001
        }
    },
    "root_group": {
        "checks": {
            "status 200": {
                "path": "::status 200",
                "id": "fad9fa412b86fcb03bee97c80dcd61f1",
                "passes": 20694,
                "fails": 0,
                "name": "status 200"
            }
        },
        "name": "",
        "path": "",
        "id": "d41d8cd98f00b204e9800998ecf8427e",
        "groups": {}
    }
}