{
    "metrics": {
        "http_req_waiting": {
            "avg": 638.8820839115074,
            "min": 0.354025,
            "med": 1.8629310000000001,
            "max": 5177.255422,
            "p(90)": 3270.670934800009,
            "p(95)": 4707.33303895
        },
        "http_req_connecting": {
            "avg": 0.005587700991095632,
            "min": 0,
            "med": 0,
            "max": 15.935328,
            "p(90)": 0,
            "p(95)": 0
        },
        "http_req_sending": {
            "max": 6.997908,
            "p(90)": 0.021923,
            "p(95)": 0.027888,
            "avg": 0.01710897732094504,
            "min": 0.005978,
            "med": 0.013585
        },
        "vus": {
            "value": 14,
            "min": 13,
            "max": 1000
        },
        "http_req_blocked": {
            "avg": 0.01005464231513773,
            "min": 0.0014,
            "med": 0.003452,
            "max": 16.023122,
            "p(90)": 0.004677,
            "p(95)": 0.00558
        },
        "http_req_failed": {
            "passes": 127,
            "fails": 129023,
            "value": 0.0009833526906697638
        },
        "checks": {
            "passes": 129023,
            "fails": 127,
            "value": 0.9990166473093303
        },
        "http_req_duration{expected_response:true}": {
            "avg": 639.5821460742997,
            "min": 0.414443,
            "med": 1.947722,
            "max": 5177.355356,
            "p(90)": 3289.6738794000053,
            "p(95)": 4707.5315691999995
        },
        "data_sent": {
            "count": 15665985,
            "rate": 63705.749191578994
        },
        "http_req_receiving": {
            "avg": 0.05593007740611655,
            "min": 0.014652,
            "med": 0.046512,
            "max": 30.830467,
            "p(90)": 0.0705371,
            "p(95)": 0.1133869499999999
        },
        "iterations": {
            "count": 129150,
            "rate": 525.1886496822528
        },
        "http_reqs": {
            "rate": 525.1886496822528,
            "count": 129150
        },
        "http_req_tls_handshaking": {
            "avg": 0,
            "min": 0,
            "med": 0,
            "max": 0,
            "p(90)": 0,
            "p(95)": 0
        },
        "data_received": {
            "count": 37741131,
            "rate": 153474.36025838956
        },
        "http_req_duration": {
            "p(90)": 3270.728418900009,
            "p(95)": 4707.42193635,
            "avg": 638.9551229662358,
            "min": 0.414443,
            "med": 1.946461,
            "max": 5177.355356
        },
        "iteration_duration": {
            "max": 6178.326809,
            "p(90)": 4271.532853100004,
            "p(95)": 5707.99984075,
            "avg": 1639.568811425022,
            "min": 1000.537196,
            "med": 1002.4732885000001
        },
        "vus_max": {
            "value": 1000,
            "min": 1000,
            "max": 1000
        }
    },
    "root_group": {
        "groups": {},
        "checks": {
                "status 200": {
                    "id": "fad9fa412b86fcb03bee97c80dcd61f1",
                    "passes": 129023,
                    "fails": 127,
                    "name": "status 200",
                    "path": "::status 200"
                }
            },
        "name": "",
        "path": "",
        "id": "d41d8cd98f00b204e9800998ecf8427e"
    }
}