{
    "root_group": {
        "name": "",
        "path": "",
        "id": "d41d8cd98f00b204e9800998ecf8427e",
        "groups": {},
        "checks": {
                "status 200": {
                    "path": "::status 200",
                    "id": "fad9fa412b86fcb03bee97c80dcd61f1",
                    "passes": 20687,
                    "fails": 0,
                    "name": "status 200"
                }
            }
    },
    "metrics": {
        "http_req_duration": {
            "p(90)": 52.3414872,
            "p(95)": 54.0559512,
            "avg": 16.665067943104365,
            "min": 0.194479,
            "med": 0.489671,
            "max": 125.334953
        },
        "http_req_blocked": {
            "min": 0.001536,
            "med": 0.004776,
            "max": 3.683911,
            "p(90)": 0.006096,
            "p(95)": 0.007449400000000001,
            "avg": 0.010631490452941468
        },
        "http_req_tls_handshaking": {
            "max": 0,
            "p(90)": 0,
            "p(95)": 0,
            "avg": 0,
            "min": 0,
            "med": 0
        },
        "http_req_receiving": {
            "avg": 0.07091430424904538,
            "min": 0.014133,
            "med": 0.063767,
            "max": 10.397511,
            "p(90)": 0.0859646,
            "p(95)": 0.0958427
        },
        "iterations": {
            "count": 20687,
            "rate": 85.82522001457782
        },
        "http_req_sending": {
            "med": 0.024451,
            "max": 7.623988,
            "p(90)": 0.03155300000000001,
            "p(95)": 0.0391431,
            "avg": 0.026559445980567493,
            "min": 0.005631
        },
        "iteration_duration": {
            "med": 1001.488793,
            "max": 1126.31367,
            "p(90)": 1053.0789766,
            "p(95)": 1055.0004726,
            "avg": 1017.4502741106942,
            "min": 1000.329927
        },
        "http_req_waiting": {
            "p(90)": 52.235379,
            "p(95)": 53.946498500000004,
            "avg": 16.567594192874783,
            "min": 0.132388,
            "med": 0.397625,
            "max": 125.244486
        },
        "vus": {
            "min": 2,
            "max": 100,
            "value": 4
        },
        "http_req_duration{expected_response:true}": {
            "avg": 16.665067943104365,
            "min": 0.194479,
            "med": 0.489671,
            "max": 125.334953,
            "p(90)": 52.3414872,
            "p(95)": 54.0559512
        },
        "http_req_connecting": {
            "min": 0,
            "med": 0,
            "max": 3.590039,
            "p(90)": 0,
            "p(95)": 0,
            "avg": 0.0040113056992314025
        },
        "data_sent": {
            "count": 1764623,
            "rate": 7320.982124898939
        },
        "http_req_failed": {
            "fails": 20687,
            "passes": 0,
            "value": 0
        },
        "http_reqs": {
            "count": 20687,
            "rate": 85.82522001457782
        },
        "data_received": {
            "count": 6042656,
            "rate": 25069.47748210996
        },
        "checks": {
            "passes": 20687,
            "fails": 0,
            "value": 1
        },
        "vus_max": {
            "value": 100,
            "min": 100,
            "max": 100
        }
    }
}