{
    "root_group": {
        "name": "",
        "path": "",
        "id": "d41d8cd98f00b204e9800998ecf8427e",
        "groups": {},
        "checks": {
                "status 200": {
                    "path": "::status 200",
                    "id": "fad9fa412b86fcb03bee97c80dcd61f1",
                    "passes": 35652,
                    "fails": 10454,
                    "name": "status 200"
                }
            }
    },
    "metrics": {
        "http_req_receiving": {
            "avg": 0.06104896662039641,
            "min": 0,
            "med": 0.06754450000000001,
            "max": 20.635199,
            "p(90)": 0.094233,
            "p(95)": 0.10479374999999999
        },
        "checks": {
            "passes": 35652,
            "fails": 10454,
            "value": 0.7732616145404069
        },
        "vus": {
            "value": 63,
            "min": 17,
            "max": 2000
        },
        "http_req_failed": {
            "passes": 10454,
            "fails": 35652,
            "value": 0.2267383854595931
        },
        "data_received": {
            "count": 9536235,
            "rate": 35318.65984346698
        },
        "http_req_sending": {
            "med": 0.020977,
            "max": 14.903708,
            "p(90)": 0.0440435,
            "p(95)": 0.0807775,
            "avg": 0.03527310775170226,
            "min": 0
        },
        "http_req_waiting": {
            "p(95)": 14998.91873375,
            "avg": 2613.352210814999,
            "min": 0,
            "med": 0.463423,
            "max": 60015.26759,
            "p(90)": 53.190943000000004
        },
        "http_req_duration{expected_response:true}": {
            "max": 58977.431068,
            "p(90)": 52.6975114,
            "p(95)": 55.73157084999998,
            "avg": 865.578210602069,
            "min": 0.249293,
            "med": 1.4441345
        },
        "data_sent": {
            "count": 3178439,
            "rate": 11771.75330454937
        },
        "http_req_blocked": {
            "max": 19752.172489,
            "p(90)": 0.011253,
            "p(95)": 0.4035925,
            "avg": 292.9699827631977,
            "min": 0,
            "med": 0.004343
        },
        "http_req_connecting": {
            "avg": 292.96128816121495,
            "min": 0,
            "med": 0,
            "max": 19752.132535,
            "p(90)": 0,
            "p(95)": 0.31385925
        },
        "iteration_duration": {
            "min": 1000.394635,
            "med": 1004.533637,
            "max": 61016.859331,
            "p(90)": 31001.8394519,
            "p(95)": 31007.65435955,
            "avg": 9611.186183732718
        },
        "iterations": {
            "count": 46060,
            "rate": 170.58907130435534
        },
        "http_req_tls_handshaking": {
            "min": 0,
            "med": 0,
            "max": 0,
            "p(90)": 0,
            "p(95)": 0,
            "avg": 0
        },
        "vus_max": {
            "value": 2000,
            "min": 2000,
            "max": 2000
        },
        "http_reqs": {
            "count": 46106,
            "rate": 170.7594381580245
        },
        "http_req_duration": {
            "p(90)": 53.293513000000004,
            "p(95)": 14999.1458485,
            "avg": 2613.4485328893734,
            "min": 0,
            "med": 0.566902,
            "max": 60015.344278
        }
    }
}