{
    "metrics": {
        "http_req_duration": {
            "p(95)": 4016.388025,
            "avg": 2291.1076684533714,
            "min": 0,
            "med": 1.021587,
            "max": 60012.733452,
            "p(90)": 53.184298
        },
        "iteration_duration": {
            "max": 61059.138863,
            "p(90)": 31001.060248,
            "p(95)": 31002.329893,
            "avg": 5588.010514026939,
            "min": 1000.338829,
            "med": 1002.710177
        },
        "http_req_waiting": {
            "med": 0.901327,
            "max": 60012.676123,
            "p(90)": 53.05901,
            "p(95)": 4016.253734,
            "avg": 2291.0046767351737,
            "min": 0
        },
        "http_req_duration{expected_response:true}": {
            "avg": 768.3640009834979,
            "min": 0.205404,
            "med": 1.360803,
            "max": 55092.025348,
            "p(90)": 52.5567276,
            "p(95)": 54.734728149999995
        },
        "http_req_blocked": {
            "p(90)": 0.00746,
            "p(95)": 0.306913,
            "avg": 252.7627211840243,
            "min": 0,
            "med": 0.005052,
            "max": 19751.746757
        },
        "http_req_tls_handshaking": {
            "avg": 0,
            "min": 0,
            "med": 0,
            "max": 0,
            "p(90)": 0,
            "p(95)": 0
        },
        "vus_max": {
            "value": 1000,
            "min": 1000,
            "max": 1000
        },
        "data_sent": {
            "count": 3120823,
            "rate": 11595.717851128298
        },
        "http_req_sending": {
            "med": 0.022798,
            "max": 20.829198,
            "p(90)": 0.039978,
            "p(95)": 0.067596,
            "avg": 0.03233119813555457,
            "min": 0
        },
        "data_received": {
            "count": 9476010,
            "rate": 35209.02605321426
        },
        "iterations": {
            "count": 39261,
            "rate": 145.87801953303602
        },
        "http_req_receiving": {
            "max": 21.326068,
            "p(90)": 0.089044,
            "p(95)": 0.106308,
            "avg": 0.070660520058073,
            "min": 0,
            "med": 0.063597
        },
        "vus": {
            "value": 1,
            "min": 1,
            "max": 1000
        },
        "http_req_failed": {
            "passes": 3811,
            "fails": 35450,
            "value": 0.09706833753597718
        },
        "checks": {
            "passes": 35450,
            "fails": 3811,
            "value": 0.9029316624640228
        },
        "http_reqs": {
            "count": 39261,
            "rate": 145.87801953303602
        },
        "http_req_connecting": {
            "avg": 252.7521600562894,
            "min": 0,
            "med": 0,
            "max": 19751.711128,
            "p(90)": 0,
            "p(95)": 0.233889
        }
    },
    "root_group": {
        "name": "",
        "path": "",
        "id": "d41d8cd98f00b204e9800998ecf8427e",
        "groups": {},
        "checks": {
                "status 200": {
                    "name": "status 200",
                    "path": "::status 200",
                    "id": "fad9fa412b86fcb03bee97c80dcd61f1",
                    "passes": 35450,
                    "fails": 3811
                }
            }
    }
}