{
    "root_group": {
        "name": "",
        "path": "",
        "id": "d41d8cd98f00b204e9800998ecf8427e",
        "groups": {},
        "checks": {
                "status 200": {
                    "id": "fad9fa412b86fcb03bee97c80dcd61f1",
                    "passes": 20691,
                    "fails": 0,
                    "name": "status 200",
                    "path": "::status 200"
                }
            }
    },
    "metrics": {
        "vus": {
            "value": 5,
            "min": 2,
            "max": 100
        },
        "http_req_failed": {
            "passes": 0,
            "fails": 20691,
            "value": 0
        },
        "iterations": {
            "rate": 85.84094032790674,
            "count": 20691
        },
        "http_req_blocked": {
            "p(90)": 0.006297,
            "p(95)": 0.0076725000000000005,
            "avg": 0.014610537721714783,
            "min": 0.001703,
            "med": 0.00492,
            "max": 33.750386
        },
        "http_req_tls_handshaking": {
            "p(95)": 0,
            "avg": 0,
            "min": 0,
            "med": 0,
            "max": 0,
            "p(90)": 0
        },
        "vus_max": {
            "value": 100,
            "min": 100,
            "max": 100
        },
        "http_req_connecting": {
            "med": 0,
            "max": 33.653795,
            "p(90)": 0,
            "p(95)": 0,
            "avg": 0.007116342032767876,
            "min": 0
        },
        "iteration_duration": {
            "p(95)": 1055.1081695,
            "avg": 1017.3529199849182,
            "min": 1000.402245,
            "med": 1001.574627,
            "max": 1178.503442,
            "p(90)": 1053.118538
        },
        "data_sent": {
            "count": 1764836,
            "rate": 7321.791202191369
        },
        "checks": {
            "passes": 20691,
            "fails": 0,
            "value": 1
        },
        "http_req_duration{expected_response:true}": {
            "avg": 16.532982463244835,
            "min": 0.239301,
            "med": 0.542972,
            "max": 170.809871,
            "p(90)": 52.327256,
            "p(95)": 54.238662500000004
        },
        "http_req_receiving": {
            "avg": 0.07570147542409689,
            "min": 0.013305,
            "med": 0.067318,
            "max": 6.311019,
            "p(90)": 0.090447,
            "p(95)": 0.1050775
        },
        "http_req_sending": {
            "med": 0.025709,
            "max": 12.457171,
            "p(90)": 0.034597,
            "p(95)": 0.042892,
            "avg": 0.02986444188294416,
            "min": 0.006411
        },
        "http_reqs": {
            "count": 20691,
            "rate": 85.84094032790674
        },
        "http_req_duration": {
            "max": 170.809871,
            "p(90)": 52.327256,
            "p(95)": 54.238662500000004,
            "avg": 16.532982463244835,
            "min": 0.239301,
            "med": 0.542972
        },
        "http_req_waiting": {
            "p(95)": 54.116769500000004,
            "avg": 16.427416545937838,
            "min": 0.193381,
            "med": 0.445007,
            "max": 170.629428,
            "p(90)": 52.212231
        },
        "data_received": {
            "count": 6050470,
            "rate": 25101.640047643414
        }
    }
}