{
    "root_group": {
        "checks": {
            "status 200": {
                "fails": 3824,
                "name": "status 200",
                "path": "::status 200",
                "id": "fad9fa412b86fcb03bee97c80dcd61f1",
                "passes": 35514
            }
        },
        "name": "",
        "path": "",
        "id": "d41d8cd98f00b204e9800998ecf8427e",
        "groups": {}
    },
    "metrics": {
        "http_req_tls_handshaking": {
            "med": 0,
            "max": 0,
            "p(90)": 0,
            "p(95)": 0,
            "avg": 0,
            "min": 0
        },
        "http_reqs": {
            "count": 39338,
            "rate": 146.4734753203799
        },
        "data_sent": {
            "count": 3123078,
            "rate": 11628.656473552834
        },
        "vus_max": {
            "value": 1000,
            "min": 1000,
            "max": 1000
        },
        "http_req_duration": {
            "avg": 2266.650100208012,
            "min": 0,
            "med": 0.837154,
            "max": 60007.956377,
            "p(90)": 53.08714620000001,
            "p(95)": 2873.2723253500585
        },
        "data_received": {
            "count": 9495204,
            "rate": 35355.01369556084
        },
        "iteration_duration": {
            "max": 61012.953169,
            "p(90)": 31001.0155492,
            "p(95)": 31002.10203865,
            "avg": 5581.969755746475,
            "min": 1000.330857,
            "med": 1002.5332235
        },
        "iterations": {
            "rate": 146.4734753203799,
            "count": 39338
        },
        "http_req_duration{expected_response:true}": {
            "p(95)": 54.760344149999995,
            "avg": 782.3475336623319,
            "min": 0.215504,
            "med": 1.2367185,
            "max": 55730.86519,
            "p(90)": 52.479451100000006
        },
        "vus": {
            "value": 14,
            "min": 13,
            "max": 1000
        },
        "checks": {
            "passes": 35514,
            "fails": 3824,
            "value": 0.9027911942650871
        },
        "http_req_failed": {
            "passes": 3824,
            "fails": 35514,
            "value": 0.0972088057349128
        },
        "http_req_connecting": {
            "max": 19752.08691,
            "p(90)": 0,
            "p(95)": 0.21906920000000002,
            "avg": 237.1512665532306,
            "min": 0,
            "med": 0
        },
        "http_req_sending": {
            "med": 0.020813,
            "max": 3.454467,
            "p(90)": 0.0337933,
            "p(95)": 0.04998780000000002,
            "avg": 0.025145525344450564,
            "min": 0
        },
        "http_req_receiving": {
            "min": 0,
            "med": 0.0573945,
            "max": 6.27608,
            "p(90)": 0.07906510000000001,
            "p(95)": 0.08804790000000001,
            "avg": 0.055809797447760795
        },
        "http_req_blocked": {
            "max": 19752.127833,
            "p(90)": 0.006559300000000002,
            "p(95)": 0.2875613,
            "avg": 237.1595042074851,
            "min": 0,
            "med": 0.004609
        },
        "http_req_waiting": {
            "avg": 2266.5691448852385,
            "min": 0,
            "med": 0.753733,
            "max": 60007.928138,
            "p(90)": 53.00397160000001,
            "p(95)": 2873.155443450058
        }
    }
}