{
    "root_group": {
        "name": "",
        "path": "",
        "id": "d41d8cd98f00b204e9800998ecf8427e",
        "groups": {},
        "checks": {
                "status 200": {
                    "name": "status 200",
                    "path": "::status 200",
                    "id": "fad9fa412b86fcb03bee97c80dcd61f1",
                    "passes": 35417,
                    "fails": 3826
                }
            }
    },
    "metrics": {
        "vus": {
            "value": 2,
            "min": 2,
            "max": 1000
        },
        "data_sent": {
            "count": 3116279,
            "rate": 11599.681289757285
        },
        "data_received": {
            "count": 9468238,
            "rate": 35243.48852447709
        },
        "http_req_tls_handshaking": {
            "max": 0,
            "p(90)": 0,
            "p(95)": 0,
            "avg": 0,
            "min": 0,
            "med": 0
        },
        "iterations": {
            "count": 39243,
            "rate": 146.07366441000474
        },
        "http_req_blocked": {
            "avg": 240.57858438781463,
            "min": 0,
            "med": 0.004446,
            "max": 19752.436723,
            "p(90)": 0.00641,
            "p(95)": 0.30026159999999996
        },
        "http_reqs": {
            "count": 39243,
            "rate": 146.07366441000474
        },
        "http_req_duration": {
            "avg": 2269.878252747419,
            "min": 0,
            "med": 1.116467,
            "max": 60011.246897,
            "p(90)": 53.2327612,
            "p(95)": 3300.2772006000023
        },
        "http_req_sending": {
            "max": 9.595002,
            "p(90)": 0.03228420000000001,
            "p(95)": 0.049360600000000004,
            "avg": 0.026294397191855796,
            "min": 0,
            "med": 0.019844
        },
        "iteration_duration": {
            "avg": 5582.1897247601455,
            "min": 1000.362531,
            "med": 1002.653746,
            "max": 61021.892511,
            "p(90)": 31001.0236032,
            "p(95)": 31002.1197656
        },
        "vus_max": {
            "value": 1000,
            "min": 1000,
            "max": 1000
        },
        "http_req_receiving": {
            "min": 0,
            "med": 0.055272,
            "max": 26.658244,
            "p(90)": 0.0782164,
            "p(95)": 0.0890537,
            "avg": 0.05866917827383218
        },
        "http_req_failed": {
            "passes": 3826,
            "fails": 35417,
            "value": 0.09749509466656474
        },
        "http_req_connecting": {
            "max": 19752.368752,
            "p(90)": 0,
            "p(95)": 0.2384258000000001,
            "avg": 240.57013883479843,
            "min": 0,
            "med": 0
        },
        "checks": {
            "fails": 3826,
            "passes": 35417,
            "value": 0.9025049053334353
        },
        "http_req_duration{expected_response:true}": {
            "avg": 758.7927277782419,
            "min": 0.237429,
            "med": 1.4583,
            "max": 55670.924366,
            "p(90)": 52.5729962,
            "p(95)": 54.81005359999999
        },
        "http_req_waiting": {
            "p(90)": 53.1249322,
            "p(95)": 3300.0980821000026,
            "avg": 2269.7932891719565,
            "min": 0,
            "med": 1.027826,
            "max": 60011.191702
        }
    }
}