{
    "root_group": {
        "path": "",
        "id": "d41d8cd98f00b204e9800998ecf8427e",
        "groups": {},
        "checks": {
                "status 200": {
                    "name": "status 200",
                    "path": "::status 200",
                    "id": "fad9fa412b86fcb03bee97c80dcd61f1",
                    "passes": 34670,
                    "fails": 786
                }
            },
        "name": ""
    },
    "metrics": {
        "http_req_duration{expected_response:true}": {
            "avg": 878.4020090898498,
            "min": 0.242824,
            "med": 1.5033474999999998,
            "max": 59987.188649,
            "p(90)": 52.582249499999996,
            "p(95)": 54.687119349999996
        },
        "http_req_sending": {
            "max": 19.860035,
            "p(90)": 0.037905999999999995,
            "p(95)": 0.05349975,
            "avg": 0.033615109854467286,
            "min": 0,
            "med": 0.0247985
        },
        "iteration_duration": {
            "min": 1000.376246,
            "med": 1002.3628475,
            "max": 61017.405394,
            "p(90)": 1054.0259315,
            "p(95)": 1060.11717775,
            "avg": 3053.6681470061153
        },
        "http_req_duration": {
            "max": 60014.954647,
            "p(90)": 52.9150075,
            "p(95)": 56.6442955,
            "avg": 1869.3829693060345,
            "min": 0,
            "med": 1.5766784999999999
        },
        "http_req_failed": {
            "fails": 34670,
            "passes": 786,
            "value": 0.02216832129963899
        },
        "vus_max": {
            "value": 500,
            "min": 500,
            "max": 500
        },
        "http_reqs": {
            "count": 35456,
            "rate": 138.7957764106266
        },
        "http_req_receiving": {
            "min": 0,
            "med": 0.068181,
            "max": 50.272887,
            "p(90)": 0.0963705,
            "p(95)": 0.127607,
            "avg": 0.08412321152978329
        },
        "data_sent": {
            "count": 3008385,
            "rate": 11776.60006253054
        },
        "iterations": {
            "count": 35456,
            "rate": 138.7957764106266
        },
        "http_req_connecting": {
            "med": 0,
            "max": 19634.175952,
            "p(90)": 0,
            "p(95)": 0,
            "avg": 24.369011312189766,
            "min": 0
        },
        "vus": {
            "value": 50,
            "min": 8,
            "max": 500
        },
        "http_req_tls_handshaking": {
            "max": 0,
            "p(90)": 0,
            "p(95)": 0,
            "avg": 0,
            "min": 0,
            "med": 0
        },
        "http_req_blocked": {
            "avg": 24.37886079157265,
            "min": 0,
            "med": 0.004995,
            "max": 19634.256593,
            "p(90)": 0.0067174999999999995,
            "p(95)": 0.020517
        },
        "data_received": {
            "count": 9261498,
            "rate": 36254.98662103636
        },
        "checks": {
            "passes": 34670,
            "fails": 786,
            "value": 0.977831678700361
        },
        "http_req_waiting": {
            "avg": 1869.2652309846526,
            "min": 0,
            "med": 1.4575705,
            "max": 60014.889029,
            "p(90)": 52.799884500000005,
            "p(95)": 56.51158100000001
        }
    }
}