{
    "root_group": {
        "name": "",
        "path": "",
        "id": "d41d8cd98f00b204e9800998ecf8427e",
        "groups": {},
        "checks": {
                "status 200": {
                    "name": "status 200",
                    "path": "::status 200",
                    "id": "fad9fa412b86fcb03bee97c80dcd61f1",
                    "passes": 35479,
                    "fails": 3834
                }
            }
    },
    "metrics": {
        "http_req_receiving": {
            "med": 0.064952,
            "max": 31.908761,
            "p(90)": 0.09160800000000001,
            "p(95)": 0.11499640000000018,
            "avg": 0.0745319973291274,
            "min": 0
        },
        "vus": {
            "value": 18,
            "min": 13,
            "max": 1000
        },
        "http_req_duration": {
            "med": 1.134215,
            "max": 60003.941722,
            "p(90)": 53.5428402,
            "p(95)": 3757.2971882001616,
            "avg": 2269.9496412929902,
            "min": 0
        },
        "http_reqs": {
            "count": 39313,
            "rate": 146.35079603761082
        },
        "iteration_duration": {
            "med": 1002.790491,
            "max": 61014.963293,
            "p(90)": 31001.078497,
            "p(95)": 31002.2723872,
            "avg": 5586.594334026885,
            "min": 1000.36863
        },
        "http_req_failed": {
            "passes": 3834,
            "fails": 35479,
            "value": 0.09752499173301453
        },
        "iterations": {
            "count": 39313,
            "rate": 146.35079603761082
        },
        "http_req_tls_handshaking": {
            "avg": 0,
            "min": 0,
            "med": 0,
            "max": 0,
            "p(90)": 0,
            "p(95)": 0
        },
        "vus_max": {
            "value": 1000,
            "min": 1000,
            "max": 1000
        },
        "http_req_sending": {
            "avg": 0.032960541271334805,
            "min": 0,
            "med": 0.022789,
            "max": 11.294416,
            "p(90)": 0.040625800000000004,
            "p(95)": 0.07015020000000001
        },
        "data_received": {
            "count": 9475012,
            "rate": 35272.69729264912
        },
        "http_req_connecting": {
            "med": 0,
            "max": 19751.77123,
            "p(90)": 0,
            "p(95)": 0.2374818000000001,
            "avg": 243.14657454099162,
            "min": 0
        },
        "http_req_duration{expected_response:true}": {
            "p(95)": 55.151024299999996,
            "avg": 776.2437389960821,
            "min": 0.206849,
            "med": 1.462147,
            "max": 55731.026826,
            "p(90)": 52.7387728
        },
        "http_req_blocked": {
            "avg": 243.15792112011297,
            "min": 0,
            "med": 0.005069,
            "max": 19751.828602,
            "p(90)": 0.007500800000000003,
            "p(95)": 0.3076266000000001
        },
        "checks": {
            "passes": 35479,
            "fails": 3834,
            "value": 0.9024750082669855
        },
        "data_sent": {
            "count": 3121792,
            "rate": 11621.518181361003
        },
        "http_req_waiting": {
            "avg": 2269.8421487543756,
            "min": 0,
            "med": 1.022819,
            "max": 60003.900007,
            "p(90)": 53.4204722,
            "p(95)": 3757.1725818001614
        }
    }
}