{
    "metrics": {
        "checks": {
            "passes": 131185,
            "fails": 0,
            "value": 1
        },
        "data_received": {
            "count": 38336094,
            "rate": 156927.86163097614
        },
        "http_req_connecting": {
            "max": 21.249958,
            "p(90)": 0,
            "p(95)": 0,
            "avg": 0.0055853348782254056,
            "min": 0,
            "med": 0
        },
        "vus": {
            "value": 46,
            "min": 14,
            "max": 1000
        },
        "vus_max": {
            "value": 1000,
            "min": 1000,
            "max": 1000
        },
        "http_req_waiting": {
            "min": 0.362337,
            "med": 1.608949,
            "max": 3399.297813,
            "p(90)": 2465.5519276000005,
            "p(95)": 2660.8970813999995,
            "avg": 609.6382696356284
        },
        "iterations": {
            "count": 131185,
            "rate": 537.002583728525
        },
        "http_req_duration": {
            "avg": 609.7100555734074,
            "min": 0.404023,
            "med": 1.685531,
            "max": 3399.370718,
            "p(90)": 2465.619935,
            "p(95)": 2660.9661151999994
        },
        "iteration_duration": {
            "avg": 1610.3319505645186,
            "min": 1000.530083,
            "med": 1002.418396,
            "max": 4399.99757,
            "p(90)": 3466.1066914000003,
            "p(95)": 3661.4679598000002
        },
        "http_reqs": {
            "count": 131185,
            "rate": 537.002583728525
        },
        "data_sent": {
            "rate": 65139.08678299017,
            "count": 15912905
        },
        "http_req_duration{expected_response:true}": {
            "avg": 609.7100555734074,
            "min": 0.404023,
            "med": 1.685531,
            "max": 3399.370718,
            "p(90)": 2465.619935,
            "p(95)": 2660.9661151999994
        },
        "http_req_blocked": {
            "p(95)": 0.005558,
            "avg": 0.010036331890079209,
            "min": 0.001484,
            "med": 0.003475,
            "max": 21.32849,
            "p(90)": 0.004686
        },
        "http_req_failed": {
            "passes": 0,
            "fails": 131185,
            "value": 0
        },
        "http_req_tls_handshaking": {
            "max": 0,
            "p(90)": 0,
            "p(95)": 0,
            "avg": 0,
            "min": 0,
            "med": 0
        },
        "http_req_receiving": {
            "avg": 0.054791260860615705,
            "min": 0.013718,
            "med": 0.046297,
            "max": 26.277103,
            "p(90)": 0.0704056,
            "p(95)": 0.11570279999999981
        },
        "http_req_sending": {
            "min": 0.005455,
            "med": 0.013388,
            "max": 6.094383,
            "p(90)": 0.021527600000000004,
            "p(95)": 0.02724779999999999,
            "avg": 0.01699467690665845
        }
    },
    "root_group": {
        "name": "",
        "path": "",
        "id": "d41d8cd98f00b204e9800998ecf8427e",
        "groups": {},
        "checks": {
                "status 200": {
                    "name": "status 200",
                    "path": "::status 200",
                    "id": "fad9fa412b86fcb03bee97c80dcd61f1",
                    "passes": 131185,
                    "fails": 0
                }
            }
    }
}