{
    "root_group": {
        "groups": {},
        "checks": {
                "status 200": {
                    "id": "fad9fa412b86fcb03bee97c80dcd61f1",
                    "passes": 32377,
                    "fails": 885,
                    "name": "status 200",
                    "path": "::status 200"
                }
            },
        "name": "",
        "path": "",
        "id": "d41d8cd98f00b204e9800998ecf8427e"
    },
    "metrics": {
        "http_req_connecting": {
            "max": 19750.058611,
            "p(90)": 0,
            "p(95)": 0.22811044999999636,
            "avg": 93.69517735388732,
            "min": 0,
            "med": 0
        },
        "http_req_tls_handshaking": {
            "avg": 0,
            "min": 0,
            "med": 0,
            "max": 0,
            "p(90)": 0,
            "p(95)": 0
        },
        "http_req_duration": {
            "p(90)": 53.9686858,
            "p(95)": 108.77846944999233,
            "avg": 2155.7428903162327,
            "min": 0.262966,
            "med": 1.7205395,
            "max": 60057.852472
        },
        "iterations": {
            "count": 33262,
            "rate": 129.40361072214176
        },
        "http_reqs": {
            "count": 33262,
            "rate": 129.40361072214176
        },
        "http_req_duration{expected_response:true}": {
            "avg": 581.3464079806346,
            "min": 0.262966,
            "med": 1.61342,
            "max": 59991.547355,
            "p(90)": 52.9334188,
            "p(95)": 55.65813219999999
        },
        "vus": {
            "value": 1,
            "min": 1,
            "max": 500
        },
        "iteration_duration": {
            "min": 1000.408931,
            "med": 1002.4701685,
            "max": 61059.747245,
            "p(90)": 1054.9298947,
            "p(95)": 1115.1636071999988,
            "avg": 3250.34975632852
        },
        "http_req_receiving": {
            "min": 0,
            "med": 0.0638825,
            "max": 60.452869,
            "p(90)": 0.08819410000000001,
            "p(95)": 0.10443334999999997,
            "avg": 0.08790543857855738
        },
        "data_sent": {
            "count": 2837407,
            "rate": 11038.74423932055
        },
        "http_req_blocked": {
            "min": 0.001533,
            "med": 0.00485,
            "max": 19750.133161,
            "p(90)": 0.00675,
            "p(95)": 0.3056853999999959,
            "avg": 93.70819518832299
        },
        "checks": {
            "passes": 32377,
            "fails": 885,
            "value": 0.9733930611508629
        },
        "vus_max": {
            "max": 500,
            "value": 500,
            "min": 500
        },
        "http_req_sending": {
            "p(95)": 0.05321774999999999,
            "avg": 0.03927425347243111,
            "min": 0.006351,
            "med": 0.023131,
            "max": 28.662616,
            "p(90)": 0.038216
        },
        "http_req_waiting": {
            "avg": 2155.6157106241735,
            "min": 0.226393,
            "med": 1.6211820000000001,
            "max": 60057.727496,
            "p(90)": 53.8701389,
            "p(95)": 105.41979204999491
        },
        "http_req_failed": {
            "fails": 32377,
            "passes": 885,
            "value": 0.026606938849137153
        },
        "data_received": {
            "count": 8637958,
            "rate": 33605.40419897211
        }
    }
}