{
    "metrics": {
        "http_reqs": {
            "count": 103134,
            "rate": 427.8538131661796
        },
        "vus_max": {
            "min": 500,
            "max": 500,
            "value": 500
        },
        "checks": {
            "passes": 103134,
            "fails": 0,
            "value": 1
        },
        "http_req_waiting": {
            "p(90)": 54.946600199999985,
            "p(95)": 63.503590949999996,
            "avg": 19.456195509269953,
            "min": 0.475477,
            "med": 1.4237235,
            "max": 2047.973474
        },
        "http_req_receiving": {
            "avg": 0.08600161901021978,
            "min": 0.013508,
            "med": 0.056984,
            "max": 49.342467,
            "p(90)": 0.10088979999999999,
            "p(95)": 0.18301849999999992
        },
        "data_sent": {
            "count": 12613393,
            "rate": 52326.956115476925
        },
        "http_req_connecting": {
            "avg": 0.003964957802470572,
            "min": 0,
            "med": 0,
            "max": 26.525385,
            "p(90)": 0,
            "p(95)": 0
        },
        "http_req_failed": {
            "passes": 0,
            "fails": 103134,
            "value": 0
        },
        "iterations": {
            "count": 103134,
            "rate": 427.8538131661796
        },
        "http_req_duration{expected_response:true}": {
            "avg": 19.582412068008754,
            "min": 0.524917,
            "med": 1.511147,
            "max": 2048.400064,
            "p(90)": 55.0680138,
            "p(95)": 63.75050844999999
        },
        "http_req_tls_handshaking": {
            "min": 0,
            "med": 0,
            "max": 0,
            "p(90)": 0,
            "p(95)": 0,
            "avg": 0
        },
        "iteration_duration": {
            "max": 3049.094953,
            "p(90)": 1055.86323,
            "p(95)": 1065.0502817,
            "avg": 1020.4347651077021,
            "min": 1000.632099,
            "med": 1002.3874965
        },
        "http_req_sending": {
            "med": 0.016955,
            "max": 181.380005,
            "p(90)": 0.0289367,
            "p(95)": 0.04138979999999993,
            "avg": 0.040214939728896046,
            "min": 0.005917
        },
        "http_req_blocked": {
            "max": 106.425992,
            "p(90)": 0.005476,
            "p(95)": 0.006417349999999991,
            "avg": 0.011365434376636077,
            "min": 0.001393,
            "med": 0.004091
        },
        "data_received": {
            "count": 30073987,
            "rate": 124762.63904299372
        },
        "vus": {
            "value": 67,
            "min": 8,
            "max": 500
        },
        "http_req_duration": {
            "max": 2048.400064,
            "p(90)": 55.0680138,
            "p(95)": 63.75050844999999,
            "avg": 19.582412068008754,
            "min": 0.524917,
            "med": 1.511147
        }
    },
    "root_group": {
        "checks": {
            "status 200": {
                "name": "status 200",
                "path": "::status 200",
                "id": "fad9fa412b86fcb03bee97c80dcd61f1",
                "passes": 103134,
                "fails": 0
            }
        },
        "name": "",
        "path": "",
        "id": "d41d8cd98f00b204e9800998ecf8427e",
        "groups": {}
    }
}