{
    "root_group": {
        "id": "d41d8cd98f00b204e9800998ecf8427e",
        "groups": {},
        "checks": {
                "status 200": {
                    "passes": 20688,
                    "fails": 0,
                    "name": "status 200",
                    "path": "::status 200",
                    "id": "fad9fa412b86fcb03bee97c80dcd61f1"
                }
            },
        "name": "",
        "path": ""
    },
    "metrics": {
        "checks": {
            "passes": 20688,
            "fails": 0,
            "value": 1
        },
        "http_req_waiting": {
            "min": 0.500808,
            "med": 1.4134194999999998,
            "max": 117.197447,
            "p(90)": 51.748854200000004,
            "p(95)": 52.249586449999995,
            "avg": 16.8798720458236
        },
        "iterations": {
            "count": 20688,
            "rate": 85.83706396576841
        },
        "http_req_receiving": {
            "p(95)": 0.10027195,
            "avg": 0.07574146263534391,
            "min": 0.017711,
            "med": 0.066416,
            "max": 20.022288,
            "p(90)": 0.0882741
        },
        "http_req_connecting": {
            "avg": 0.003326679427687549,
            "min": 0,
            "med": 0,
            "max": 11.731833,
            "p(90)": 0,
            "p(95)": 0
        },
        "http_req_blocked": {
            "p(95)": 0.00672,
            "avg": 0.009054394528228852,
            "min": 0.001377,
            "med": 0.004673,
            "max": 11.854904,
            "p(90)": 0.005947299999999999
        },
        "http_req_sending": {
            "avg": 0.027623358130317025,
            "min": 0.006258,
            "med": 0.0247985,
            "max": 9.538113,
            "p(90)": 0.03158469999999999,
            "p(95)": 0.03909739999999996
        },
        "data_received": {
            "count": 6023757,
            "rate": 24993.310852825078
        },
        "http_req_tls_handshaking": {
            "avg": 0,
            "min": 0,
            "med": 0,
            "max": 0,
            "p(90)": 0,
            "p(95)": 0
        },
        "vus_max": {
            "value": 100,
            "min": 100,
            "max": 100
        },
        "http_reqs": {
            "count": 20688,
            "rate": 85.83706396576841
        },
        "http_req_duration": {
            "avg": 16.9832368665893,
            "min": 0.540949,
            "med": 1.506658,
            "max": 117.459217,
            "p(90)": 51.8594944,
            "p(95)": 52.3613973
        },
        "http_req_duration{expected_response:true}": {
            "avg": 16.9832368665893,
            "min": 0.540949,
            "med": 1.506658,
            "max": 117.459217,
            "p(90)": 51.8594944,
            "p(95)": 52.3613973
        },
        "data_sent": {
            "count": 2530255,
            "rate": 10498.340114303235
        },
        "http_req_failed": {
            "passes": 0,
            "fails": 20688,
            "value": 0
        },
        "vus": {
            "value": 12,
            "min": 2,
            "max": 100
        },
        "iteration_duration": {
            "p(90)": 1052.7261988,
            "p(95)": 1053.2230831,
            "avg": 1017.779585549549,
            "min": 1000.709094,
            "med": 1002.4035155,
            "max": 1118.89851
        }
    }
}