{
    "metrics": {
        "http_req_receiving": {
            "med": 0.066512,
            "max": 50.551597,
            "p(90)": 0.08885510000000002,
            "p(95)": 0.10295110000000002,
            "avg": 0.08644231461434344,
            "min": 0.017696
        },
        "http_req_connecting": {
            "p(95)": 0,
            "avg": 0.0027310679489657846,
            "min": 0,
            "med": 0,
            "max": 1.147597,
            "p(90)": 0
        },
        "data_received": {
            "count": 6032539,
            "rate": 25026.410467185047
        },
        "iteration_duration": {
            "min": 1000.709396,
            "med": 1002.4158175,
            "max": 1115.116923,
            "p(90)": 1052.7284139,
            "p(95)": 1053.27380355,
            "avg": 1017.5817609298823
        },
        "http_req_blocked": {
            "p(90)": 0.005976,
            "p(95)": 0.006768,
            "avg": 0.009088869224821152,
            "min": 0.001796,
            "med": 0.004625,
            "max": 8.665257
        },
        "http_req_waiting": {
            "min": 0.496192,
            "med": 1.435227,
            "max": 99.04503,
            "p(90)": 51.753120100000004,
            "p(95)": 52.2509241,
            "avg": 16.662804010873792
        },
        "http_reqs": {
            "count": 20692,
            "rate": 85.84221094749542
        },
        "http_req_duration{expected_response:true}": {
            "min": 0.567441,
            "med": 1.5285009999999999,
            "max": 114.548051,
            "p(90)": 51.863677200000005,
            "p(95)": 52.37645375,
            "avg": 16.779890713754163
        },
        "http_req_sending": {
            "avg": 0.03064438826599666,
            "min": 0.00648,
            "med": 0.024679,
            "max": 38.296153,
            "p(90)": 0.03132460000000001,
            "p(95)": 0.038655050000000024
        },
        "http_req_failed": {
            "passes": 0,
            "fails": 20692,
            "value": 0
        },
        "checks": {
            "passes": 20692,
            "fails": 0,
            "value": 1
        },
        "vus": {
            "min": 2,
            "max": 100,
            "value": 7
        },
        "iterations": {
            "count": 20692,
            "rate": 85.84221094749542
        },
        "http_req_duration": {
            "med": 1.5285009999999999,
            "max": 114.548051,
            "p(90)": 51.863677200000005,
            "p(95)": 52.37645375,
            "avg": 16.779890713754163,
            "min": 0.567441
        },
        "http_req_tls_handshaking": {
            "avg": 0,
            "min": 0,
            "med": 0,
            "max": 0,
            "p(90)": 0,
            "p(95)": 0
        },
        "vus_max": {
            "max": 100,
            "value": 100,
            "min": 100
        },
        "data_sent": {
            "count": 2530632,
            "rate": 10498.504058306698
        }
    },
    "root_group": {
        "name": "",
        "path": "",
        "id": "d41d8cd98f00b204e9800998ecf8427e",
        "groups": {},
        "checks": {
                "status 200": {
                    "name": "status 200",
                    "path": "::status 200",
                    "id": "fad9fa412b86fcb03bee97c80dcd61f1",
                    "passes": 20692,
                    "fails": 0
                }
            }
    }
}