{
    "root_group": {
        "name": "",
        "path": "",
        "id": "d41d8cd98f00b204e9800998ecf8427e",
        "groups": {},
        "checks": {
                "status 200": {
                    "passes": 131184,
                    "fails": 0,
                    "name": "status 200",
                    "path": "::status 200",
                    "id": "fad9fa412b86fcb03bee97c80dcd61f1"
                }
            }
    },
    "metrics": {
        "http_req_duration": {
            "p(95)": 2686.22858395,
            "avg": 609.407677239373,
            "min": 0.405356,
            "med": 1.771468,
            "max": 3034.94787,
            "p(90)": 2505.9353545999998
        },
        "data_sent": {
            "count": 15912766,
            "rate": 65282.08661784811
        },
        "http_req_failed": {
            "passes": 0,
            "fails": 131184,
            "value": 0
        },
        "iteration_duration": {
            "max": 4035.422363,
            "p(90)": 3506.4995183,
            "p(95)": 3686.8087933,
            "avg": 1610.0257251059256,
            "min": 1000.507907,
            "med": 1002.433736
        },
        "http_req_blocked": {
            "avg": 0.00994916782534484,
            "min": 0.001458,
            "med": 0.00343,
            "max": 13.828975,
            "p(90)": 0.004658,
            "p(95)": 0.005542
        },
        "http_req_sending": {
            "avg": 0.016736497461580607,
            "min": 0.005572,
            "med": 0.013458,
            "max": 6.569065,
            "p(90)": 0.021605,
            "p(95)": 0.027167849999999993
        },
        "checks": {
            "passes": 131184,
            "fails": 0,
            "value": 1
        },
        "iterations": {
            "rate": 538.1820640657813,
            "count": 131184
        },
        "http_req_tls_handshaking": {
            "avg": 0,
            "min": 0,
            "med": 0,
            "max": 0,
            "p(90)": 0,
            "p(95)": 0
        },
        "http_reqs": {
            "count": 131184,
            "rate": 538.1820640657813
        },
        "http_req_connecting": {
            "avg": 0.005464257234113912,
            "min": 0,
            "med": 0,
            "max": 13.756387,
            "p(90)": 0,
            "p(95)": 0
        },
        "http_req_receiving": {
            "p(95)": 0.11945054999999997,
            "avg": 0.056258013446761485,
            "min": 0.01298,
            "med": 0.04621,
            "max": 26.15621,
            "p(90)": 0.0710634
        },
        "vus": {
            "min": 13,
            "max": 1000,
            "value": 103
        },
        "http_req_waiting": {
            "p(90)": 2505.8454646,
            "p(95)": 2686.1601919,
            "avg": 609.3346827284641,
            "min": 0.355882,
            "med": 1.6906255,
            "max": 3034.89975
        },
        "vus_max": {
            "value": 1000,
            "min": 1000,
            "max": 1000
        },
        "data_received": {
            "count": 38336456,
            "rate": 157275.22425788973
        },
        "http_req_duration{expected_response:true}": {
            "avg": 609.407677239373,
            "min": 0.405356,
            "med": 1.771468,
            "max": 3034.94787,
            "p(90)": 2505.9353545999998,
            "p(95)": 2686.22858395
        }
    }
}