{
    "metrics": {
        "http_reqs": {
            "count": 39274,
            "rate": 146.44711287915257
        },
        "http_req_duration": {
            "p(95)": 2802.8080303999927,
            "avg": 2240.2118045060333,
            "min": 0,
            "med": 1.0963545,
            "max": 60014.446315,
            "p(90)": 53.368374200000005
        },
        "checks": {
            "passes": 35416,
            "fails": 3858,
            "value": 0.9017670723633956
        },
        "iteration_duration": {
            "med": 1002.7970055,
            "max": 61024.926051,
            "p(90)": 31001.0791546,
            "p(95)": 31002.20305485,
            "avg": 5588.137224393023,
            "min": 1000.317005
        },
        "http_req_receiving": {
            "p(90)": 0.08822610000000002,
            "p(95)": 0.10541254999999998,
            "avg": 0.07221855734073453,
            "min": 0,
            "med": 0.0633465,
            "max": 45.953359
        },
        "data_received": {
            "count": 9465280,
            "rate": 35294.67150259167
        },
        "http_req_waiting": {
            "max": 60013.780465,
            "p(90)": 53.269932700000005,
            "p(95)": 2802.622523249993,
            "avg": 2240.1052469081005,
            "min": 0,
            "med": 0.9810295
        },
        "iterations": {
            "rate": 146.44711287915257,
            "count": 39274
        },
        "http_req_sending": {
            "med": 0.022478,
            "max": 27.868016,
            "p(90)": 0.039684600000000035,
            "p(95)": 0.0673073999999999,
            "avg": 0.034339040586647565,
            "min": 0
        },
        "http_req_duration{expected_response:true}": {
            "p(95)": 54.925211749999995,
            "avg": 785.1991200001693,
            "min": 0.217552,
            "med": 1.4570395,
            "max": 55602.584469,
            "p(90)": 52.666139
        },
        "http_req_failed": {
            "fails": 35416,
            "passes": 3858,
            "value": 0.09823292763660436
        },
        "http_req_tls_handshaking": {
            "max": 0,
            "p(90)": 0,
            "p(95)": 0,
            "avg": 0,
            "min": 0,
            "med": 0
        },
        "http_req_blocked": {
            "med": 0.0049575,
            "max": 19747.632902,
            "p(90)": 0.007165700000000004,
            "p(95)": 0.3006959499999996,
            "avg": 219.67576676152117,
            "min": 0
        },
        "vus_max": {
            "value": 1000,
            "min": 1000,
            "max": 1000
        },
        "data_sent": {
            "count": 3112494,
            "rate": 11606.043696941619
        },
        "http_req_connecting": {
            "p(90)": 0,
            "p(95)": 0.22716664999999997,
            "avg": 219.66526358720762,
            "min": 0,
            "med": 0,
            "max": 19747.567574
        },
        "vus": {
            "value": 2,
            "min": 2,
            "max": 1000
        }
    },
    "root_group": {
        "checks": {
            "status 200": {
                "name": "status 200",
                "path": "::status 200",
                "id": "fad9fa412b86fcb03bee97c80dcd61f1",
                "passes": 35416,
                "fails": 3858
            }
        },
        "name": "",
        "path": "",
        "id": "d41d8cd98f00b204e9800998ecf8427e",
        "groups": {}
    }
}