{
    "metrics": {
        "iteration_duration": {
            "med": 1001.785087,
            "max": 1117.412443,
            "p(90)": 1052.1819057999999,
            "p(95)": 1053.1809312,
            "avg": 1016.9075213637234,
            "min": 1000.428579
        },
        "http_req_duration": {
            "avg": 16.097267910276752,
            "min": 0.267683,
            "med": 0.689229,
            "max": 104.430231,
            "p(90)": 51.3774348,
            "p(95)": 52.3588458
        },
        "http_req_connecting": {
            "avg": 0.004639878291539838,
            "min": 0,
            "med": 0,
            "max": 3.962805,
            "p(90)": 0,
            "p(95)": 0
        },
        "http_reqs": {
            "count": 20697,
            "rate": 85.87672126778324
        },
        "http_req_duration{expected_response:true}": {
            "min": 0.267683,
            "med": 0.689229,
            "max": 104.430231,
            "p(90)": 51.3774348,
            "p(95)": 52.3588458,
            "avg": 16.097267910276752
        },
        "iterations": {
            "count": 20697,
            "rate": 85.87672126778324
        },
        "vus_max": {
            "value": 100,
            "min": 100,
            "max": 100
        },
        "http_req_sending": {
            "avg": 0.02998028728801269,
            "min": 0.005974,
            "med": 0.025878,
            "max": 27.065344,
            "p(90)": 0.03424780000000005,
            "p(95)": 0.04238020000000001
        },
        "http_req_failed": {
            "passes": 0,
            "fails": 20697,
            "value": 0
        },
        "data_received": {
            "count": 5529612,
            "rate": 22943.660841812314
        },
        "http_req_receiving": {
            "avg": 0.07426349987920933,
            "min": 0.016775,
            "med": 0.066678,
            "max": 9.324267,
            "p(90)": 0.08792520000000001,
            "p(95)": 0.1003842
        },
        "http_req_blocked": {
            "p(95)": 0.007861000000000003,
            "avg": 0.011442745277093293,
            "min": 0.001625,
            "med": 0.004977,
            "max": 4.055261,
            "p(90)": 0.006338400000000001
        },
        "http_req_tls_handshaking": {
            "p(90)": 0,
            "p(95)": 0,
            "avg": 0,
            "min": 0,
            "med": 0,
            "max": 0
        },
        "http_req_waiting": {
            "max": 104.36821,
            "p(90)": 51.265335,
            "p(95)": 52.2504772,
            "avg": 15.99302412310945,
            "min": 0.232375,
            "med": 0.586802
        },
        "data_sent": {
            "count": 1765443,
            "rate": 7325.238267631012
        },
        "vus": {
            "value": 8,
            "min": 2,
            "max": 100
        },
        "checks": {
            "passes": 20697,
            "fails": 0,
            "value": 1
        }
    },
    "root_group": {
        "name": "",
        "path": "",
        "id": "d41d8cd98f00b204e9800998ecf8427e",
        "groups": {},
        "checks": {
                "status 200": {
                    "name": "status 200",
                    "path": "::status 200",
                    "id": "fad9fa412b86fcb03bee97c80dcd61f1",
                    "passes": 20697,
                    "fails": 0
                }
            }
    }
}