{
    "root_group": {
        "checks": {
            "status 200": {
                "fails": 0,
                "name": "status 200",
                "path": "::status 200",
                "id": "fad9fa412b86fcb03bee97c80dcd61f1",
                "passes": 129091
            }
        },
        "name": "",
        "path": "",
        "id": "d41d8cd98f00b204e9800998ecf8427e",
        "groups": {}
    },
    "metrics": {
        "data_sent": {
            "count": 15658609,
            "rate": 64069.48762673608
        },
        "http_req_tls_handshaking": {
            "min": 0,
            "med": 0,
            "max": 0,
            "p(90)": 0,
            "p(95)": 0,
            "avg": 0
        },
        "http_req_blocked": {
            "avg": 0.010662484046138345,
            "min": 0.00138,
            "med": 0.00344,
            "max": 31.948271,
            "p(90)": 0.004685,
            "p(95)": 0.0055105
        },
        "data_received": {
            "count": 37734556,
            "rate": 154396.45173734013
        },
        "http_req_duration": {
            "min": 0.438578,
            "med": 2.019331,
            "max": 3660.264818,
            "p(90)": 2625.222522,
            "p(95)": 2861.4418265,
            "avg": 636.7583594767743
        },
        "iteration_duration": {
            "med": 1002.518549,
            "max": 4661.132213,
            "p(90)": 3625.582062,
            "p(95)": 3862.0824574999997,
            "avg": 1637.3916832305297,
            "min": 1000.528777
        },
        "http_req_connecting": {
            "med": 0,
            "max": 29.350446,
            "p(90)": 0,
            "p(95)": 0,
            "avg": 0.005830830259274473,
            "min": 0
        },
        "http_req_failed": {
            "passes": 0,
            "fails": 129091,
            "value": 0
        },
        "vus": {
            "value": 55,
            "min": 13,
            "max": 1000
        },
        "http_req_sending": {
            "p(90)": 0.021667,
            "p(95)": 0.0276635,
            "avg": 0.01730268982345787,
            "min": 0.005711,
            "med": 0.013398,
            "max": 11.532165
        },
        "http_reqs": {
            "count": 129091,
            "rate": 528.1946964269296
        },
        "http_req_receiving": {
            "avg": 0.05654778298254738,
            "min": 0.012735,
            "med": 0.046218,
            "max": 23.400692,
            "p(90)": 0.07185,
            "p(95)": 0.12493
        },
        "vus_max": {
            "value": 1000,
            "min": 1000,
            "max": 1000
        },
        "iterations": {
            "rate": 528.1946964269296,
            "count": 129091
        },
        "http_req_duration{expected_response:true}": {
            "p(90)": 2625.222522,
            "p(95)": 2861.4418265,
            "avg": 636.7583594767743,
            "min": 0.438578,
            "med": 2.019331,
            "max": 3660.264818
        },
        "checks": {
            "passes": 129091,
            "fails": 0,
            "value": 1
        },
        "http_req_waiting": {
            "med": 1.957237,
            "max": 3660.140155,
            "p(90)": 2625.143617,
            "p(95)": 2861.3592915,
            "avg": 636.684509003973,
            "min": 0.376605
        }
    }
}