{
    "root_group": {
        "name": "",
        "path": "",
        "id": "d41d8cd98f00b204e9800998ecf8427e",
        "groups": {},
        "checks": {
                "status 200": {
                    "fails": 10506,
                    "name": "status 200",
                    "path": "::status 200",
                    "id": "fad9fa412b86fcb03bee97c80dcd61f1",
                    "passes": 35634
                }
            }
    },
    "metrics": {
        "vus": {
            "value": 42,
            "min": 17,
            "max": 2000
        },
        "http_req_blocked": {
            "p(95)": 0.4032572999999986,
            "avg": 263.28540937165235,
            "min": 0,
            "med": 0.0047265,
            "max": 19749.884081,
            "p(90)": 0.007200399999999994
        },
        "http_req_tls_handshaking": {
            "min": 0,
            "med": 0,
            "max": 0,
            "p(90)": 0,
            "p(95)": 0,
            "avg": 0
        },
        "http_req_failed": {
            "passes": 10506,
            "fails": 35634,
            "value": 0.22769830949284786
        },
        "checks": {
            "passes": 35634,
            "fails": 10506,
            "value": 0.7723016905071521
        },
        "iterations": {
            "count": 46119,
            "rate": 170.80785420135265
        },
        "http_req_waiting": {
            "max": 60064.562254,
            "p(90)": 53.5653265,
            "p(95)": 8990.368740549986,
            "avg": 2550.9754212318385,
            "min": 0,
            "med": 0.518448
        },
        "vus_max": {
            "value": 2000,
            "min": 2000,
            "max": 2000
        },
        "iteration_duration": {
            "med": 1005.724637,
            "max": 61075.878761,
            "p(90)": 31001.939744,
            "p(95)": 31010.620320799997,
            "avg": 9616.296672333692,
            "min": 1000.403359
        },
        "http_req_duration": {
            "avg": 2551.1033365252833,
            "min": 0,
            "med": 0.6238600000000001,
            "max": 60064.633336,
            "p(90)": 53.6965132,
            "p(95)": 8990.588450999987
        },
        "http_req_duration{expected_response:true}": {
            "max": 58877.878976,
            "p(90)": 53.038437,
            "p(95)": 56.5144047,
            "avg": 872.8746032905356,
            "min": 0.244318,
            "med": 1.5841785000000002
        },
        "http_req_sending": {
            "max": 86.891867,
            "p(90)": 0.04069689999999999,
            "p(95)": 0.09694954999999994,
            "avg": 0.04912401909406176,
            "min": 0,
            "med": 0.020792
        },
        "http_req_connecting": {
            "avg": 263.27442941900745,
            "min": 0,
            "med": 0,
            "max": 19749.83527,
            "p(90)": 0,
            "p(95)": 0.3186191
        },
        "http_req_receiving": {
            "avg": 0.07879127436064125,
            "min": 0,
            "med": 0.061102000000000004,
            "max": 45.358928,
            "p(90)": 0.0981971,
            "p(95)": 0.1763255499999999
        },
        "data_received": {
            "count": 9524715,
            "rate": 35276.04958974472
        },
        "data_sent": {
            "count": 3171655,
            "rate": 11746.646389058547
        },
        "http_reqs": {
            "count": 46140,
            "rate": 170.88563049611682
        }
    }
}