{
    "root_group": {
        "groups": {},
        "checks": {
                "status 200": {
                    "passes": 20693,
                    "fails": 0,
                    "name": "status 200",
                    "path": "::status 200",
                    "id": "fad9fa412b86fcb03bee97c80dcd61f1"
                }
            },
        "name": "",
        "path": "",
        "id": "d41d8cd98f00b204e9800998ecf8427e"
    },
    "metrics": {
        "http_req_receiving": {
            "min": 0.017132,
            "med": 0.065785,
            "max": 25.480538,
            "p(90)": 0.087717,
            "p(95)": 0.09939799999999994,
            "avg": 0.0760626457256076
        },
        "http_req_duration{expected_response:true}": {
            "p(95)": 52.287604200000004,
            "avg": 16.635637739912067,
            "min": 0.559761,
            "med": 1.488935,
            "max": 156.137308,
            "p(90)": 51.809596
        },
        "iterations": {
            "rate": 85.84655985685954,
            "count": 20693
        },
        "http_reqs": {
            "count": 20693,
            "rate": 85.84655985685954
        },
        "http_req_connecting": {
            "p(95)": 0,
            "avg": 0.002658479389165418,
            "min": 0,
            "med": 0,
            "max": 2.756478,
            "p(90)": 0
        },
        "vus": {
            "value": 7,
            "min": 2,
            "max": 100
        },
        "data_received": {
            "count": 6034127,
            "rate": 25033.056815802072
        },
        "http_req_tls_handshaking": {
            "min": 0,
            "med": 0,
            "max": 0,
            "p(90)": 0,
            "p(95)": 0,
            "avg": 0
        },
        "checks": {
            "passes": 20693,
            "fails": 0,
            "value": 1
        },
        "http_req_sending": {
            "avg": 0.027192440922050858,
            "min": 0.0062,
            "med": 0.024313,
            "max": 7.081687,
            "p(90)": 0.030968799999999998,
            "p(95)": 0.03831959999999997
        },
        "data_sent": {
            "count": 2530723,
            "rate": 10498.906079381006
        },
        "http_req_duration": {
            "max": 156.137308,
            "p(90)": 51.809596,
            "p(95)": 52.287604200000004,
            "avg": 16.635637739912067,
            "min": 0.559761,
            "med": 1.488935
        },
        "http_req_failed": {
            "passes": 0,
            "fails": 20693,
            "value": 0
        },
        "vus_max": {
            "value": 100,
            "min": 100,
            "max": 100
        },
        "iteration_duration": {
            "max": 1157.351339,
            "p(90)": 1052.681366,
            "p(95)": 1053.1947157999998,
            "avg": 1017.4056735967223,
            "min": 1000.755173,
            "med": 1002.344215
        },
        "http_req_blocked": {
            "p(95)": 0.006751599999999991,
            "avg": 0.00859203382786437,
            "min": 0.00166,
            "med": 0.004618,
            "max": 3.79844,
            "p(90)": 0.005927
        },
        "http_req_waiting": {
            "p(95)": 52.17411439999999,
            "avg": 16.532382653264328,
            "min": 0.489407,
            "med": 1.397431,
            "max": 156.03707,
            "p(90)": 51.7060068
        }
    }
}