{
    "root_group": {
        "name": "",
        "path": "",
        "id": "d41d8cd98f00b204e9800998ecf8427e",
        "groups": {},
        "checks": {
                "status 200": {
                    "name": "status 200",
                    "path": "::status 200",
                    "id": "fad9fa412b86fcb03bee97c80dcd61f1",
                    "passes": 141572,
                    "fails": 0
                }
            }
    },
    "metrics": {
        "http_req_blocked": {
            "max": 10.422135,
            "p(90)": 0.005142900000000008,
            "p(95)": 0.006198449999999983,
            "avg": 0.011350743360269084,
            "min": 0.001435,
            "med": 0.003832
        },
        "http_req_duration": {
            "avg": 490.0053922098104,
            "min": 0.521361,
            "med": 2.091288,
            "max": 3056.998699,
            "p(90)": 1994.7320296,
            "p(95)": 2191.8053320999998
        },
        "http_req_receiving": {
            "p(90)": 0.09789440000000005,
            "p(95)": 0.16675404999999985,
            "avg": 0.09666404956488607,
            "min": 0.012442,
            "med": 0.052501,
            "max": 84.795992
        },
        "vus_max": {
            "value": 1000,
            "min": 1000,
            "max": 1000
        },
        "data_received": {
            "count": 41384175,
            "rate": 169901.9937208743
        },
        "http_req_tls_handshaking": {
            "avg": 0,
            "min": 0,
            "med": 0,
            "max": 0,
            "p(90)": 0,
            "p(95)": 0
        },
        "iteration_duration": {
            "max": 4057.382988,
            "p(90)": 2995.2609477,
            "p(95)": 3192.37490665,
            "avg": 1490.9059204599218,
            "min": 1000.664048,
            "med": 1002.5685384999999
        },
        "iterations": {
            "count": 141572,
            "rate": 581.2213256649823
        },
        "http_req_sending": {
            "avg": 0.05286767923741965,
            "min": 0.005517,
            "med": 0.0150095,
            "max": 102.460958,
            "p(90)": 0.025538900000000007,
            "p(95)": 0.03566144999999998
        },
        "http_req_failed": {
            "passes": 0,
            "fails": 141572,
            "value": 0
        },
        "http_req_waiting": {
            "min": 0.477224,
            "med": 2.018373,
            "max": 3056.927085,
            "p(90)": 1994.369026300001,
            "p(95)": 2191.6824845999986,
            "avg": 489.855860481008
        },
        "vus": {
            "value": 81,
            "min": 13,
            "max": 1000
        },
        "data_sent": {
            "count": 17172619,
            "rate": 70501.8815890124
        },
        "checks": {
            "passes": 141572,
            "fails": 0,
            "value": 1
        },
        "http_reqs": {
            "count": 141572,
            "rate": 581.2213256649823
        },
        "http_req_duration{expected_response:true}": {
            "max": 3056.998699,
            "p(90)": 1994.7320296,
            "p(95)": 2191.8053320999998,
            "avg": 490.0053922098104,
            "min": 0.521361,
            "med": 2.091288
        },
        "http_req_connecting": {
            "p(90)": 0,
            "p(95)": 0,
            "avg": 0.0060443448633910575,
            "min": 0,
            "med": 0,
            "max": 8.98474
        }
    }
}