{
    "root_group": {
        "name": "",
        "path": "",
        "id": "d41d8cd98f00b204e9800998ecf8427e",
        "groups": {},
        "checks": {
                "status 200": {
                    "name": "status 200",
                    "path": "::status 200",
                    "id": "fad9fa412b86fcb03bee97c80dcd61f1",
                    "passes": 35342,
                    "fails": 3895
                }
            }
    },
    "metrics": {
        "http_req_blocked": {
            "avg": 223.29252047870557,
            "min": 0,
            "med": 0.004323,
            "max": 19747.546117,
            "p(90)": 0.006364400000000001,
            "p(95)": 0.28896439999999995
        },
        "http_req_failed": {
            "passes": 3895,
            "fails": 35342,
            "value": 0.09926854754440961
        },
        "http_req_connecting": {
            "avg": 223.28406288036777,
            "min": 0,
            "med": 0,
            "max": 19747.482283,
            "p(90)": 0,
            "p(95)": 0.23014619999999983
        },
        "http_req_sending": {
            "avg": 0.027405323597624563,
            "min": 0,
            "med": 0.019022,
            "max": 29.022874,
            "p(90)": 0.031536600000000005,
            "p(95)": 0.04827659999999996
        },
        "vus_max": {
            "value": 1000,
            "min": 1000,
            "max": 1000
        },
        "checks": {
            "passes": 35342,
            "fails": 3895,
            "value": 0.9007314524555904
        },
        "http_req_duration{expected_response:true}": {
            "avg": 740.711520842255,
            "min": 0.232792,
            "med": 1.507055,
            "max": 55538.661331,
            "p(90)": 52.84594560000001,
            "p(95)": 55.7416023
        },
        "http_req_duration": {
            "p(95)": 3059.104242799999,
            "avg": 2197.9893756204406,
            "min": 0,
            "med": 1.128546,
            "max": 60014.733788,
            "p(90)": 53.694277199999995
        },
        "iterations": {
            "count": 39237,
            "rate": 145.92835529275158
        },
        "iteration_duration": {
            "p(95)": 31002.051185599998,
            "avg": 5583.570854617259,
            "min": 1000.349797,
            "med": 1002.731782,
            "max": 61027.59884,
            "p(90)": 31001.0186922
        },
        "data_sent": {
            "count": 3105772,
            "rate": 11550.837216766817
        },
        "data_received": {
            "count": 9445692,
            "rate": 35129.96146907004
        },
        "vus": {
            "value": 9,
            "min": 9,
            "max": 1000
        },
        "http_reqs": {
            "count": 39237,
            "rate": 145.92835529275158
        },
        "http_req_tls_handshaking": {
            "p(95)": 0,
            "avg": 0,
            "min": 0,
            "med": 0,
            "max": 0,
            "p(90)": 0
        },
        "http_req_receiving": {
            "med": 0.053011,
            "max": 23.027061,
            "p(90)": 0.07611920000000001,
            "p(95)": 0.08727059999999993,
            "avg": 0.05815498366337874,
            "min": 0
        },
        "http_req_waiting": {
            "avg": 2197.9038153131614,
            "min": 0,
            "med": 1.049078,
            "max": 60014.681075,
            "p(90)": 53.605967400000004,
            "p(95)": 3058.961356199999
        }
    }
}