{
    "root_group": {
        "name": "",
        "path": "",
        "id": "d41d8cd98f00b204e9800998ecf8427e",
        "groups": {},
        "checks": {
                "status 200": {
                    "name": "status 200",
                    "path": "::status 200",
                    "id": "fad9fa412b86fcb03bee97c80dcd61f1",
                    "passes": 35762,
                    "fails": 10499
                }
            }
    },
    "metrics": {
        "http_req_tls_handshaking": {
            "med": 0,
            "max": 0,
            "p(90)": 0,
            "p(95)": 0,
            "avg": 0,
            "min": 0
        },
        "checks": {
            "fails": 10499,
            "passes": 35762,
            "value": 0.7730485722314693
        },
        "iteration_duration": {
            "min": 1000.336242,
            "med": 1004.6040505,
            "max": 61022.178871,
            "p(90)": 31001.8737848,
            "p(95)": 31003.846324399998,
            "avg": 9567.463390387904
        },
        "vus_max": {
            "min": 2000,
            "max": 2000,
            "value": 2000
        },
        "data_received": {
            "rate": 35405.14685466781,
            "count": 9559527
        },
        "data_sent": {
            "count": 3179049,
            "rate": 11774.086385569582
        },
        "http_req_duration": {
            "max": 60019.841335,
            "p(90)": 53.085245,
            "p(95)": 8137.944858,
            "avg": 2485.087396933636,
            "min": 0,
            "med": 0.548709
        },
        "http_req_sending": {
            "avg": 0.03555594541838671,
            "min": 0,
            "med": 0.020707,
            "max": 7.948882,
            "p(90)": 0.039832,
            "p(95)": 0.086599
        },
        "http_req_failed": {
            "passes": 10499,
            "fails": 35762,
            "value": 0.22695142776853072
        },
        "iterations": {
            "count": 46220,
            "rate": 171.18272563305132
        },
        "http_req_duration{expected_response:true}": {
            "p(95)": 55.47278409999999,
            "avg": 880.8591124190759,
            "min": 0.213056,
            "med": 1.429305,
            "max": 59582.485365,
            "p(90)": 52.684511900000004
        },
        "http_reqs": {
            "count": 46261,
            "rate": 171.33457530312822
        },
        "http_req_blocked": {
            "min": 0,
            "med": 0.004838,
            "max": 19751.028443,
            "p(90)": 0.007278,
            "p(95)": 0.351222,
            "avg": 295.78866977250766
        },
        "http_req_waiting": {
            "avg": 2484.9919404660927,
            "min": 0,
            "med": 0.450116,
            "max": 60019.790926,
            "p(90)": 52.982433,
            "p(95)": 8137.683113
        },
        "vus": {
            "max": 2000,
            "value": 56,
            "min": 17
        },
        "http_req_connecting": {
            "avg": 295.7801034934826,
            "min": 0,
            "med": 0,
            "max": 19750.998957,
            "p(90)": 0,
            "p(95)": 0.269835
        },
        "http_req_receiving": {
            "max": 26.273547,
            "p(90)": 0.086163,
            "p(95)": 0.099302,
            "avg": 0.059900522124467635,
            "min": 0,
            "med": 0.059636
        }
    }
}