{
    "root_group": {
        "groups": {},
        "checks": {
                "status 200": {
                    "fails": 10669,
                    "name": "status 200",
                    "path": "::status 200",
                    "id": "fad9fa412b86fcb03bee97c80dcd61f1",
                    "passes": 35727
                }
            },
        "name": "",
        "path": "",
        "id": "d41d8cd98f00b204e9800998ecf8427e"
    },
    "metrics": {
        "http_req_tls_handshaking": {
            "med": 0,
            "max": 0,
            "p(90)": 0,
            "p(95)": 0,
            "avg": 0,
            "min": 0
        },
        "http_req_waiting": {
            "avg": 2351.7628425593757,
            "min": 0,
            "med": 0.444628,
            "max": 60001.76034,
            "p(90)": 53.0064155,
            "p(95)": 5986.041017
        },
        "vus": {
            "value": 59,
            "min": 18,
            "max": 2000
        },
        "http_req_receiving": {
            "p(90)": 0.087618,
            "p(95)": 0.10373675,
            "avg": 0.062441402405379445,
            "min": 0,
            "med": 0.0602015,
            "max": 24.410904
        },
        "data_received": {
            "count": 9559514,
            "rate": 35405.09463371714
        },
        "http_req_connecting": {
            "p(95)": 0.25076075,
            "avg": 235.946327967713,
            "min": 0,
            "med": 0,
            "max": 19752.322139,
            "p(90)": 0
        },
        "http_req_failed": {
            "passes": 10669,
            "fails": 35727,
            "value": 0.22995516854901285
        },
        "http_req_duration": {
            "med": 0.5437215,
            "max": 60001.814826,
            "p(90)": 53.1249,
            "p(95)": 5986.469188,
            "avg": 2351.86659977191,
            "min": 0
        },
        "iterations": {
            "count": 46345,
            "rate": 171.64566219575815
        },
        "http_reqs": {
            "count": 46396,
            "rate": 171.8345483489998
        },
        "http_req_duration{expected_response:true}": {
            "p(90)": 52.8179492,
            "p(95)": 55.986548299999995,
            "avg": 863.5466359937031,
            "min": 0.222546,
            "med": 1.421694,
            "max": 59678.220913
        },
        "vus_max": {
            "value": 2000,
            "min": 2000,
            "max": 2000
        },
        "iteration_duration": {
            "avg": 9557.085436722284,
            "min": 1000.366828,
            "med": 1004.864275,
            "max": 61034.284047,
            "p(90)": 31001.8665838,
            "p(95)": 31002.850173
        },
        "checks": {
            "passes": 35727,
            "fails": 10669,
            "value": 0.7700448314509871
        },
        "http_req_sending": {
            "med": 0.0207255,
            "max": 26.245669,
            "p(90)": 0.0394175,
            "p(95)": 0.088433,
            "avg": 0.04131581011294071,
            "min": 0
        },
        "data_sent": {
            "count": 3164202,
            "rate": 11719.096938421455
        },
        "http_req_blocked": {
            "max": 19752.384445,
            "p(90)": 0.0072315,
            "p(95)": 0.32381725,
            "avg": 235.95569750489304,
            "min": 0,
            "med": 0.004844
        }
    }
}