{
    "root_group": {
        "name": "",
        "path": "",
        "id": "d41d8cd98f00b204e9800998ecf8427e",
        "groups": {},
        "checks": {
                "status 200": {
                    "passes": 20689,
                    "fails": 0,
                    "name": "status 200",
                    "path": "::status 200",
                    "id": "fad9fa412b86fcb03bee97c80dcd61f1"
                }
            }
    },
    "metrics": {
        "http_req_blocked": {
            "p(90)": 0.005927,
            "p(95)": 0.0067015999999999985,
            "avg": 0.008231030644303748,
            "min": 0.001622,
            "med": 0.004625,
            "max": 3.174915
        },
        "http_reqs": {
            "count": 20689,
            "rate": 85.82771712081565
        },
        "http_req_duration": {
            "med": 1.478026,
            "max": 118.841433,
            "p(90)": 51.7955912,
            "p(95)": 52.300097199999996,
            "avg": 16.80399075953409,
            "min": 0.554809
        },
        "http_req_duration{expected_response:true}": {
            "avg": 16.80399075953409,
            "min": 0.554809,
            "med": 1.478026,
            "max": 118.841433,
            "p(90)": 51.7955912,
            "p(95)": 52.300097199999996
        },
        "http_req_failed": {
            "passes": 0,
            "fails": 20689,
            "value": 0
        },
        "http_req_sending": {
            "avg": 0.029247004688482087,
            "min": 0.006405,
            "med": 0.024125,
            "max": 19.483371,
            "p(90)": 0.03126220000000001,
            "p(95)": 0.039014399999999956
        },
        "data_sent": {
            "count": 2530315,
            "rate": 10496.938471968519
        },
        "vus": {
            "value": 6,
            "min": 2,
            "max": 100
        },
        "iterations": {
            "count": 20689,
            "rate": 85.82771712081565
        },
        "http_req_connecting": {
            "p(90)": 0,
            "p(95)": 0,
            "avg": 0.0024716824882787944,
            "min": 0,
            "med": 0,
            "max": 1.012065
        },
        "http_req_waiting": {
            "avg": 16.69711552709173,
            "min": 0.494075,
            "med": 1.384374,
            "max": 118.767849,
            "p(90)": 51.6902698,
            "p(95)": 52.17792
        },
        "data_received": {
            "count": 6028659,
            "rate": 25009.717205754718
        },
        "iteration_duration": {
            "avg": 1017.6080961990416,
            "min": 1000.712262,
            "med": 1002.361688,
            "max": 1119.132926,
            "p(90)": 1052.6823762,
            "p(95)": 1053.2072409999998
        },
        "http_req_tls_handshaking": {
            "p(95)": 0,
            "avg": 0,
            "min": 0,
            "med": 0,
            "max": 0,
            "p(90)": 0
        },
        "http_req_receiving": {
            "avg": 0.07762822775387841,
            "min": 0.018184,
            "med": 0.065945,
            "max": 10.523543,
            "p(90)": 0.0885774,
            "p(95)": 0.10303979999999988
        },
        "vus_max": {
            "value": 100,
            "min": 100,
            "max": 100
        },
        "checks": {
            "passes": 20689,
            "fails": 0,
            "value": 1
        }
    }
}