{
    "root_group": {
        "id": "d41d8cd98f00b204e9800998ecf8427e",
        "groups": {},
        "checks": {
                "status 200": {
                    "id": "fad9fa412b86fcb03bee97c80dcd61f1",
                    "passes": 34621,
                    "fails": 789,
                    "name": "status 200",
                    "path": "::status 200"
                }
            },
        "name": "",
        "path": ""
    },
    "metrics": {
        "vus_max": {
            "value": 500,
            "min": 500,
            "max": 500
        },
        "http_req_failed": {
            "passes": 789,
            "fails": 34621,
            "value": 0.022281841287771817
        },
        "http_req_duration{expected_response:true}": {
            "p(90)": 52.601832,
            "p(95)": 54.615529,
            "avg": 879.1345814857125,
            "min": 0.272551,
            "med": 1.444692,
            "max": 59954.572103
        },
        "http_req_sending": {
            "p(95)": 0.04684379999999984,
            "avg": 0.027314376447331087,
            "min": 0,
            "med": 0.0235175,
            "max": 4.832348,
            "p(90)": 0.036032700000000015
        },
        "http_req_receiving": {
            "min": 0,
            "med": 0.0661085,
            "max": 9.180273,
            "p(90)": 0.09545360000000001,
            "p(95)": 0.16251449999999987,
            "avg": 0.0754585521604072
        },
        "data_sent": {
            "count": 3004433,
            "rate": 11762.789972617862
        },
        "vus": {
            "value": 50,
            "min": 8,
            "max": 500
        },
        "http_req_blocked": {
            "max": 11238.876285,
            "p(90)": 0.006673,
            "p(95)": 0.020120849999999794,
            "avg": 20.558697460039557,
            "min": 0,
            "med": 0.004923
        },
        "http_req_tls_handshaking": {
            "max": 0,
            "p(90)": 0,
            "p(95)": 0,
            "avg": 0,
            "min": 0,
            "med": 0
        },
        "data_received": {
            "rate": 36217.81352705691,
            "count": 9250696
        },
        "iterations": {
            "count": 35410,
            "rate": 138.63527425321135
        },
        "http_req_duration": {
            "avg": 1876.5422489893017,
            "min": 0,
            "med": 1.5101499999999999,
            "max": 60004.863882,
            "p(90)": 52.8931871,
            "p(95)": 56.47131714999999
        },
        "iteration_duration": {
            "avg": 3057.160916444417,
            "min": 1000.406801,
            "med": 1002.284075,
            "max": 61018.774325,
            "p(90)": 1053.9591369,
            "p(95)": 1059.7531849
        },
        "http_req_waiting": {
            "med": 1.4043169999999998,
            "max": 60004.809764,
            "p(90)": 52.7830837,
            "p(95)": 56.35662459999996,
            "avg": 1876.4394760606924,
            "min": 0
        },
        "checks": {
            "passes": 34621,
            "fails": 789,
            "value": 0.9777181587122282
        },
        "http_reqs": {
            "rate": 138.63527425321135,
            "count": 35410
        },
        "http_req_connecting": {
            "avg": 20.549633477689937,
            "min": 0,
            "med": 0,
            "max": 11238.737402,
            "p(90)": 0,
            "p(95)": 0
        }
    }
}