{
    "root_group": {
        "groups": {},
        "checks": {
                "status 200": {
                    "name": "status 200",
                    "path": "::status 200",
                    "id": "fad9fa412b86fcb03bee97c80dcd61f1",
                    "passes": 35682,
                    "fails": 10433
                }
            },
        "name": "",
        "path": "",
        "id": "d41d8cd98f00b204e9800998ecf8427e"
    },
    "metrics": {
        "iteration_duration": {
            "avg": 9598.454962737133,
            "min": 1000.369304,
            "med": 1004.650057,
            "max": 61028.840447,
            "p(90)": 31001.87736,
            "p(95)": 31005.1592728
        },
        "http_reqs": {
            "count": 46115,
            "rate": 170.79353767892755
        },
        "http_req_duration": {
            "avg": 2607.8825361037952,
            "min": 0,
            "med": 0.552803,
            "max": 60027.980045,
            "p(90)": 53.5137662,
            "p(95)": 14440.243253299119
        },
        "http_req_receiving": {
            "max": 21.04876,
            "p(90)": 0.08646859999999998,
            "p(95)": 0.10043119999999998,
            "avg": 0.0590164655535075,
            "min": 0,
            "med": 0.059763
        },
        "http_req_connecting": {
            "min": 0,
            "med": 0,
            "max": 19753.52261,
            "p(90)": 0,
            "p(95)": 0.29302629999999974,
            "avg": 283.271725841353
        },
        "http_req_tls_handshaking": {
            "avg": 0,
            "min": 0,
            "med": 0,
            "max": 0,
            "p(90)": 0,
            "p(95)": 0
        },
        "http_req_sending": {
            "p(90)": 0.03982659999999999,
            "p(95)": 0.08926609999999997,
            "avg": 0.037355027778379984,
            "min": 0,
            "med": 0.020823,
            "max": 18.86999
        },
        "data_received": {
            "count": 9534730,
            "rate": 35313.244443530326
        },
        "http_req_duration{expected_response:true}": {
            "p(95)": 55.90782044999996,
            "avg": 927.3148541553159,
            "min": 0.22727,
            "med": 1.5013955,
            "max": 58953.667404,
            "p(90)": 52.8780177
        },
        "http_req_blocked": {
            "max": 19753.564123,
            "p(90)": 0.007392599999999999,
            "p(95)": 0.37341489999999794,
            "avg": 283.2805555084899,
            "min": 0,
            "med": 0.004789
        },
        "checks": {
            "passes": 35682,
            "fails": 10433,
            "value": 0.7737612490512848
        },
        "data_sent": {
            "count": 3178189,
            "rate": 11770.880249859114
        },
        "iterations": {
            "rate": 170.60835548476194,
            "count": 46065
        },
        "http_req_waiting": {
            "med": 0.453453,
            "max": 60027.924866,
            "p(90)": 53.409586,
            "p(95)": 14440.064674199117,
            "avg": 2607.786164610461,
            "min": 0
        },
        "vus": {
            "value": 70,
            "min": 18,
            "max": 2000
        },
        "http_req_failed": {
            "fails": 35682,
            "passes": 10433,
            "value": 0.22623875094871518
        },
        "vus_max": {
            "min": 2000,
            "max": 2000,
            "value": 2000
        }
    }
}