{
    "metrics": {
        "checks": {
            "passes": 142185,
            "fails": 0,
            "value": 1
        },
        "data_sent": {
            "count": 17246859,
            "rate": 70958.66660419272
        },
        "http_req_waiting": {
            "med": 2.057386,
            "max": 2674.12662,
            "p(90)": 2050.7669990000004,
            "p(95)": 2229.1820542,
            "avg": 483.0285100103532,
            "min": 0.490972
        },
        "data_received": {
            "count": 41569194,
            "rate": 171027.92908847972
        },
        "http_req_duration": {
            "max": 2674.400819,
            "p(90)": 2051.1672188000002,
            "p(95)": 2229.4765002,
            "avg": 483.20747248594756,
            "min": 0.534861,
            "med": 2.126538
        },
        "http_req_receiving": {
            "avg": 0.0974455815451712,
            "min": 0.013879,
            "med": 0.052054,
            "max": 212.392041,
            "p(90)": 0.09760520000000007,
            "p(95)": 0.16373559999999987
        },
        "iterations": {
            "count": 142185,
            "rate": 584.9910416219639
        },
        "http_reqs": {
            "count": 142185,
            "rate": 584.9910416219639
        },
        "iteration_duration": {
            "avg": 1484.4717817614878,
            "min": 1000.667587,
            "med": 1002.59231,
            "max": 3674.524329,
            "p(90)": 3052.5826146,
            "p(95)": 3230.6906728
        },
        "http_req_connecting": {
            "med": 0,
            "max": 50.412212,
            "p(90)": 0,
            "p(95)": 0,
            "avg": 0.006691685395787177,
            "min": 0
        },
        "http_req_tls_handshaking": {
            "p(90)": 0,
            "p(95)": 0,
            "avg": 0,
            "min": 0,
            "med": 0,
            "max": 0
        },
        "http_req_failed": {
            "passes": 0,
            "fails": 142185,
            "value": 0
        },
        "vus_max": {
            "value": 1000,
            "min": 1000,
            "max": 1000
        },
        "http_req_duration{expected_response:true}": {
            "med": 2.126538,
            "max": 2674.400819,
            "p(90)": 2051.1672188000002,
            "p(95)": 2229.4765002,
            "avg": 483.20747248594756,
            "min": 0.534861
        },
        "vus": {
            "value": 53,
            "min": 13,
            "max": 1000
        },
        "http_req_blocked": {
            "min": 0.001401,
            "med": 0.003803,
            "max": 50.570589,
            "p(90)": 0.005086,
            "p(95)": 0.006099,
            "avg": 0.012201116615677193
        },
        "http_req_sending": {
            "p(95)": 0.03486579999999999,
            "avg": 0.08151689403945603,
            "min": 0.005331,
            "med": 0.014787,
            "max": 189.111911,
            "p(90)": 0.025125
        }
    },
    "root_group": {
        "checks": {
            "status 200": {
                "fails": 0,
                "name": "status 200",
                "path": "::status 200",
                "id": "fad9fa412b86fcb03bee97c80dcd61f1",
                "passes": 142185
            }
        },
        "name": "",
        "path": "",
        "id": "d41d8cd98f00b204e9800998ecf8427e",
        "groups": {}
    }
}