{
    "root_group": {
        "name": "",
        "path": "",
        "id": "d41d8cd98f00b204e9800998ecf8427e",
        "groups": {},
        "checks": {
                "status 200": {
                    "fails": 3822,
                    "name": "status 200",
                    "path": "::status 200",
                    "id": "fad9fa412b86fcb03bee97c80dcd61f1",
                    "passes": 35442
                }
            }
    },
    "metrics": {
        "vus": {
            "value": 17,
            "min": 13,
            "max": 1000
        },
        "data_sent": {
            "count": 3117679,
            "rate": 11622.778885618554
        },
        "http_reqs": {
            "count": 39264,
            "rate": 146.37709339701968
        },
        "http_req_duration": {
            "avg": 2279.43355082292,
            "min": 0,
            "med": 0.8696855,
            "max": 60014.66495,
            "p(90)": 53.39404270000001,
            "p(95)": 3536.8234691499706
        },
        "vus_max": {
            "max": 1000,
            "value": 1000,
            "min": 1000
        },
        "http_req_duration{expected_response:true}": {
            "max": 55619.335558,
            "p(90)": 52.6271282,
            "p(95)": 55.139951549999985,
            "avg": 784.623073810056,
            "min": 0.217029,
            "med": 1.2672225
        },
        "http_req_waiting": {
            "avg": 2279.3512148242844,
            "min": 0,
            "med": 0.787506,
            "max": 60014.628723,
            "p(90)": 53.3033845,
            "p(95)": 3536.5815449499696
        },
        "iterations": {
            "count": 39264,
            "rate": 146.37709339701968
        },
        "http_req_tls_handshaking": {
            "avg": 0,
            "min": 0,
            "med": 0,
            "max": 0,
            "p(90)": 0,
            "p(95)": 0
        },
        "http_req_connecting": {
            "p(90)": 0,
            "p(95)": 0.21422039999999998,
            "avg": 239.8854236234463,
            "min": 0,
            "med": 0,
            "max": 19746.191523
        },
        "iteration_duration": {
            "p(90)": 31000.9952119,
            "p(95)": 31002.130627900002,
            "avg": 5594.526463531508,
            "min": 1000.313027,
            "med": 1002.518926,
            "max": 61024.759685
        },
        "checks": {
            "passes": 35442,
            "fails": 3822,
            "value": 0.902658924205379
        },
        "http_req_receiving": {
            "max": 2.067084,
            "p(90)": 0.07860940000000001,
            "p(95)": 0.08764299999999997,
            "avg": 0.055391971347799704,
            "min": 0,
            "med": 0.0567895
        },
        "http_req_sending": {
            "max": 8.650178,
            "p(90)": 0.0335707,
            "p(95)": 0.05290754999999994,
            "avg": 0.02694402730236364,
            "min": 0,
            "med": 0.020725
        },
        "data_received": {
            "count": 9467716,
            "rate": 35295.86260158052
        },
        "http_req_failed": {
            "passes": 3822,
            "fails": 35442,
            "value": 0.09734107579462102
        },
        "http_req_blocked": {
            "med": 0.004629,
            "max": 19746.238767,
            "p(90)": 0.006632700000000004,
            "p(95)": 0.2782805499999998,
            "avg": 239.8935394058934,
            "min": 0
        }
    }
}