{
    "metrics": {
        "http_req_connecting": {
            "p(90)": 0,
            "p(95)": 0.21961339999999982,
            "avg": 251.43077191315624,
            "min": 0,
            "med": 0,
            "max": 19752.143235
        },
        "http_req_waiting": {
            "p(90)": 53.05814,
            "p(95)": 3088.753973599991,
            "avg": 2237.888230120222,
            "min": 0,
            "med": 0.833654,
            "max": 60013.826401
        },
        "http_req_tls_handshaking": {
            "min": 0,
            "med": 0,
            "max": 0,
            "p(90)": 0,
            "p(95)": 0,
            "avg": 0
        },
        "http_req_failed": {
            "passes": 3848,
            "fails": 35441,
            "value": 0.09794089948840642
        },
        "data_sent": {
            "count": 3118258,
            "rate": 11586.581456157957
        },
        "data_received": {
            "count": 9472841,
            "rate": 35198.44857857586
        },
        "http_req_duration{expected_response:true}": {
            "avg": 732.3488059664513,
            "min": 0.22483,
            "med": 1.319204,
            "max": 55538.688088,
            "p(90)": 52.524225,
            "p(95)": 54.698085
        },
        "http_req_receiving": {
            "p(95)": 0.08916779999999999,
            "avg": 0.05573761630481773,
            "min": 0,
            "med": 0.057022,
            "max": 4.428579,
            "p(90)": 0.079749
        },
        "vus": {
            "value": 1,
            "min": 1,
            "max": 1000
        },
        "vus_max": {
            "min": 1000,
            "max": 1000,
            "value": 1000
        },
        "iterations": {
            "rate": 145.9870218663722,
            "count": 39289
        },
        "iteration_duration": {
            "avg": 5576.264893360836,
            "min": 1000.325268,
            "med": 1002.587059,
            "max": 61021.186108,
            "p(90)": 31000.989408,
            "p(95)": 31002.0819968
        },
        "http_req_blocked": {
            "avg": 251.4388399733007,
            "min": 0,
            "med": 0.00466,
            "max": 19752.261076,
            "p(90)": 0.006657,
            "p(95)": 0.2858325999999999
        },
        "http_req_duration": {
            "avg": 2237.9700370539554,
            "min": 0,
            "med": 0.909393,
            "max": 60013.874932,
            "p(90)": 53.14595700000001,
            "p(95)": 3088.952343799991
        },
        "http_reqs": {
            "count": 39289,
            "rate": 145.9870218663722
        },
        "http_req_sending": {
            "p(90)": 0.03399700000000002,
            "p(95)": 0.051478399999999994,
            "avg": 0.026069317442541172,
            "min": 0,
            "med": 0.021276,
            "max": 5.114136
        },
        "checks": {
            "passes": 35441,
            "fails": 3848,
            "value": 0.9020591005115935
        }
    },
    "root_group": {
        "name": "",
        "path": "",
        "id": "d41d8cd98f00b204e9800998ecf8427e",
        "groups": {},
        "checks": {
                "status 200": {
                    "name": "status 200",
                    "path": "::status 200",
                    "id": "fad9fa412b86fcb03bee97c80dcd61f1",
                    "passes": 35441,
                    "fails": 3848
                }
            }
    }
}