{
    "metrics": {
        "http_req_tls_handshaking": {
            "avg": 0,
            "min": 0,
            "med": 0,
            "max": 0,
            "p(90)": 0,
            "p(95)": 0
        },
        "http_reqs": {
            "count": 46120,
            "rate": 170.81187626725207
        },
        "http_req_duration{expected_response:true}": {
            "min": 0.216396,
            "med": 1.5069435,
            "max": 59394.525567,
            "p(90)": 52.794659100000004,
            "p(95)": 55.67442175,
            "avg": 859.7016356726681
        },
        "data_sent": {
            "count": 3176196,
            "rate": 11763.486516750672
        },
        "http_req_connecting": {
            "med": 0,
            "max": 19750.725875,
            "p(90)": 0,
            "p(95)": 0.28892304999999996,
            "avg": 300.050181502797,
            "min": 0
        },
        "http_req_sending": {
            "max": 31.703782,
            "p(90)": 0.04023739999999999,
            "p(95)": 0.0916980499999999,
            "avg": 0.04108010971378992,
            "min": 0,
            "med": 0.0209055
        },
        "checks": {
            "passes": 35664,
            "fails": 10456,
            "value": 0.7732870771899393
        },
        "http_req_failed": {
            "passes": 10456,
            "fails": 35664,
            "value": 0.22671292281006072
        },
        "http_req_blocked": {
            "avg": 300.059326160994,
            "min": 0,
            "med": 0.004799,
            "max": 19750.803244,
            "p(90)": 0.007432099999999999,
            "p(95)": 0.3695611999999997
        },
        "iterations": {
            "rate": 170.69706342761017,
            "count": 46089
        },
        "http_req_duration": {
            "min": 0,
            "med": 0.561319,
            "max": 60023.991798,
            "p(90)": 53.4008821,
            "p(95)": 9630.239915098146,
            "avg": 2551.3685584780037
        },
        "vus_max": {
            "value": 2000,
            "min": 2000,
            "max": 2000
        },
        "iteration_duration": {
            "avg": 9597.898381837373,
            "min": 1000.360596,
            "med": 1004.829456,
            "max": 61048.994569,
            "p(90)": 31001.899181200002,
            "p(95)": 31008.7288954
        },
        "data_received": {
            "count": 9525044,
            "rate": 35277.333850132956
        },
        "http_req_waiting": {
            "max": 60023.904618,
            "p(90)": 53.2941683,
            "p(95)": 9630.128374698144,
            "avg": 2551.264840929489,
            "min": 0,
            "med": 0.462455
        },
        "http_req_receiving": {
            "min": 0,
            "med": 0.060266,
            "max": 44.381908,
            "p(90)": 0.08729189999999998,
            "p(95)": 0.10168169999999993,
            "avg": 0.06263743879011319
        },
        "vus": {
            "min": 18,
            "max": 2000,
            "value": 43
        }
    },
    "root_group": {
        "path": "",
        "id": "d41d8cd98f00b204e9800998ecf8427e",
        "groups": {},
        "checks": {
                "status 200": {
                    "name": "status 200",
                    "path": "::status 200",
                    "id": "fad9fa412b86fcb03bee97c80dcd61f1",
                    "passes": 35664,
                    "fails": 10456
                }
            },
        "name": ""
    }
}