{
    "root_group": {
        "name": "",
        "path": "",
        "id": "d41d8cd98f00b204e9800998ecf8427e",
        "groups": {},
        "checks": {
                "status 200": {
                    "id": "fad9fa412b86fcb03bee97c80dcd61f1",
                    "passes": 35435,
                    "fails": 3820,
                    "name": "status 200",
                    "path": "::status 200"
                }
            }
    },
    "metrics": {
        "http_req_waiting": {
            "max": 60002.08724,
            "p(90)": 53.1744158,
            "p(95)": 4863.434338199681,
            "avg": 2282.3825773021595,
            "min": 0,
            "med": 0.734413
        },
        "vus": {
            "min": 4,
            "max": 1000,
            "value": 4
        },
        "http_req_failed": {
            "passes": 3820,
            "fails": 35435,
            "value": 0.0973124442746147
        },
        "iterations": {
            "rate": 146.3561329022005,
            "count": 39255
        },
        "http_req_blocked": {
            "min": 0,
            "med": 0.004641,
            "max": 19752.302759,
            "p(90)": 0.006587199999999997,
            "p(95)": 0.2854469999999999,
            "avg": 245.98963642728248
        },
        "http_req_receiving": {
            "avg": 0.057038839077824526,
            "min": 0,
            "med": 0.057938,
            "max": 12.678888,
            "p(90)": 0.0796106,
            "p(95)": 0.0894946
        },
        "data_sent": {
            "count": 3118641,
            "rate": 11627.365601076333
        },
        "http_req_connecting": {
            "max": 19752.256561,
            "p(90)": 0,
            "p(95)": 0.21842519999999993,
            "avg": 245.9813930728572,
            "min": 0,
            "med": 0
        },
        "vus_max": {
            "value": 1000,
            "min": 1000,
            "max": 1000
        },
        "http_req_sending": {
            "avg": 0.025876848681696606,
            "min": 0,
            "med": 0.020879,
            "max": 4.827446,
            "p(90)": 0.03379,
            "p(95)": 0.05236979999999988
        },
        "http_reqs": {
            "rate": 146.3561329022005,
            "count": 39255
        },
        "http_req_tls_handshaking": {
            "min": 0,
            "med": 0,
            "max": 0,
            "p(90)": 0,
            "p(95)": 0,
            "avg": 0
        },
        "http_req_duration": {
            "avg": 2282.465492989917,
            "min": 0,
            "med": 0.819152,
            "max": 60002.163976,
            "p(90)": 53.270356199999995,
            "p(95)": 4863.646552099681
        },
        "checks": {
            "passes": 35435,
            "fails": 3820,
            "value": 0.9026875557253853
        },
        "data_received": {
            "count": 9476908,
            "rate": 35333.17046872824
        },
        "http_req_duration{expected_response:true}": {
            "avg": 767.954033645661,
            "min": 0.213907,
            "med": 1.22387,
            "max": 55689.663191,
            "p(90)": 52.5436398,
            "p(95)": 55.0478281
        },
        "iteration_duration": {
            "max": 61013.40466,
            "p(90)": 31001.0052058,
            "p(95)": 31002.1042747,
            "avg": 5587.330178291842,
            "min": 1000.350614,
            "med": 1002.507359
        }
    }
}