{
    "root_group": {
        "checks": {
            "status 200": {
                "name": "status 200",
                "path": "::status 200",
                "id": "fad9fa412b86fcb03bee97c80dcd61f1",
                "passes": 102600,
                "fails": 0
            }
        },
        "name": "",
        "path": "",
        "id": "d41d8cd98f00b204e9800998ecf8427e",
        "groups": {}
    },
    "metrics": {
        "http_req_tls_handshaking": {
            "max": 0,
            "p(90)": 0,
            "p(95)": 0,
            "avg": 0,
            "min": 0,
            "med": 0
        },
        "http_req_failed": {
            "fails": 102600,
            "passes": 0,
            "value": 0
        },
        "http_reqs": {
            "count": 102600,
            "rate": 425.6340732427216
        },
        "http_req_duration": {
            "p(95)": 69.04020049999994,
            "avg": 24.295105461929822,
            "min": 0.524396,
            "med": 1.5175815,
            "max": 4649.234595,
            "p(90)": 55.42324870000001
        },
        "http_req_receiving": {
            "med": 0.05724,
            "max": 651.667763,
            "p(90)": 0.09981300000000005,
            "p(95)": 0.18233049999999965,
            "avg": 0.11867278495126772,
            "min": 0.013346
        },
        "checks": {
            "passes": 102600,
            "fails": 0,
            "value": 1
        },
        "http_req_connecting": {
            "med": 0,
            "max": 44.560734,
            "p(90)": 0,
            "p(95)": 0,
            "avg": 0.004072529658869395,
            "min": 0
        },
        "http_req_duration{expected_response:true}": {
            "avg": 24.295105461929822,
            "min": 0.524396,
            "med": 1.5175815,
            "max": 4649.234595,
            "p(90)": 55.42324870000001,
            "p(95)": 69.04020049999994
        },
        "vus_max": {
            "value": 500,
            "min": 500,
            "max": 500
        },
        "data_sent": {
            "count": 12547985,
            "rate": 52055.06789998608
        },
        "vus": {
            "value": 72,
            "min": 8,
            "max": 500
        },
        "http_req_sending": {
            "avg": 0.11488346136452138,
            "min": 0.005361,
            "med": 0.016997,
            "max": 502.631897,
            "p(90)": 0.029005100000000006,
            "p(95)": 0.041137649999999845
        },
        "iterations": {
            "count": 102600,
            "rate": 425.6340732427216
        },
        "http_req_waiting": {
            "max": 4638.207793,
            "p(90)": 55.302328,
            "p(95)": 68.80857989999993,
            "avg": 24.061549215613965,
            "min": 0.465847,
            "med": 1.4266995
        },
        "iteration_duration": {
            "p(90)": 1056.4928751,
            "p(95)": 1072.5273065499998,
            "avg": 1025.8117916785056,
            "min": 1000.666802,
            "med": 1002.3998839999999,
            "max": 5650.160781
        },
        "http_req_blocked": {
            "p(90)": 0.005518,
            "p(95)": 0.006446,
            "avg": 0.01478385668615991,
            "min": 0.001457,
            "med": 0.004126,
            "max": 460.042249
        },
        "data_received": {
            "count": 29923531,
            "rate": 124137.17724497904
        }
    }
}