{
    "metrics": {
        "http_req_receiving": {
            "avg": 0.07632580661548896,
            "min": 0,
            "med": 0.0623695,
            "max": 23.329529,
            "p(90)": 0.0865619,
            "p(95)": 0.10201724999999986
        },
        "http_req_blocked": {
            "min": 0,
            "med": 0.004877,
            "max": 19338.844044,
            "p(90)": 0.0065549000000000015,
            "p(95)": 0.020196149999999864,
            "avg": 22.361571106711434
        },
        "iteration_duration": {
            "med": 1002.2760040000001,
            "max": 61012.953389,
            "p(90)": 1054.0922894,
            "p(95)": 1059.2141945,
            "avg": 3055.194194072272,
            "min": 1000.382271
        },
        "http_req_waiting": {
            "max": 60011.433205,
            "p(90)": 52.905000300000005,
            "p(95)": 56.42052434999999,
            "avg": 1872.7484323645888,
            "min": 0,
            "med": 1.4427444999999999
        },
        "vus_max": {
            "max": 500,
            "value": 500,
            "min": 500
        },
        "http_reqs": {
            "count": 35432,
            "rate": 138.7293892922134
        },
        "iterations": {
            "count": 35432,
            "rate": 138.7293892922134
        },
        "http_req_duration": {
            "min": 0,
            "med": 1.5406844999999998,
            "max": 60011.47807,
            "p(90)": 53.0040369,
            "p(95)": 56.53820459999999,
            "avg": 1872.8547212065075
        },
        "http_req_tls_handshaking": {
            "avg": 0,
            "min": 0,
            "med": 0,
            "max": 0,
            "p(90)": 0,
            "p(95)": 0
        },
        "data_received": {
            "rate": 36201.75754536381,
            "count": 9246063
        },
        "http_req_failed": {
            "fails": 34645,
            "passes": 787,
            "value": 0.022211560171596298
        },
        "http_req_connecting": {
            "max": 19338.756598,
            "p(90)": 0,
            "p(95)": 0,
            "avg": 22.3526570686103,
            "min": 0,
            "med": 0
        },
        "data_sent": {
            "count": 3006458,
            "rate": 11771.395412979491
        },
        "checks": {
            "passes": 34645,
            "fails": 787,
            "value": 0.9777884398284037
        },
        "vus": {
            "max": 500,
            "value": 50,
            "min": 8
        },
        "http_req_sending": {
            "max": 20.265981,
            "p(90)": 0.03611280000000002,
            "p(95)": 0.04594179999999999,
            "avg": 0.02996303530706673,
            "min": 0,
            "med": 0.0228185
        },
        "http_req_duration{expected_response:true}": {
            "avg": 879.6471004846612,
            "min": 0.263305,
            "med": 1.474604,
            "max": 59997.268767,
            "p(90)": 52.6293372,
            "p(95)": 54.7121114
        }
    },
    "root_group": {
        "name": "",
        "path": "",
        "id": "d41d8cd98f00b204e9800998ecf8427e",
        "groups": {},
        "checks": {
                "status 200": {
                    "passes": 34645,
                    "fails": 787,
                    "name": "status 200",
                    "path": "::status 200",
                    "id": "fad9fa412b86fcb03bee97c80dcd61f1"
                }
            }
    }
}