{
    "metrics": {
        "http_req_sending": {
            "avg": 0.03581966055439165,
            "min": 0.005028,
            "med": 0.015466,
            "max": 23.412327,
            "p(90)": 0.036191,
            "p(95)": 0.10065819999999995
        },
        "http_req_waiting": {
            "avg": 998.0841343820815,
            "min": 0.401728,
            "med": 1.208011,
            "max": 5950.226768,
            "p(90)": 5378.6642244,
            "p(95)": 5390.4343188
        },
        "http_req_receiving": {
            "p(90)": 0.15870260000000003,
            "p(95)": 0.2110623999999999,
            "avg": 0.08510124185958887,
            "min": 0.013182,
            "med": 0.050767,
            "max": 67.658618
        },
        "data_received": {
            "count": 63313199,
            "rate": 256943.65109122018
        },
        "iterations": {
            "count": 212305,
            "rate": 861.5963607354843
        },
        "checks": {
            "passes": 190806,
            "fails": 21499,
            "value": 0.8987353100492217
        },
        "http_req_duration{expected_response:true}": {
            "p(90)": 5381.0822585000005,
            "p(95)": 5391.940623750001,
            "avg": 1109.6977732262571,
            "min": 0.493134,
            "med": 1.3046075,
            "max": 5950.301944
        },
        "vus_max": {
            "value": 2000,
            "min": 2000,
            "max": 2000
        },
        "http_req_failed": {
            "passes": 21499,
            "fails": 190806,
            "value": 0.10126468995077836
        },
        "http_req_connecting": {
            "avg": 0.006751459923223668,
            "min": 0,
            "med": 0,
            "max": 21.59046,
            "p(90)": 0,
            "p(95)": 0
        },
        "http_req_tls_handshaking": {
            "max": 0,
            "p(90)": 0,
            "p(95)": 0,
            "avg": 0,
            "min": 0,
            "med": 0
        },
        "vus": {
            "value": 168,
            "min": 18,
            "max": 2000
        },
        "data_sent": {
            "count": 25964968,
            "rate": 105373.50479457999
        },
        "http_reqs": {
            "count": 212305,
            "rate": 861.5963607354843
        },
        "http_req_duration": {
            "avg": 998.2050552844794,
            "min": 0.454442,
            "med": 1.297572,
            "max": 5950.301944,
            "p(90)": 5378.7994292,
            "p(95)": 5390.5801734
        },
        "http_req_blocked": {
            "max": 21.654452,
            "p(90)": 0.005411,
            "p(95)": 0.007142799999999988,
            "avg": 0.012902038044322847,
            "min": 0.001317,
            "med": 0.003796
        },
        "iteration_duration": {
            "med": 1001.993395,
            "max": 6951.317397,
            "p(90)": 6379.5382544,
            "p(95)": 6391.3689054,
            "avg": 1998.9866413422021,
            "min": 1000.63065
        }
    },
    "root_group": {
        "name": "",
        "path": "",
        "id": "d41d8cd98f00b204e9800998ecf8427e",
        "groups": {},
        "checks": {
                "status 200": {
                    "name": "status 200",
                    "path": "::status 200",
                    "id": "fad9fa412b86fcb03bee97c80dcd61f1",
                    "passes": 190806,
                    "fails": 21499
                }
            }
    }
}