{
    "root_group": {
        "checks": {
            "status 200": {
                "name": "status 200",
                "path": "::status 200",
                "id": "fad9fa412b86fcb03bee97c80dcd61f1",
                "passes": 130882,
                "fails": 0
            }
        },
        "name": "",
        "path": "",
        "id": "d41d8cd98f00b204e9800998ecf8427e",
        "groups": {}
    },
    "metrics": {
        "http_req_duration{expected_response:true}": {
            "min": 0.41559,
            "med": 1.6386150000000002,
            "max": 3252.936962,
            "p(90)": 2446.2716520000004,
            "p(95)": 2650.56724455,
            "avg": 613.0666805216053
        },
        "vus_max": {
            "value": 1000,
            "min": 1000,
            "max": 1000
        },
        "http_reqs": {
            "count": 130882,
            "rate": 537.7758915922491
        },
        "http_req_tls_handshaking": {
            "med": 0,
            "max": 0,
            "p(90)": 0,
            "p(95)": 0,
            "avg": 0,
            "min": 0
        },
        "data_received": {
            "count": 38238584,
            "rate": 157117.01077172655
        },
        "iteration_duration": {
            "med": 1002.402884,
            "max": 4253.121501,
            "p(90)": 3447.067953700001,
            "p(95)": 3651.29168695,
            "avg": 1613.683740781584,
            "min": 1000.514234
        },
        "http_req_blocked": {
            "p(90)": 0.004656,
            "p(95)": 0.005549949999999997,
            "avg": 0.010208650081753102,
            "min": 0.001382,
            "med": 0.003444,
            "max": 44.033351
        },
        "http_req_connecting": {
            "p(95)": 0,
            "avg": 0.0054342085924726,
            "min": 0,
            "med": 0,
            "max": 16.07541,
            "p(90)": 0
        },
        "http_req_duration": {
            "p(95)": 2650.56724455,
            "avg": 613.0666805216053,
            "min": 0.41559,
            "med": 1.6386150000000002,
            "max": 3252.936962,
            "p(90)": 2446.2716520000004
        },
        "http_req_waiting": {
            "avg": 612.9948722287397,
            "min": 0.370533,
            "med": 1.5656225,
            "max": 3252.867923,
            "p(90)": 2446.2119821000006,
            "p(95)": 2650.5170819
        },
        "checks": {
            "passes": 130882,
            "fails": 0,
            "value": 1
        },
        "http_req_sending": {
            "avg": 0.01694761605874,
            "min": 0.005559,
            "med": 0.013639,
            "max": 4.529749,
            "p(90)": 0.021865,
            "p(95)": 0.027302799999999988
        },
        "data_sent": {
            "count": 15876312,
            "rate": 65233.55267337544
        },
        "vus": {
            "value": 105,
            "min": 13,
            "max": 1000
        },
        "iterations": {
            "count": 130882,
            "rate": 537.7758915922491
        },
        "http_req_receiving": {
            "avg": 0.054860676800477334,
            "min": 0.013547,
            "med": 0.046101500000000004,
            "max": 26.293087,
            "p(90)": 0.07151690000000001,
            "p(95)": 0.11985069999999998
        },
        "http_req_failed": {
            "passes": 0,
            "fails": 130882,
            "value": 0
        }
    }
}