{
    "root_group": {
        "checks": {
            "status 200": {
                "name": "status 200",
                "path": "::status 200",
                "id": "fad9fa412b86fcb03bee97c80dcd61f1",
                "passes": 102950,
                "fails": 0
            }
        },
        "name": "",
        "path": "",
        "id": "d41d8cd98f00b204e9800998ecf8427e",
        "groups": {}
    },
    "metrics": {
        "http_req_connecting": {
            "avg": 0.0032581729966002907,
            "min": 0,
            "med": 0,
            "max": 13.967462,
            "p(90)": 0,
            "p(95)": 0
        },
        "http_req_sending": {
            "p(95)": 0.04162644999999978,
            "avg": 0.04616984650801338,
            "min": 0.00518,
            "med": 0.016947,
            "max": 131.489595,
            "p(90)": 0.028924
        },
        "checks": {
            "passes": 102950,
            "fails": 0,
            "value": 1
        },
        "data_received": {
            "count": 30027765,
            "rate": 124571.30753872094
        },
        "http_req_duration{expected_response:true}": {
            "max": 2780.899496,
            "p(90)": 55.36482430000001,
            "p(95)": 68.26138209999999,
            "avg": 21.331783566391472,
            "min": 0.524128,
            "med": 1.5010615
        },
        "http_req_duration": {
            "avg": 21.331783566391472,
            "min": 0.524128,
            "med": 1.5010615,
            "max": 2780.899496,
            "p(90)": 55.36482430000001,
            "p(95)": 68.26138209999999
        },
        "http_req_waiting": {
            "min": 0.471148,
            "med": 1.4136199999999999,
            "max": 2780.840497,
            "p(90)": 55.2485564,
            "p(95)": 67.99201459999995,
            "avg": 21.189352762098164
        },
        "iteration_duration": {
            "avg": 1022.3554152195231,
            "min": 1000.62979,
            "med": 1002.3729605,
            "max": 3781.59031,
            "p(90)": 1056.2878240999999,
            "p(95)": 1070.279789
        },
        "data_sent": {
            "count": 12590722,
            "rate": 52233.08169610824
        },
        "vus": {
            "value": 68,
            "min": 8,
            "max": 500
        },
        "http_req_failed": {
            "passes": 0,
            "fails": 102950,
            "value": 0
        },
        "vus_max": {
            "max": 500,
            "value": 500,
            "min": 500
        },
        "http_req_tls_handshaking": {
            "min": 0,
            "med": 0,
            "max": 0,
            "p(90)": 0,
            "p(95)": 0,
            "avg": 0
        },
        "http_req_receiving": {
            "min": 0.013578,
            "med": 0.056711,
            "max": 149.618339,
            "p(90)": 0.0953621,
            "p(95)": 0.17555324999999983,
            "avg": 0.09626095778533335
        },
        "http_reqs": {
            "count": 102950,
            "rate": 427.09193012238245
        },
        "http_req_blocked": {
            "min": 0.001321,
            "med": 0.004078,
            "max": 14.316163,
            "p(90)": 0.005442,
            "p(95)": 0.006397549999999988,
            "avg": 0.00912120310830492
        },
        "iterations": {
            "count": 102950,
            "rate": 427.09193012238245
        }
    }
}