{
    "metrics": {
        "http_req_blocked": {
            "max": 32.900271,
            "p(90)": 0.005547,
            "p(95)": 0.007585349999999977,
            "avg": 0.013767907831671531,
            "min": 0.00132,
            "med": 0.003855
        },
        "vus_max": {
            "value": 2000,
            "min": 2000,
            "max": 2000
        },
        "http_req_failed": {
            "fails": 190005,
            "passes": 22389,
            "value": 0.10541258227633549
        },
        "iteration_duration": {
            "p(90)": 6379.0144872,
            "p(95)": 6392.47715615,
            "avg": 1997.6031161851502,
            "min": 1000.573244,
            "med": 1002.042632,
            "max": 7214.153293
        },
        "http_req_duration": {
            "min": 0.444622,
            "med": 1.3334815,
            "max": 6213.708824,
            "p(90)": 5378.2015126,
            "p(95)": 5391.650925450001,
            "avg": 996.7794783348919
        },
        "checks": {
            "passes": 190005,
            "fails": 22389,
            "value": 0.8945874177236645
        },
        "iterations": {
            "count": 212394,
            "rate": 861.9311172725014
        },
        "http_req_sending": {
            "p(90)": 0.03955350000000006,
            "p(95)": 0.11130104999999947,
            "avg": 0.04434589355160667,
            "min": 0.005059,
            "med": 0.015528,
            "max": 37.540076
        },
        "data_sent": {
            "count": 25975515,
            "rate": 105413.0750665208
        },
        "http_req_waiting": {
            "p(95)": 5391.51350235,
            "avg": 996.6461758475084,
            "min": 0.386474,
            "med": 1.2392995,
            "max": 6212.86952,
            "p(90)": 5378.0356161
        },
        "vus": {
            "value": 171,
            "min": 18,
            "max": 2000
        },
        "http_reqs": {
            "count": 212394,
            "rate": 861.9311172725014
        },
        "http_req_duration{expected_response:true}": {
            "p(95)": 5393.2223109999995,
            "avg": 1113.2476603248863,
            "min": 0.488542,
            "med": 1.341522,
            "max": 6213.708824,
            "p(90)": 5380.984821399999
        },
        "http_req_receiving": {
            "avg": 0.08895659384916861,
            "min": 0.012498,
            "med": 0.0515845,
            "max": 27.67171,
            "p(90)": 0.16466280000000005,
            "p(95)": 0.2237405499999997
        },
        "data_received": {
            "rate": 256787.62033234438,
            "count": 63276692
        },
        "http_req_connecting": {
            "max": 31.795077,
            "p(90)": 0,
            "p(95)": 0,
            "avg": 0.007081705556654156,
            "min": 0,
            "med": 0
        },
        "http_req_tls_handshaking": {
            "max": 0,
            "p(90)": 0,
            "p(95)": 0,
            "avg": 0,
            "min": 0,
            "med": 0
        }
    },
    "root_group": {
        "path": "",
        "id": "d41d8cd98f00b204e9800998ecf8427e",
        "groups": {},
        "checks": {
                "status 200": {
                    "fails": 22389,
                    "name": "status 200",
                    "path": "::status 200",
                    "id": "fad9fa412b86fcb03bee97c80dcd61f1",
                    "passes": 190005
                }
            },
        "name": ""
    }
}