{
    "root_group": {
        "name": "",
        "path": "",
        "id": "d41d8cd98f00b204e9800998ecf8427e",
        "groups": {},
        "checks": {
                "status 200": {
                    "name": "status 200",
                    "path": "::status 200",
                    "id": "fad9fa412b86fcb03bee97c80dcd61f1",
                    "passes": 35429,
                    "fails": 3850
                }
            }
    },
    "metrics": {
        "http_req_failed": {
            "passes": 3850,
            "fails": 35429,
            "value": 0.09801675195397032
        },
        "http_req_duration{expected_response:true}": {
            "p(90)": 52.946652,
            "p(95)": 55.8456864,
            "avg": 755.0745027567525,
            "min": 0.254132,
            "med": 1.600485,
            "max": 55710.76646
        },
        "http_req_sending": {
            "avg": 0.0533194979760177,
            "min": 0,
            "med": 0.022305,
            "max": 33.653417,
            "p(90)": 0.040504800000000014,
            "p(95)": 0.0754031
        },
        "http_req_tls_handshaking": {
            "avg": 0,
            "min": 0,
            "med": 0,
            "max": 0,
            "p(90)": 0,
            "p(95)": 0
        },
        "data_sent": {
            "rate": 11600.022745276106,
            "count": 3115882
        },
        "iteration_duration": {
            "avg": 5583.256275654647,
            "min": 1000.362633,
            "med": 1002.9838,
            "max": 61052.531633,
            "p(90)": 31001.083581,
            "p(95)": 31002.268253600003
        },
        "http_req_connecting": {
            "avg": 242.65074489029746,
            "min": 0,
            "med": 0,
            "max": 19784.854508,
            "p(90)": 0,
            "p(95)": 0.2648773
        },
        "vus": {
            "min": 13,
            "max": 1000,
            "value": 13
        },
        "http_reqs": {
            "count": 39279,
            "rate": 146.2305996862847
        },
        "iterations": {
            "count": 39279,
            "rate": 146.2305996862847
        },
        "http_req_waiting": {
            "med": 1.239215,
            "max": 60046.715328,
            "p(90)": 53.649708600000004,
            "p(95)": 2905.1322769999733,
            "avg": 2238.263241435947,
            "min": 0
        },
        "data_received": {
            "count": 9463833,
            "rate": 35232.61729985109
        },
        "http_req_blocked": {
            "max": 19784.924255,
            "p(90)": 0.007133,
            "p(95)": 0.3403505,
            "avg": 242.6638267853542,
            "min": 0,
            "med": 0.004909
        },
        "http_req_receiving": {
            "avg": 0.09575065434456018,
            "min": 0,
            "med": 0.064825,
            "max": 56.784506,
            "p(90)": 0.10413420000000005,
            "p(95)": 0.19530249999999968
        },
        "http_req_duration": {
            "max": 60046.758614,
            "p(90)": 53.7824342,
            "p(95)": 2905.3715192999734,
            "avg": 2238.4123115882694,
            "min": 0,
            "med": 1.363376
        },
        "vus_max": {
            "value": 1000,
            "min": 1000,
            "max": 1000
        },
        "checks": {
            "passes": 35429,
            "fails": 3850,
            "value": 0.9019832480460297
        }
    }
}