{
    "metrics": {
        "http_reqs": {
            "count": 35413,
            "rate": 138.66402563420368
        },
        "vus_max": {
            "max": 500,
            "value": 500,
            "min": 500
        },
        "http_req_blocked": {
            "avg": 22.997855830881306,
            "min": 0,
            "med": 0.004839,
            "max": 19343.806157,
            "p(90)": 0.006499799999999999,
            "p(95)": 0.018789200000000002
        },
        "http_req_sending": {
            "max": 26.069356,
            "p(90)": 0.035781,
            "p(95)": 0.047743200000000006,
            "avg": 0.02944151489565979,
            "min": 0,
            "med": 0.023041
        },
        "http_req_duration": {
            "p(95)": 56.995265000000025,
            "avg": 1873.7378543002653,
            "min": 0,
            "med": 1.575911,
            "max": 60014.203555,
            "p(90)": 53.1286316
        },
        "http_req_tls_handshaking": {
            "p(95)": 0,
            "avg": 0,
            "min": 0,
            "med": 0,
            "max": 0,
            "p(90)": 0
        },
        "http_req_receiving": {
            "p(90)": 0.0957194,
            "p(95)": 0.169374,
            "avg": 0.07795321746251282,
            "min": 0,
            "med": 0.065254,
            "max": 25.342008
        },
        "http_req_duration{expected_response:true}": {
            "med": 1.5227650000000001,
            "max": 59996.383707,
            "p(90)": 52.6998841,
            "p(95)": 54.755680700000006,
            "avg": 883.6906417363956,
            "min": 0.26928
        },
        "data_received": {
            "count": 9251461,
            "rate": 36225.25132741749
        },
        "http_req_failed": {
            "passes": 785,
            "fails": 34628,
            "value": 0.022167000818908312
        },
        "http_req_waiting": {
            "avg": 1873.6304595679087,
            "min": 0,
            "med": 1.465211,
            "max": 60014.048097,
            "p(90)": 52.996541,
            "p(95)": 56.85871840000001
        },
        "checks": {
            "passes": 34628,
            "fails": 785,
            "value": 0.9778329991810917
        },
        "data_sent": {
            "count": 3004695,
            "rate": 11765.258648037829
        },
        "iteration_duration": {
            "med": 1002.343354,
            "max": 61036.958236,
            "p(90)": 1054.1803646,
            "p(95)": 1060.480991,
            "avg": 3056.7917415140037,
            "min": 1000.413416
        },
        "iterations": {
            "rate": 138.66402563420368,
            "count": 35413
        },
        "vus": {
            "value": 50,
            "min": 8,
            "max": 500
        },
        "http_req_connecting": {
            "max": 19343.733655,
            "p(90)": 0,
            "p(95)": 0,
            "avg": 22.98824554928981,
            "min": 0,
            "med": 0
        }
    },
    "root_group": {
        "name": "",
        "path": "",
        "id": "d41d8cd98f00b204e9800998ecf8427e",
        "groups": {},
        "checks": {
                "status 200": {
                    "fails": 785,
                    "name": "status 200",
                    "path": "::status 200",
                    "id": "fad9fa412b86fcb03bee97c80dcd61f1",
                    "passes": 34628
                }
            }
    }
}