{
    "root_group": {
        "checks": {
            "status 200": {
                "name": "status 200",
                "path": "::status 200",
                "id": "fad9fa412b86fcb03bee97c80dcd61f1",
                "passes": 20702,
                "fails": 0
            }
        },
        "name": "",
        "path": "",
        "id": "d41d8cd98f00b204e9800998ecf8427e",
        "groups": {}
    },
    "metrics": {
        "http_req_tls_handshaking": {
            "p(90)": 0,
            "p(95)": 0,
            "avg": 0,
            "min": 0,
            "med": 0,
            "max": 0
        },
        "http_req_duration{expected_response:true}": {
            "p(95)": 52.23118125,
            "avg": 15.925696565887298,
            "min": 0.281647,
            "med": 0.6430875,
            "max": 102.300792,
            "p(90)": 51.1957925
        },
        "http_req_receiving": {
            "avg": 0.06729911646217773,
            "min": 0.015567,
            "med": 0.0645625,
            "max": 1.439699,
            "p(90)": 0.08393190000000003,
            "p(95)": 0.09267070000000001
        },
        "http_reqs": {
            "rate": 85.90181597285287,
            "count": 20702
        },
        "http_req_duration": {
            "p(90)": 51.1957925,
            "p(95)": 52.23118125,
            "avg": 15.925696565887298,
            "min": 0.281647,
            "med": 0.6430875,
            "max": 102.300792
        },
        "http_req_failed": {
            "passes": 0,
            "fails": 20702,
            "value": 0
        },
        "checks": {
            "passes": 20702,
            "fails": 0,
            "value": 1
        },
        "http_req_sending": {
            "p(90)": 0.032324400000000024,
            "p(95)": 0.0402538,
            "avg": 0.025827559317940504,
            "min": 0.006333,
            "med": 0.0257825,
            "max": 0.516574
        },
        "data_received": {
            "count": 5533872,
            "rate": 22962.498993397898
        },
        "data_sent": {
            "count": 1765832,
            "rate": 7327.223239444244
        },
        "iteration_duration": {
            "p(95)": 1053.0122044500001,
            "avg": 1016.6816387411365,
            "min": 1000.401644,
            "med": 1001.7217525000001,
            "max": 1102.91046,
            "p(90)": 1052.0427746
        },
        "iterations": {
            "count": 20702,
            "rate": 85.90181597285287
        },
        "http_req_waiting": {
            "p(90)": 51.0998594,
            "p(95)": 52.138509299999996,
            "avg": 15.832569890107319,
            "min": 0.223198,
            "med": 0.5536695,
            "max": 102.229176
        },
        "vus_max": {
            "max": 100,
            "value": 100,
            "min": 100
        },
        "http_req_blocked": {
            "avg": 0.010385411602743658,
            "min": 0.001627,
            "med": 0.004869,
            "max": 1.244043,
            "p(90)": 0.006139900000000001,
            "p(95)": 0.007559500000000007
        },
        "vus": {
            "value": 4,
            "min": 2,
            "max": 100
        },
        "http_req_connecting": {
            "med": 0,
            "max": 1.174772,
            "p(90)": 0,
            "p(95)": 0,
            "avg": 0.004166884552217181,
            "min": 0
        }
    }
}