{
    "root_group": {
        "name": "",
        "path": "",
        "id": "d41d8cd98f00b204e9800998ecf8427e",
        "groups": {},
        "checks": {
                "status 200": {
                    "passes": 102965,
                    "fails": 0,
                    "name": "status 200",
                    "path": "::status 200",
                    "id": "fad9fa412b86fcb03bee97c80dcd61f1"
                }
            }
    },
    "metrics": {
        "http_req_sending": {
            "avg": 0.06997160171903039,
            "min": 0.005484,
            "med": 0.017018,
            "max": 133.040768,
            "p(90)": 0.029172600000000007,
            "p(95)": 0.04374579999999993
        },
        "http_req_receiving": {
            "avg": 0.09760035363472973,
            "min": 0.013587,
            "med": 0.056478,
            "max": 94.313,
            "p(90)": 0.10104860000000003,
            "p(95)": 0.18240739999999983
        },
        "http_req_duration{expected_response:true}": {
            "p(90)": 55.6029404,
            "p(95)": 69.269409,
            "avg": 21.082951603020586,
            "min": 0.534206,
            "med": 1.510001,
            "max": 2692.594581
        },
        "vus_max": {
            "value": 500,
            "min": 500,
            "max": 500
        },
        "data_received": {
            "count": 30042052,
            "rate": 124622.49784184262
        },
        "vus": {
            "value": 69,
            "min": 8,
            "max": 500
        },
        "http_req_blocked": {
            "p(95)": 0.006406,
            "avg": 0.00935884951197005,
            "min": 0.0014,
            "med": 0.004089,
            "max": 16.518769,
            "p(90)": 0.005482
        },
        "data_sent": {
            "count": 12592480,
            "rate": 52236.9880600515
        },
        "iteration_duration": {
            "max": 3702.957355,
            "p(90)": 1056.578794,
            "p(95)": 1071.6113498,
            "avg": 1022.180177391087,
            "min": 1000.683316,
            "med": 1002.393479
        },
        "http_reqs": {
            "count": 102965,
            "rate": 427.1264656051233
        },
        "http_req_waiting": {
            "p(90)": 55.4588176,
            "p(95)": 68.87359439999993,
            "avg": 20.91537964766659,
            "min": 0.482918,
            "med": 1.419143,
            "max": 2692.534457
        },
        "iterations": {
            "count": 102965,
            "rate": 427.1264656051233
        },
        "http_req_failed": {
            "passes": 0,
            "fails": 102965,
            "value": 0
        },
        "http_req_duration": {
            "avg": 21.082951603020586,
            "min": 0.534206,
            "med": 1.510001,
            "max": 2692.594581,
            "p(90)": 55.6029404,
            "p(95)": 69.269409
        },
        "http_req_connecting": {
            "min": 0,
            "med": 0,
            "max": 12.623436,
            "p(90)": 0,
            "p(95)": 0,
            "avg": 0.0030073831010537563
        },
        "checks": {
            "passes": 102965,
            "fails": 0,
            "value": 1
        },
        "http_req_tls_handshaking": {
            "med": 0,
            "max": 0,
            "p(90)": 0,
            "p(95)": 0,
            "avg": 0,
            "min": 0
        }
    }
}