{
    "root_group": {
        "name": "",
        "path": "",
        "id": "d41d8cd98f00b204e9800998ecf8427e",
        "groups": {},
        "checks": {
                "status 200": {
                    "fails": 0,
                    "name": "status 200",
                    "path": "::status 200",
                    "id": "fad9fa412b86fcb03bee97c80dcd61f1",
                    "passes": 20689
                }
            }
    },
    "metrics": {
        "http_req_duration{expected_response:true}": {
            "p(95)": 52.376155,
            "avg": 16.56747858113015,
            "min": 0.26643,
            "med": 0.71119,
            "max": 1934.571453,
            "p(90)": 51.419989799999996
        },
        "http_req_waiting": {
            "min": 0.225158,
            "med": 0.610448,
            "max": 1934.441408,
            "p(90)": 51.307903599999996,
            "p(95)": 52.2669498,
            "avg": 16.459539948475054
        },
        "iterations": {
            "count": 20689,
            "rate": 85.83236428110045
        },
        "http_req_failed": {
            "passes": 0,
            "fails": 20689,
            "value": 0
        },
        "http_reqs": {
            "count": 20689,
            "rate": 85.83236428110045
        },
        "http_req_blocked": {
            "p(95)": 0.007857199999999991,
            "avg": 0.012618711150853038,
            "min": 0.001692,
            "med": 0.004951,
            "max": 11.641278,
            "p(90)": 0.006327
        },
        "http_req_connecting": {
            "avg": 0.005197250809608972,
            "min": 0,
            "med": 0,
            "max": 11.553855,
            "p(90)": 0,
            "p(95)": 0
        },
        "http_req_duration": {
            "med": 0.71119,
            "max": 1934.571453,
            "p(90)": 51.419989799999996,
            "p(95)": 52.376155,
            "avg": 16.56747858113015,
            "min": 0.26643
        },
        "http_req_receiving": {
            "max": 18.381979,
            "p(90)": 0.0886116,
            "p(95)": 0.10519139999999996,
            "avg": 0.07835022219536929,
            "min": 0.014029,
            "med": 0.066537
        },
        "checks": {
            "passes": 20689,
            "fails": 0,
            "value": 1
        },
        "vus_max": {
            "value": 100,
            "min": 100,
            "max": 100
        },
        "data_sent": {
            "count": 1764753,
            "rate": 7321.423092569234
        },
        "http_req_tls_handshaking": {
            "avg": 0,
            "min": 0,
            "med": 0,
            "max": 0,
            "p(90)": 0,
            "p(95)": 0
        },
        "vus": {
            "value": 2,
            "min": 2,
            "max": 100
        },
        "data_received": {
            "count": 5528193,
            "rate": 22934.790245648874
        },
        "http_req_sending": {
            "avg": 0.029588410459664514,
            "min": 0.006654,
            "med": 0.025944,
            "max": 6.740465,
            "p(90)": 0.0343838,
            "p(95)": 0.04255799999999999
        },
        "iteration_duration": {
            "p(90)": 1052.2223886,
            "p(95)": 1053.2214675999999,
            "avg": 1017.3895121977816,
            "min": 1000.39121,
            "med": 1001.784341,
            "max": 2936.052863
        }
    }
}