{
    "root_group": {
        "name": "",
        "path": "",
        "id": "d41d8cd98f00b204e9800998ecf8427e",
        "groups": {},
        "checks": {
                "status 200": {
                    "id": "fad9fa412b86fcb03bee97c80dcd61f1",
                    "passes": 190117,
                    "fails": 21129,
                    "name": "status 200",
                    "path": "::status 200"
                }
            }
    },
    "metrics": {
        "http_req_duration{expected_response:true}": {
            "avg": 1117.0564480090777,
            "min": 0.492353,
            "med": 1.387868,
            "max": 6819.107273,
            "p(90)": 5380.5851796,
            "p(95)": 5392.1195738
        },
        "http_req_tls_handshaking": {
            "min": 0,
            "med": 0,
            "max": 0,
            "p(90)": 0,
            "p(95)": 0,
            "avg": 0
        },
        "iteration_duration": {
            "avg": 2008.7384988194015,
            "min": 1000.600517,
            "med": 1002.1455045,
            "max": 7820.488883,
            "p(90)": 6378.691586,
            "p(95)": 6391.689367499999
        },
        "http_reqs": {
            "count": 211246,
            "rate": 857.2416480917027
        },
        "data_sent": {
            "count": 25835830,
            "rate": 104842.45613652829
        },
        "http_req_failed": {
            "fails": 190117,
            "passes": 21129,
            "value": 0.10002082879675828
        },
        "checks": {
            "passes": 190117,
            "fails": 21129,
            "value": 0.8999791712032417
        },
        "http_req_waiting": {
            "p(95)": 5390.49131975,
            "avg": 1005.4087912450631,
            "min": 0.387693,
            "med": 1.2818745,
            "max": 6627.202745,
            "p(90)": 5377.6576509999995
        },
        "http_req_blocked": {
            "p(90)": 0.005591,
            "p(95)": 0.007582,
            "avg": 0.014435455511583917,
            "min": 0.001244,
            "med": 0.003873,
            "max": 41.967007
        },
        "http_req_connecting": {
            "avg": 0.007416947596640892,
            "min": 0,
            "med": 0,
            "max": 41.890064,
            "p(90)": 0,
            "p(95)": 0
        },
        "vus": {
            "value": 170,
            "min": 19,
            "max": 2000
        },
        "iterations": {
            "count": 211246,
            "rate": 857.2416480917027
        },
        "http_req_receiving": {
            "p(90)": 0.1699,
            "p(95)": 0.2389285,
            "avg": 0.11281218409342944,
            "min": 0.012511,
            "med": 0.0516185,
            "max": 1046.779532
        },
        "http_req_duration": {
            "avg": 1005.8625143712117,
            "min": 0.443265,
            "med": 1.3829735,
            "max": 6819.107273,
            "p(90)": 5377.8119655,
            "p(95)": 5390.6623225
        },
        "http_req_sending": {
            "max": 1102.586226,
            "p(90)": 0.0684555,
            "p(95)": 0.1840435,
            "avg": 0.340910942048602,
            "min": 0.004943,
            "med": 0.0162295
        },
        "vus_max": {
            "max": 2000,
            "value": 2000,
            "min": 2000
        },
        "data_received": {
            "count": 62996321,
            "rate": 255640.6750317352
        }
    }
}