{
    "root_group": {
        "id": "d41d8cd98f00b204e9800998ecf8427e",
        "groups": {},
        "checks": {
                "status 200": {
                    "name": "status 200",
                    "path": "::status 200",
                    "id": "fad9fa412b86fcb03bee97c80dcd61f1",
                    "passes": 132217,
                    "fails": 0
                }
            },
        "name": "",
        "path": ""
    },
    "metrics": {
        "http_req_duration{expected_response:true}": {
            "avg": 596.8022215654938,
            "min": 0.401622,
            "med": 1.895237,
            "max": 3297.349992,
            "p(90)": 2475.5403144,
            "p(95)": 2778.7014058
        },
        "checks": {
            "passes": 132217,
            "fails": 0,
            "value": 1
        },
        "http_req_tls_handshaking": {
            "avg": 0,
            "min": 0,
            "med": 0,
            "max": 0,
            "p(90)": 0,
            "p(95)": 0
        },
        "http_req_sending": {
            "avg": 0.03043529633103137,
            "min": 0.005423,
            "med": 0.014178,
            "max": 14.105329,
            "p(90)": 0.04192740000000001,
            "p(95)": 0.1054514
        },
        "http_req_receiving": {
            "avg": 0.06647869584849143,
            "min": 0.01453,
            "med": 0.041116,
            "max": 24.175617,
            "p(90)": 0.12846620000000006,
            "p(95)": 0.1909101999999999
        },
        "iterations": {
            "rate": 541.2738737765145,
            "count": 132217
        },
        "http_reqs": {
            "count": 132217,
            "rate": 541.2738737765145
        },
        "vus": {
            "value": 61,
            "min": 10,
            "max": 1000
        },
        "http_req_duration": {
            "avg": 596.8022215654938,
            "min": 0.401622,
            "med": 1.895237,
            "max": 3297.349992,
            "p(90)": 2475.5403144,
            "p(95)": 2778.7014058
        },
        "data_received": {
            "count": 38650285,
            "rate": 158227.68240480658
        },
        "iteration_duration": {
            "avg": 1597.5638833298553,
            "min": 1000.57108,
            "med": 1002.560977,
            "max": 4298.68188,
            "p(90)": 3476.417336200001,
            "p(95)": 3779.2942596000003
        },
        "http_req_blocked": {
            "max": 31.287142,
            "p(90)": 0.005581,
            "p(95)": 0.0194592,
            "avg": 0.013159452150631405,
            "min": 0.001408,
            "med": 0.003669
        },
        "vus_max": {
            "min": 1000,
            "max": 1000,
            "value": 1000
        },
        "data_sent": {
            "count": 16037840,
            "rate": 65656.1847856776
        },
        "http_req_waiting": {
            "p(95)": 2778.5035219999995,
            "avg": 596.70530757329,
            "min": 0.370552,
            "med": 1.738679,
            "max": 3297.145141,
            "p(90)": 2475.46637
        },
        "http_req_failed": {
            "passes": 0,
            "fails": 132217,
            "value": 0
        },
        "http_req_connecting": {
            "min": 0,
            "med": 0,
            "max": 25.121276,
            "p(90)": 0,
            "p(95)": 0,
            "avg": 0.0059282971327438904
        }
    }
}