{
    "root_group": {
        "groups": {},
        "checks": {
                "status 200": {
                    "id": "fad9fa412b86fcb03bee97c80dcd61f1",
                    "passes": 20684,
                    "fails": 0,
                    "name": "status 200",
                    "path": "::status 200"
                }
            },
        "name": "",
        "path": "",
        "id": "d41d8cd98f00b204e9800998ecf8427e"
    },
    "metrics": {
        "http_req_waiting": {
            "med": 0.44889599999999996,
            "max": 148.93505,
            "p(90)": 52.349234100000004,
            "p(95)": 54.172575949999995,
            "avg": 16.69110682440539,
            "min": 0.175852
        },
        "vus": {
            "value": 3,
            "min": 2,
            "max": 100
        },
        "http_req_duration{expected_response:true}": {
            "min": 0.231294,
            "med": 0.5502365,
            "max": 148.988852,
            "p(90)": 52.4629629,
            "p(95)": 54.29211205,
            "avg": 16.807248780023176
        },
        "data_sent": {
            "rate": 7320.25809099522,
            "count": 1764381
        },
        "checks": {
            "passes": 20684,
            "fails": 0,
            "value": 1
        },
        "vus_max": {
            "value": 100,
            "min": 100,
            "max": 100
        },
        "http_req_blocked": {
            "avg": 0.013511635321988093,
            "min": 0.001688,
            "med": 0.004986,
            "max": 37.77987,
            "p(90)": 0.00639,
            "p(95)": 0.008162399999999995
        },
        "http_req_failed": {
            "passes": 0,
            "fails": 20684,
            "value": 0
        },
        "http_req_duration": {
            "min": 0.231294,
            "med": 0.5502365,
            "max": 148.988852,
            "p(90)": 52.4629629,
            "p(95)": 54.29211205,
            "avg": 16.807248780023176
        },
        "http_req_sending": {
            "med": 0.026143,
            "max": 37.856054,
            "p(90)": 0.035779,
            "p(95)": 0.04403024999999999,
            "avg": 0.035151080642042226,
            "min": 0.006295
        },
        "data_received": {
            "count": 6040996,
            "rate": 25063.549112504475
        },
        "iteration_duration": {
            "p(90)": 1053.2035841000002,
            "p(95)": 1055.1714541000001,
            "avg": 1017.6433722992123,
            "min": 1000.400029,
            "med": 1001.5983215,
            "max": 1149.827265
        },
        "http_req_receiving": {
            "avg": 0.08099087497582692,
            "min": 0.01562,
            "med": 0.0682445,
            "max": 15.043989,
            "p(90)": 0.09157590000000002,
            "p(95)": 0.10884585
        },
        "iterations": {
            "count": 20684,
            "rate": 85.81605580322228
        },
        "http_req_tls_handshaking": {
            "avg": 0,
            "min": 0,
            "med": 0,
            "max": 0,
            "p(90)": 0,
            "p(95)": 0
        },
        "http_req_connecting": {
            "p(90)": 0,
            "p(95)": 0,
            "avg": 0.004215608151228003,
            "min": 0,
            "med": 0,
            "max": 0.936182
        },
        "http_reqs": {
            "count": 20684,
            "rate": 85.81605580322228
        }
    }
}