{
    "metrics": {
        "data_sent": {
            "count": 25928999,
            "rate": 105229.9077250644
        },
        "http_req_sending": {
            "min": 0.005113,
            "med": 0.014617,
            "max": 148.660395,
            "p(90)": 0.03506180000000002,
            "p(95)": 0.10888259999999995,
            "avg": 0.11353501389537393
        },
        "checks": {
            "passes": 190397,
            "fails": 21616,
            "value": 0.8980439878686685
        },
        "http_req_tls_handshaking": {
            "p(95)": 0,
            "avg": 0,
            "min": 0,
            "med": 0,
            "max": 0,
            "p(90)": 0
        },
        "http_reqs": {
            "count": 212013,
            "rate": 860.4307642772511
        },
        "vus": {
            "value": 165,
            "min": 18,
            "max": 2000
        },
        "iterations": {
            "count": 212013,
            "rate": 860.4307642772511
        },
        "http_req_duration": {
            "med": 1.300998,
            "max": 5788.546018,
            "p(90)": 5379.2891046,
            "p(95)": 5393.4080336,
            "avg": 1000.0424974900646,
            "min": 0.409199
        },
        "http_req_connecting": {
            "max": 203.450956,
            "p(90)": 0,
            "p(95)": 0,
            "avg": 0.016395059581252105,
            "min": 0,
            "med": 0
        },
        "vus_max": {
            "max": 2000,
            "value": 2000,
            "min": 2000
        },
        "data_received": {
            "count": 63190274,
            "rate": 256450.5749775198
        },
        "http_req_receiving": {
            "p(95)": 0.18610419999999991,
            "avg": 0.09971305194021067,
            "min": 0.012189,
            "med": 0.050201,
            "max": 147.340793,
            "p(90)": 0.1337868
        },
        "http_req_blocked": {
            "min": 0.001369,
            "med": 0.003749,
            "max": 301.547503,
            "p(90)": 0.005233,
            "p(95)": 0.006838,
            "avg": 0.02607407312759172
        },
        "http_req_failed": {
            "passes": 21616,
            "fails": 190397,
            "value": 0.10195601213133157
        },
        "http_req_duration{expected_response:true}": {
            "p(95)": 5394.978524,
            "avg": 1113.154462567091,
            "min": 0.475883,
            "med": 1.306549,
            "max": 5788.546018,
            "p(90)": 5382.5294791999995
        },
        "http_req_waiting": {
            "max": 5749.288472,
            "p(90)": 5379.141936,
            "p(95)": 5393.2636912,
            "avg": 999.8292494241933,
            "min": 0.322421,
            "med": 1.218278
        },
        "iteration_duration": {
            "p(95)": 6394.289083,
            "avg": 2001.2625408779404,
            "min": 1000.582739,
            "med": 1001.962612,
            "max": 6800.401069,
            "p(90)": 6380.1741076
        }
    },
    "root_group": {
        "name": "",
        "path": "",
        "id": "d41d8cd98f00b204e9800998ecf8427e",
        "groups": {},
        "checks": {
                "status 200": {
                    "name": "status 200",
                    "path": "::status 200",
                    "id": "fad9fa412b86fcb03bee97c80dcd61f1",
                    "passes": 190397,
                    "fails": 21616
                }
            }
    }
}