{
    "root_group": {
        "groups": {},
        "checks": {
                "status 200": {
                    "path": "::status 200",
                    "id": "fad9fa412b86fcb03bee97c80dcd61f1",
                    "passes": 35539,
                    "fails": 10363,
                    "name": "status 200"
                }
            },
        "name": "",
        "path": "",
        "id": "d41d8cd98f00b204e9800998ecf8427e"
    },
    "metrics": {
        "http_req_blocked": {
            "min": 0,
            "med": 0.004692,
            "max": 19751.235537,
            "p(90)": 0.007622400000000008,
            "p(95)": 0.45331779999999916,
            "avg": 307.17990721269217
        },
        "http_req_failed": {
            "fails": 35539,
            "passes": 10363,
            "value": 0.22576358328613133
        },
        "data_sent": {
            "count": 3175969,
            "rate": 11762.629756150083
        },
        "http_req_waiting": {
            "min": 0,
            "med": 0.58022,
            "max": 60010.727185,
            "p(90)": 53.7579888,
            "p(95)": 15370.799582299987,
            "avg": 2727.150908029617
        },
        "http_req_duration{expected_response:true}": {
            "min": 0.252369,
            "med": 1.664572,
            "max": 59513.841756,
            "p(90)": 52.993891600000005,
            "p(95)": 56.54670719999999,
            "avg": 880.3651790499172
        },
        "http_req_connecting": {
            "max": 19751.186826,
            "p(90)": 0,
            "p(95)": 0.36458654999999973,
            "avg": 307.17048545775754,
            "min": 0,
            "med": 0
        },
        "http_req_sending": {
            "avg": 0.03888490105006307,
            "min": 0,
            "med": 0.021023,
            "max": 6.500824,
            "p(90)": 0.043637800000000004,
            "p(95)": 0.10826614999999959
        },
        "iteration_duration": {
            "med": 1005.367368,
            "max": 61076.416143,
            "p(90)": 31001.98477,
            "p(95)": 35405.588434,
            "avg": 9655.825035132877,
            "min": 1000.405919
        },
        "http_reqs": {
            "count": 45902,
            "rate": 170.0042510071103
        },
        "iterations": {
            "count": 45861,
            "rate": 169.85240197457813
        },
        "http_req_duration": {
            "p(90)": 53.8820115,
            "p(95)": 15371.436829649989,
            "avg": 2727.2549358461592,
            "min": 0,
            "med": 0.69894,
            "max": 60010.785177
        },
        "vus": {
            "value": 50,
            "min": 18,
            "max": 2000
        },
        "vus_max": {
            "value": 2000,
            "min": 2000,
            "max": 2000
        },
        "data_received": {
            "count": 9496545,
            "rate": 35171.735869467964
        },
        "checks": {
            "passes": 35539,
            "fails": 10363,
            "value": 0.7742364167138687
        },
        "http_req_tls_handshaking": {
            "avg": 0,
            "min": 0,
            "med": 0,
            "max": 0,
            "p(90)": 0,
            "p(95)": 0
        },
        "http_req_receiving": {
            "avg": 0.06514291549387832,
            "min": 0,
            "med": 0.0594075,
            "max": 36.733271,
            "p(90)": 0.09093850000000002,
            "p(95)": 0.14160534999999996
        }
    }
}