{
    "root_group": {
        "name": "",
        "path": "",
        "id": "d41d8cd98f00b204e9800998ecf8427e",
        "groups": {},
        "checks": {
                "status 200": {
                    "id": "fad9fa412b86fcb03bee97c80dcd61f1",
                    "passes": 141225,
                    "fails": 0,
                    "name": "status 200",
                    "path": "::status 200"
                }
            }
    },
    "metrics": {
        "checks": {
            "passes": 141225,
            "fails": 0,
            "value": 1
        },
        "vus": {
            "value": 84,
            "min": 13,
            "max": 1000
        },
        "http_reqs": {
            "count": 141225,
            "rate": 579.7060705677633
        },
        "http_req_sending": {
            "p(90)": 0.025205,
            "p(95)": 0.03520939999999997,
            "avg": 0.05734633304301661,
            "min": 0.005447,
            "med": 0.014806,
            "max": 165.558789
        },
        "http_req_blocked": {
            "p(95)": 0.006103,
            "avg": 0.012796361600283714,
            "min": 0.001308,
            "med": 0.003775,
            "max": 43.060431,
            "p(90)": 0.005059
        },
        "http_req_duration": {
            "avg": 493.6785964903536,
            "min": 0.521893,
            "med": 2.113401,
            "max": 3327.28154,
            "p(90)": 2118.291,
            "p(95)": 2572.8244649999992
        },
        "http_req_connecting": {
            "max": 42.991384,
            "p(90)": 0,
            "p(95)": 0,
            "avg": 0.0068193385236325,
            "min": 0,
            "med": 0
        },
        "vus_max": {
            "value": 1000,
            "min": 1000,
            "max": 1000
        },
        "http_req_tls_handshaking": {
            "avg": 0,
            "min": 0,
            "med": 0,
            "max": 0,
            "p(90)": 0,
            "p(95)": 0
        },
        "http_req_duration{expected_response:true}": {
            "min": 0.521893,
            "med": 2.113401,
            "max": 3327.28154,
            "p(90)": 2118.291,
            "p(95)": 2572.8244649999992,
            "avg": 493.6785964903536
        },
        "http_req_failed": {
            "passes": 0,
            "fails": 141225,
            "value": 0
        },
        "http_req_receiving": {
            "p(90)": 0.10191600000000006,
            "p(95)": 0.16627199999999995,
            "avg": 0.08861109445211628,
            "min": 0.01314,
            "med": 0.052237,
            "max": 113.444386
        },
        "data_sent": {
            "count": 17130629,
            "rate": 70318.49618654043
        },
        "http_req_waiting": {
            "avg": 493.5326390628572,
            "min": 0.475554,
            "med": 2.044353,
            "max": 3327.135192,
            "p(90)": 2118.1498028000005,
            "p(95)": 2572.7062354
        },
        "data_received": {
            "count": 41277109,
            "rate": 169435.9402569464
        },
        "iteration_duration": {
            "avg": 1494.5694943971437,
            "min": 1000.652825,
            "med": 1002.585106,
            "max": 4328.011939,
            "p(90)": 3119.1840934000006,
            "p(95)": 3573.7539471999985
        },
        "iterations": {
            "count": 141225,
            "rate": 579.7060705677633
        }
    }
}