{
    "root_group": {
        "checks": {
            "status 200": {
                "fails": 21512,
                "name": "status 200",
                "path": "::status 200",
                "id": "fad9fa412b86fcb03bee97c80dcd61f1",
                "passes": 190846
            }
        },
        "name": "",
        "path": "",
        "id": "d41d8cd98f00b204e9800998ecf8427e",
        "groups": {}
    },
    "metrics": {
        "http_req_blocked": {
            "avg": 0.01324129454976995,
            "min": 0.001247,
            "med": 0.00382,
            "max": 25.147878,
            "p(90)": 0.005459,
            "p(95)": 0.007358149999999994
        },
        "data_sent": {
            "rate": 105399.04413805359,
            "count": 25971181
        },
        "checks": {
            "fails": 21512,
            "passes": 190846,
            "value": 0.8986993661646842
        },
        "iteration_duration": {
            "p(90)": 6380.3191245,
            "p(95)": 6393.5476655,
            "avg": 1998.0348140304673,
            "min": 1000.600148,
            "med": 1001.9863045,
            "max": 6854.700686
        },
        "http_req_duration": {
            "med": 1.3029905,
            "max": 5854.093572,
            "p(90)": 5379.6048651,
            "p(95)": 5392.7514861,
            "avg": 997.2751090116307,
            "min": 0.435112
        },
        "http_req_duration{expected_response:true}": {
            "avg": 1108.451739130031,
            "min": 0.492669,
            "med": 1.3108970000000002,
            "max": 5854.093572,
            "p(90)": 5382.417491,
            "p(95)": 5394.193993
        },
        "iterations": {
            "count": 212358,
            "rate": 861.8141090722361
        },
        "data_received": {
            "count": 63307044,
            "rate": 256919.4648793869
        },
        "vus_max": {
            "min": 2000,
            "max": 2000,
            "value": 2000
        },
        "http_req_connecting": {
            "avg": 0.006922487737688243,
            "min": 0,
            "med": 0,
            "max": 24.200847,
            "p(90)": 0,
            "p(95)": 0
        },
        "http_req_failed": {
            "passes": 21512,
            "fails": 190846,
            "value": 0.10130063383531583
        },
        "http_req_sending": {
            "p(90)": 0.038117300000000014,
            "p(95)": 0.10550374999999997,
            "avg": 0.03805078532478196,
            "min": 0.005041,
            "med": 0.015573,
            "max": 31.560327
        },
        "vus": {
            "value": 164,
            "min": 19,
            "max": 2000
        },
        "http_req_receiving": {
            "max": 73.086676,
            "p(90)": 0.1598851000000001,
            "p(95)": 0.21457629999999997,
            "avg": 0.08504015765829397,
            "min": 0.012743,
            "med": 0.051607
        },
        "http_reqs": {
            "count": 212358,
            "rate": 861.8141090722361
        },
        "http_req_tls_handshaking": {
            "med": 0,
            "max": 0,
            "p(90)": 0,
            "p(95)": 0,
            "avg": 0,
            "min": 0
        },
        "http_req_waiting": {
            "med": 1.2109285,
            "max": 5853.985521,
            "p(90)": 5379.4790664,
            "p(95)": 5392.6081556,
            "avg": 997.1520180686357,
            "min": 0.381952
        }
    }
}