{
    "root_group": {
        "id": "d41d8cd98f00b204e9800998ecf8427e",
        "groups": {},
        "checks": {
                "status 200": {
                    "path": "::status 200",
                    "id": "fad9fa412b86fcb03bee97c80dcd61f1",
                    "passes": 34644,
                    "fails": 783,
                    "name": "status 200"
                }
            },
        "name": "",
        "path": ""
    },
    "metrics": {
        "data_received": {
            "count": 9243500,
            "rate": 36185.96991262878
        },
        "http_req_duration": {
            "p(90)": 52.9746042,
            "p(95)": 57.0433975,
            "avg": 1871.3569219921737,
            "min": 0,
            "med": 1.616438,
            "max": 60019.720689
        },
        "http_req_blocked": {
            "p(95)": 0.019701999999999973,
            "avg": 24.232321436446767,
            "min": 0,
            "med": 0.005025,
            "max": 19705.326192,
            "p(90)": 0.006691400000000001
        },
        "vus": {
            "max": 500,
            "value": 50,
            "min": 7
        },
        "http_req_failed": {
            "passes": 783,
            "fails": 34644,
            "value": 0.022101786772800405
        },
        "http_req_waiting": {
            "avg": 1871.2407217413513,
            "min": 0,
            "med": 1.501257,
            "max": 60019.683465,
            "p(90)": 52.861206,
            "p(95)": 56.863626799999956
        },
        "vus_max": {
            "value": 500,
            "min": 500,
            "max": 500
        },
        "http_req_receiving": {
            "med": 0.068021,
            "max": 16.392754,
            "p(90)": 0.0963286,
            "p(95)": 0.11999349999999978,
            "avg": 0.08077887995032099,
            "min": 0
        },
        "iterations": {
            "count": 35427,
            "rate": 138.687765034316
        },
        "checks": {
            "passes": 34644,
            "fails": 783,
            "value": 0.9778982132271996
        },
        "http_reqs": {
            "count": 35427,
            "rate": 138.687765034316
        },
        "http_req_duration{expected_response:true}": {
            "avg": 884.4406170913861,
            "min": 0.249848,
            "med": 1.5600385,
            "max": 59992.017541,
            "p(90)": 52.628862700000006,
            "p(95)": 54.7574839
        },
        "http_req_connecting": {
            "min": 0,
            "med": 0,
            "max": 19705.238911,
            "p(90)": 0,
            "p(95)": 0,
            "avg": 24.221860610466592
        },
        "http_req_tls_handshaking": {
            "p(90)": 0,
            "p(95)": 0,
            "avg": 0,
            "min": 0,
            "med": 0,
            "max": 0
        },
        "http_req_sending": {
            "med": 0.025275,
            "max": 39.789299,
            "p(90)": 0.038251600000000024,
            "p(95)": 0.05386179999999999,
            "avg": 0.035421370875321156,
            "min": 0
        },
        "data_sent": {
            "count": 3006082,
            "rate": 11768.052448411852
        },
        "iteration_duration": {
            "max": 61021.376566,
            "p(90)": 1054.1087442,
            "p(95)": 1061.7266209,
            "avg": 3055.6360975898733,
            "min": 1000.365466,
            "med": 1002.425877
        }
    }
}