{
    "root_group": {
        "name": "",
        "path": "",
        "id": "d41d8cd98f00b204e9800998ecf8427e",
        "groups": {},
        "checks": {
                "status 200": {
                    "name": "status 200",
                    "path": "::status 200",
                    "id": "fad9fa412b86fcb03bee97c80dcd61f1",
                    "passes": 20697,
                    "fails": 0
                }
            }
    },
    "metrics": {
        "vus_max": {
            "value": 100,
            "min": 100,
            "max": 100
        },
        "data_sent": {
            "rate": 7324.350562837155,
            "count": 1765472
        },
        "http_req_receiving": {
            "max": 15.283098,
            "p(90)": 0.0874424,
            "p(95)": 0.10035820000000002,
            "avg": 0.0742623517901145,
            "min": 0.014744,
            "med": 0.066583
        },
        "http_req_tls_handshaking": {
            "min": 0,
            "med": 0,
            "max": 0,
            "p(90)": 0,
            "p(95)": 0,
            "avg": 0
        },
        "vus": {
            "value": 6,
            "min": 2,
            "max": 100
        },
        "data_received": {
            "count": 5527466,
            "rate": 22931.600562434996
        },
        "http_req_waiting": {
            "avg": 16.02984160979851,
            "min": 0.230429,
            "med": 0.587729,
            "max": 100.662334,
            "p(90)": 51.2132736,
            "p(95)": 52.21863080000001
        },
        "http_req_failed": {
            "passes": 0,
            "fails": 20697,
            "value": 0
        },
        "iteration_duration": {
            "p(95)": 1053.1416086,
            "avg": 1016.94182557278,
            "min": 1000.412231,
            "med": 1001.778332,
            "max": 1104.53793,
            "p(90)": 1052.1248434
        },
        "http_req_connecting": {
            "avg": 0.005194827801130599,
            "min": 0,
            "med": 0,
            "max": 16.57632,
            "p(90)": 0,
            "p(95)": 0
        },
        "http_reqs": {
            "count": 20697,
            "rate": 85.86490388918125
        },
        "http_req_duration": {
            "max": 100.717472,
            "p(90)": 51.3210652,
            "p(95)": 52.3362896,
            "avg": 16.133025955597446,
            "min": 0.285155,
            "med": 0.687132
        },
        "http_req_duration{expected_response:true}": {
            "min": 0.285155,
            "med": 0.687132,
            "max": 100.717472,
            "p(90)": 51.3210652,
            "p(95)": 52.3362896,
            "avg": 16.133025955597446
        },
        "http_req_sending": {
            "p(95)": 0.04216540000000001,
            "avg": 0.028921994008793656,
            "min": 0.006628,
            "med": 0.025786,
            "max": 17.714877,
            "p(90)": 0.03398620000000001
        },
        "checks": {
            "passes": 20697,
            "fails": 0,
            "value": 1
        },
        "http_req_blocked": {
            "avg": 0.012565626950765784,
            "min": 0.001567,
            "med": 0.004945,
            "max": 16.637726,
            "p(90)": 0.006330400000000001,
            "p(95)": 0.007825200000000001
        },
        "iterations": {
            "rate": 85.86490388918125,
            "count": 20697
        }
    }
}