{
    "root_group": {
        "name": "",
        "path": "",
        "id": "d41d8cd98f00b204e9800998ecf8427e",
        "groups": {},
        "checks": {
                "status 200": {
                    "name": "status 200",
                    "path": "::status 200",
                    "id": "fad9fa412b86fcb03bee97c80dcd61f1",
                    "passes": 35772,
                    "fails": 10498
                }
            }
    },
    "metrics": {
        "http_req_duration{expected_response:true}": {
            "avg": 844.6633780306946,
            "min": 0.226211,
            "med": 1.408089,
            "max": 58842.921418,
            "p(90)": 52.74988,
            "p(95)": 55.836946499999996
        },
        "http_req_sending": {
            "avg": 0.03570472202290911,
            "min": 0,
            "med": 0.020773,
            "max": 15.307992,
            "p(90)": 0.040315199999999995,
            "p(95)": 0.09286294999999987
        },
        "data_sent": {
            "count": 3182135,
            "rate": 11785.448278119682
        },
        "data_received": {
            "rate": 35425.23974575331,
            "count": 9565007
        },
        "http_req_duration": {
            "med": 0.548469,
            "max": 60001.678356,
            "p(90)": 53.306275899999996,
            "p(95)": 9934.672602349985,
            "avg": 2493.025586103507,
            "min": 0
        },
        "http_req_receiving": {
            "max": 36.477289,
            "p(90)": 0.0870402,
            "p(95)": 0.10253064999999989,
            "avg": 0.060416781607953364,
            "min": 0,
            "med": 0.059753
        },
        "http_req_failed": {
            "passes": 10498,
            "fails": 35772,
            "value": 0.22688567106116275
        },
        "iteration_duration": {
            "avg": 9563.037404294786,
            "min": 1000.335898,
            "med": 1004.585737,
            "max": 61004.151704,
            "p(90)": 31001.896503,
            "p(95)": 31004.041285400002
        },
        "http_req_waiting": {
            "max": 60001.612132,
            "p(90)": 53.200947,
            "p(95)": 9934.500152499986,
            "avg": 2492.9294645998566,
            "min": 0,
            "med": 0.449763
        },
        "http_req_connecting": {
            "p(95)": 0.2773330999999998,
            "avg": 306.8800433900795,
            "min": 0,
            "med": 0,
            "max": 19751.728821,
            "p(90)": 0
        },
        "vus_max": {
            "value": 2000,
            "min": 2000,
            "max": 2000
        },
        "http_reqs": {
            "count": 46270,
            "rate": 171.36692561082344
        },
        "http_req_blocked": {
            "min": 0,
            "med": 0.004815,
            "max": 19751.768284,
            "p(90)": 0.007340099999999999,
            "p(95)": 0.355424949999999,
            "avg": 306.8885509929332
        },
        "iterations": {
            "count": 46217,
            "rate": 171.1706332603291
        },
        "http_req_tls_handshaking": {
            "med": 0,
            "max": 0,
            "p(90)": 0,
            "p(95)": 0,
            "avg": 0,
            "min": 0
        },
        "checks": {
            "fails": 10498,
            "passes": 35772,
            "value": 0.7731143289388372
        },
        "vus": {
            "value": 64,
            "min": 18,
            "max": 2000
        }
    }
}