{
    "metrics": {
        "http_req_tls_handshaking": {
            "avg": 0,
            "min": 0,
            "med": 0,
            "max": 0,
            "p(90)": 0,
            "p(95)": 0
        },
        "vus": {
            "value": 67,
            "min": 13,
            "max": 1000
        },
        "http_req_failed": {
            "passes": 0,
            "fails": 140569,
            "value": 0
        },
        "http_req_connecting": {
            "p(90)": 0,
            "p(95)": 0,
            "avg": 0.04209033076282822,
            "min": 0,
            "med": 0,
            "max": 734.231345
        },
        "http_req_waiting": {
            "p(95)": 2263.8232512,
            "avg": 500.5491566427948,
            "min": 0.47269,
            "med": 2.038388,
            "max": 2854.422622,
            "p(90)": 2040.1833557999998
        },
        "http_req_blocked": {
            "avg": 0.04953151785244244,
            "min": 0.001351,
            "med": 0.003824,
            "max": 734.335725,
            "p(90)": 0.005128,
            "p(95)": 0.006193600000000006
        },
        "vus_max": {
            "value": 1000,
            "min": 1000,
            "max": 1000
        },
        "checks": {
            "passes": 140569,
            "fails": 0,
            "value": 1
        },
        "iterations": {
            "count": 140569,
            "rate": 578.0733314577577
        },
        "http_reqs": {
            "count": 140569,
            "rate": 578.0733314577577
        },
        "http_req_receiving": {
            "avg": 0.09937831245865042,
            "min": 0.013391,
            "med": 0.052473,
            "max": 186.642025,
            "p(90)": 0.09720439999999998,
            "p(95)": 0.16337660000000004
        },
        "http_req_duration": {
            "p(95)": 2263.9143138000004,
            "avg": 500.726168704323,
            "min": 0.528579,
            "med": 2.109929,
            "max": 2854.460378,
            "p(90)": 2040.383356
        },
        "data_received": {
            "count": 41074170,
            "rate": 168912.64993535052
        },
        "http_req_duration{expected_response:true}": {
            "avg": 500.726168704323,
            "min": 0.528579,
            "med": 2.109929,
            "max": 2854.460378,
            "p(90)": 2040.383356,
            "p(95)": 2263.9143138000004
        },
        "data_sent": {
            "count": 17051272,
            "rate": 70121.33265963607
        },
        "iteration_duration": {
            "p(90)": 3041.5868438,
            "p(95)": 3264.7832818,
            "avg": 1501.876548671326,
            "min": 1000.677889,
            "med": 1002.585617,
            "max": 3854.759532
        },
        "http_req_sending": {
            "p(90)": 0.025495,
            "p(95)": 0.037218400000000026,
            "avg": 0.07763374906274,
            "min": 0.005769,
            "med": 0.014894,
            "max": 213.95227
        }
    },
    "root_group": {
        "name": "",
        "path": "",
        "id": "d41d8cd98f00b204e9800998ecf8427e",
        "groups": {},
        "checks": {
                "status 200": {
                    "name": "status 200",
                    "path": "::status 200",
                    "id": "fad9fa412b86fcb03bee97c80dcd61f1",
                    "passes": 140569,
                    "fails": 0
                }
            }
    }
}