{
    "root_group": {
        "id": "d41d8cd98f00b204e9800998ecf8427e",
        "groups": {},
        "checks": {
                "status 200": {
                    "path": "::status 200",
                    "id": "fad9fa412b86fcb03bee97c80dcd61f1",
                    "passes": 102943,
                    "fails": 0,
                    "name": "status 200"
                }
            },
        "name": "",
        "path": ""
    },
    "metrics": {
        "vus": {
            "min": 8,
            "max": 500,
            "value": 69
        },
        "iteration_duration": {
            "med": 1002.222944,
            "max": 1454.201076,
            "p(90)": 1064.252463,
            "p(95)": 1082.2541253999998,
            "avg": 1022.3731412072066,
            "min": 1000.604546
        },
        "http_req_blocked": {
            "p(90)": 0.005656,
            "p(95)": 0.006763799999999988,
            "avg": 0.010306520229641531,
            "min": 0.001397,
            "med": 0.004251,
            "max": 15.265962
        },
        "http_req_connecting": {
            "max": 14.768789,
            "p(90)": 0,
            "p(95)": 0,
            "avg": 0.0035187364560970657,
            "min": 0,
            "med": 0
        },
        "http_req_failed": {
            "passes": 0,
            "fails": 102943,
            "value": 0
        },
        "data_sent": {
            "count": 12589880,
            "rate": 52222.87169766103
        },
        "http_req_sending": {
            "med": 0.017742,
            "max": 97.470591,
            "p(90)": 0.030677600000000006,
            "p(95)": 0.048719499999999916,
            "avg": 0.05376761634108163,
            "min": 0.005297
        },
        "http_req_tls_handshaking": {
            "avg": 0,
            "min": 0,
            "med": 0,
            "max": 0,
            "p(90)": 0,
            "p(95)": 0
        },
        "http_reqs": {
            "count": 102943,
            "rate": 427.0079683978179
        },
        "checks": {
            "passes": 102943,
            "fails": 0,
            "value": 1
        },
        "vus_max": {
            "value": 500,
            "min": 500,
            "max": 500
        },
        "http_req_duration": {
            "avg": 21.382182454746523,
            "min": 0.501812,
            "med": 1.397453,
            "max": 379.983123,
            "p(90)": 62.975213800000006,
            "p(95)": 80.72969599999998
        },
        "http_req_duration{expected_response:true}": {
            "p(90)": 62.975213800000006,
            "p(95)": 80.72969599999998,
            "avg": 21.382182454746523,
            "min": 0.501812,
            "med": 1.397453,
            "max": 379.983123
        },
        "iterations": {
            "rate": 427.0079683978179,
            "count": 102943
        },
        "http_req_waiting": {
            "avg": 21.23054312525363,
            "min": 0.449474,
            "med": 1.309038,
            "max": 379.942352,
            "p(90)": 62.75424700000002,
            "p(95)": 80.49831819999997
        },
        "data_received": {
            "count": 30091266,
            "rate": 124818.689577517
        },
        "http_req_receiving": {
            "max": 92.63405,
            "p(90)": 0.12275960000000008,
            "p(95)": 0.1991379,
            "avg": 0.09787171315193917,
            "min": 0.01395,
            "med": 0.060426
        }
    }
}