{
    "metrics": {
        "http_req_connecting": {
            "avg": 0.002962328902396394,
            "min": 0,
            "med": 0,
            "max": 8.979203,
            "p(90)": 0,
            "p(95)": 0
        },
        "iteration_duration": {
            "avg": 1021.980156915774,
            "min": 1000.617735,
            "med": 1002.168308,
            "max": 1499.599658,
            "p(90)": 1062.6078291000001,
            "p(95)": 1080.9067787000001
        },
        "http_req_duration": {
            "avg": 20.970803217782432,
            "min": 0.501954,
            "med": 1.3759095000000001,
            "max": 361.366439,
            "p(90)": 61.383206200000025,
            "p(95)": 79.14183339999995
        },
        "data_received": {
            "count": 30107940,
            "rate": 124903.70632858778
        },
        "vus": {
            "min": 8,
            "max": 500,
            "value": 71
        },
        "iterations": {
            "count": 102988,
            "rate": 427.2488555300893
        },
        "http_req_receiving": {
            "avg": 0.09622185138074389,
            "min": 0.014225,
            "med": 0.059882,
            "max": 168.93958,
            "p(90)": 0.11127210000000001,
            "p(95)": 0.18699589999999996
        },
        "http_req_blocked": {
            "max": 274.881635,
            "p(90)": 0.00559,
            "p(95)": 0.006651,
            "avg": 0.014614485775041736,
            "min": 0.001493,
            "med": 0.004223
        },
        "http_req_waiting": {
            "p(95)": 78.86340684999998,
            "avg": 20.80425661180897,
            "min": 0.442733,
            "med": 1.2889905,
            "max": 361.015076,
            "p(90)": 61.192675799999996
        },
        "data_sent": {
            "count": 12595313,
            "rate": 52252.0396967924
        },
        "http_req_tls_handshaking": {
            "avg": 0,
            "min": 0,
            "med": 0,
            "max": 0,
            "p(90)": 0,
            "p(95)": 0
        },
        "http_req_sending": {
            "max": 183.855125,
            "p(90)": 0.030153,
            "p(95)": 0.04568679999999993,
            "avg": 0.07032475459276809,
            "min": 0.005669,
            "med": 0.0175825
        },
        "http_reqs": {
            "count": 102988,
            "rate": 427.2488555300893
        },
        "vus_max": {
            "value": 500,
            "min": 500,
            "max": 500
        },
        "http_req_failed": {
            "passes": 0,
            "fails": 102988,
            "value": 0
        },
        "checks": {
            "passes": 102988,
            "fails": 0,
            "value": 1
        },
        "http_req_duration{expected_response:true}": {
            "avg": 20.970803217782432,
            "min": 0.501954,
            "med": 1.3759095000000001,
            "max": 361.366439,
            "p(90)": 61.383206200000025,
            "p(95)": 79.14183339999995
        }
    },
    "root_group": {
        "checks": {
            "status 200": {
                "passes": 102988,
                "fails": 0,
                "name": "status 200",
                "path": "::status 200",
                "id": "fad9fa412b86fcb03bee97c80dcd61f1"
            }
        },
        "name": "",
        "path": "",
        "id": "d41d8cd98f00b204e9800998ecf8427e",
        "groups": {}
    }
}