{
    "metrics": {
        "http_reqs": {
            "count": 20684,
            "rate": 85.82054978203226
        },
        "checks": {
            "passes": 20684,
            "fails": 0,
            "value": 1
        },
        "http_req_connecting": {
            "p(95)": 0,
            "avg": 0.0034290142622316767,
            "min": 0,
            "med": 0,
            "max": 9.840098,
            "p(90)": 0
        },
        "data_sent": {
            "count": 2529710,
            "rate": 10496.088908775131
        },
        "http_req_tls_handshaking": {
            "max": 0,
            "p(90)": 0,
            "p(95)": 0,
            "avg": 0,
            "min": 0,
            "med": 0
        },
        "http_req_blocked": {
            "avg": 0.009922928978920952,
            "min": 0.001592,
            "med": 0.004737,
            "max": 13.492591,
            "p(90)": 0.006045,
            "p(95)": 0.006763249999999993
        },
        "vus_max": {
            "value": 100,
            "min": 100,
            "max": 100
        },
        "data_received": {
            "count": 6027056,
            "rate": 25007.022794773555
        },
        "http_req_sending": {
            "avg": 0.02741864363759429,
            "min": 0.006811,
            "med": 0.0256185,
            "max": 6.204239,
            "p(90)": 0.0319117,
            "p(95)": 0.04005564999999996
        },
        "iteration_duration": {
            "avg": 1017.6812085742592,
            "min": 1000.781749,
            "med": 1002.486658,
            "max": 1094.346068,
            "p(90)": 1052.8570931000002,
            "p(95)": 1053.43837675
        },
        "http_req_duration{expected_response:true}": {
            "max": 93.421139,
            "p(90)": 51.9585955,
            "p(95)": 52.6036712,
            "avg": 16.90874209843346,
            "min": 0.529508,
            "med": 1.576392
        },
        "http_req_duration": {
            "med": 1.576392,
            "max": 93.421139,
            "p(90)": 51.9585955,
            "p(95)": 52.6036712,
            "avg": 16.90874209843346,
            "min": 0.529508
        },
        "iterations": {
            "count": 20684,
            "rate": 85.82054978203226
        },
        "http_req_failed": {
            "passes": 0,
            "fails": 20684,
            "value": 0
        },
        "vus": {
            "max": 100,
            "value": 4,
            "min": 2
        },
        "http_req_receiving": {
            "avg": 0.07390922568168647,
            "min": 0.016541,
            "med": 0.0680905,
            "max": 4.533002,
            "p(90)": 0.0897732,
            "p(95)": 0.10224404999999996
        },
        "http_req_waiting": {
            "min": 0.488231,
            "med": 1.4803675,
            "max": 93.313836,
            "p(90)": 51.8467678,
            "p(95)": 52.48529725,
            "avg": 16.807414229114368
        }
    },
    "root_group": {
        "name": "",
        "path": "",
        "id": "d41d8cd98f00b204e9800998ecf8427e",
        "groups": {},
        "checks": {
                "status 200": {
                    "fails": 0,
                    "name": "status 200",
                    "path": "::status 200",
                    "id": "fad9fa412b86fcb03bee97c80dcd61f1",
                    "passes": 20684
                }
            }
    }
}