{
    "root_group": {
        "checks": {
            "status 200": {
                "name": "status 200",
                "path": "::status 200",
                "id": "fad9fa412b86fcb03bee97c80dcd61f1",
                "passes": 34672,
                "fails": 782
            }
        },
        "name": "",
        "path": "",
        "id": "d41d8cd98f00b204e9800998ecf8427e",
        "groups": {}
    },
    "metrics": {
        "http_req_duration{expected_response:true}": {
            "avg": 883.1300853276729,
            "min": 0.245653,
            "med": 1.4060875,
            "max": 59969.96769,
            "p(90)": 52.5828076,
            "p(95)": 54.7376333
        },
        "data_sent": {
            "count": 3008067,
            "rate": 11781.162164557734
        },
        "iteration_duration": {
            "p(90)": 1054.0675044,
            "p(95)": 1060.5169554499998,
            "avg": 3052.1655156432525,
            "min": 1000.383958,
            "med": 1002.2755239999999,
            "max": 61018.278017
        },
        "http_req_sending": {
            "avg": 0.03330290680882284,
            "min": 0,
            "med": 0.0242395,
            "max": 41.664699,
            "p(90)": 0.036631500000000004,
            "p(95)": 0.05070805
        },
        "http_req_waiting": {
            "med": 1.3734125000000001,
            "max": 60004.850214,
            "p(90)": 52.857818,
            "p(95)": 56.841436,
            "avg": 1866.963169449197,
            "min": 0
        },
        "iterations": {
            "count": 35454,
            "rate": 138.85638962903084
        },
        "http_reqs": {
            "count": 35454,
            "rate": 138.85638962903084
        },
        "http_req_receiving": {
            "p(90)": 0.0949973,
            "p(95)": 0.11386964999999995,
            "avg": 0.07918272919839829,
            "min": 0,
            "med": 0.0670355,
            "max": 33.459198
        },
        "vus_max": {
            "value": 500,
            "min": 500,
            "max": 500
        },
        "http_req_duration": {
            "med": 1.4873794999999999,
            "max": 60004.891374,
            "p(90)": 52.9721796,
            "p(95)": 56.96572599999999,
            "avg": 1867.0756550851995,
            "min": 0
        },
        "http_req_failed": {
            "passes": 782,
            "fails": 34672,
            "value": 0.02205674959101935
        },
        "http_req_blocked": {
            "p(90)": 0.006604,
            "p(95)": 0.019807599999999977,
            "avg": 25.20366365058952,
            "min": 0,
            "med": 0.004928,
            "max": 19686.203475
        },
        "checks": {
            "passes": 34672,
            "fails": 782,
            "value": 0.9779432504089807
        },
        "http_req_tls_handshaking": {
            "avg": 0,
            "min": 0,
            "med": 0,
            "max": 0,
            "p(90)": 0,
            "p(95)": 0
        },
        "vus": {
            "value": 50,
            "min": 7,
            "max": 500
        },
        "data_received": {
            "count": 9273611,
            "rate": 36320.30637682818
        },
        "http_req_connecting": {
            "p(90)": 0,
            "p(95)": 0,
            "avg": 25.194256707536532,
            "min": 0,
            "med": 0,
            "max": 19686.108324
        }
    }
}