{
    "root_group": {
        "groups": {},
        "checks": {
                "status 200": {
                    "name": "status 200",
                    "path": "::status 200",
                    "id": "fad9fa412b86fcb03bee97c80dcd61f1",
                    "passes": 191143,
                    "fails": 20810
                }
            },
        "name": "",
        "path": "",
        "id": "d41d8cd98f00b204e9800998ecf8427e"
    },
    "metrics": {
        "http_req_tls_handshaking": {
            "p(95)": 0,
            "avg": 0,
            "min": 0,
            "med": 0,
            "max": 0,
            "p(90)": 0
        },
        "http_req_failed": {
            "passes": 20810,
            "fails": 191143,
            "value": 0.09818214415460032
        },
        "http_req_receiving": {
            "max": 46.014037,
            "p(90)": 0.166319,
            "p(95)": 0.22432059999999995,
            "avg": 0.09059947977146163,
            "min": 0.012717,
            "med": 0.051735
        },
        "vus": {
            "value": 174,
            "min": 17,
            "max": 2000
        },
        "http_req_connecting": {
            "min": 0,
            "med": 0,
            "max": 62.600021,
            "p(90)": 0,
            "p(95)": 0,
            "avg": 0.008401948295140908
        },
        "data_sent": {
            "count": 25921384,
            "rate": 105197.44129305329
        },
        "http_req_duration": {
            "max": 5546.666955,
            "p(90)": 5380.9107034,
            "p(95)": 5392.8674742,
            "avg": 1001.0415624595134,
            "min": 0.461993,
            "med": 1.31546
        },
        "http_req_duration{expected_response:true}": {
            "med": 1.323047,
            "max": 5546.666955,
            "p(90)": 5383.367739200001,
            "p(95)": 5394.0853004,
            "avg": 1109.7046114330446,
            "min": 0.495534
        },
        "http_req_blocked": {
            "p(90)": 0.005511,
            "p(95)": 0.007542,
            "avg": 0.01496024499299359,
            "min": 0.001373,
            "med": 0.003865,
            "max": 62.674309
        },
        "http_req_waiting": {
            "avg": 1000.9076864691336,
            "min": 0.379005,
            "med": 1.222673,
            "max": 5546.513661,
            "p(90)": 5380.7626126000005,
            "p(95)": 5392.724861
        },
        "iteration_duration": {
            "med": 1002.017669,
            "max": 6547.017448,
            "p(90)": 6381.6865848,
            "p(95)": 6393.6986486000005,
            "avg": 2001.8655576254878,
            "min": 1000.629204
        },
        "vus_max": {
            "value": 2000,
            "min": 2000,
            "max": 2000
        },
        "data_received": {
            "count": 63190339,
            "rate": 256447.03142550704
        },
        "http_req_sending": {
            "avg": 0.04327651061320107,
            "min": 0.005143,
            "med": 0.015766,
            "max": 43.158121,
            "p(90)": 0.0387,
            "p(95)": 0.10777959999999998
        },
        "iterations": {
            "count": 211953,
            "rate": 860.1744904665014
        },
        "http_reqs": {
            "count": 211953,
            "rate": 860.1744904665014
        },
        "checks": {
            "passes": 191143,
            "fails": 20810,
            "value": 0.9018178558453996
        }
    }
}