{
    "root_group": {
        "id": "d41d8cd98f00b204e9800998ecf8427e",
        "groups": {},
        "checks": {
                "status 200": {
                    "path": "::status 200",
                    "id": "fad9fa412b86fcb03bee97c80dcd61f1",
                    "passes": 142353,
                    "fails": 0,
                    "name": "status 200"
                }
            },
        "name": "",
        "path": ""
    },
    "metrics": {
        "iterations": {
            "count": 142353,
            "rate": 581.286859909964
        },
        "http_req_failed": {
            "passes": 0,
            "fails": 142353,
            "value": 0
        },
        "http_req_duration": {
            "med": 2.128002,
            "max": 4023.886899,
            "p(90)": 2459.7717748000005,
            "p(95)": 2989.8310127999994,
            "avg": 484.1416201604967,
            "min": 0.521684
        },
        "http_req_receiving": {
            "avg": 0.08860636051927175,
            "min": 0.013062,
            "med": 0.052496,
            "max": 147.051294,
            "p(90)": 0.09715880000000002,
            "p(95)": 0.16439759999999998
        },
        "http_req_connecting": {
            "p(95)": 0,
            "avg": 0.006661066981377288,
            "min": 0,
            "med": 0,
            "max": 17.941699,
            "p(90)": 0
        },
        "vus_max": {
            "value": 1000,
            "min": 1000,
            "max": 1000
        },
        "data_received": {
            "count": 41620474,
            "rate": 169953.8094695883
        },
        "http_req_blocked": {
            "avg": 0.014266055924357337,
            "min": 0.001442,
            "med": 0.003813,
            "max": 149.353124,
            "p(90)": 0.005111,
            "p(95)": 0.006157399999999994
        },
        "vus": {
            "value": 13,
            "min": 13,
            "max": 1000
        },
        "checks": {
            "passes": 142353,
            "fails": 0,
            "value": 1
        },
        "iteration_duration": {
            "avg": 1485.1396825679305,
            "min": 1000.661839,
            "med": 1002.604,
            "max": 5025.04713,
            "p(90)": 3461.0949506000006,
            "p(95)": 3992.483280599999
        },
        "http_reqs": {
            "count": 142353,
            "rate": 581.286859909964
        },
        "http_req_sending": {
            "max": 125.211867,
            "p(90)": 0.025704600000000005,
            "p(95)": 0.0372607999999999,
            "avg": 0.061817308177558525,
            "min": 0.005433,
            "med": 0.01503
        },
        "http_req_waiting": {
            "max": 4023.767501,
            "p(90)": 2459.545038,
            "p(95)": 2989.057578999999,
            "avg": 483.99119649179744,
            "min": 0.479963,
            "med": 2.055902
        },
        "http_req_tls_handshaking": {
            "med": 0,
            "max": 0,
            "p(90)": 0,
            "p(95)": 0,
            "avg": 0,
            "min": 0
        },
        "data_sent": {
            "count": 17267192,
            "rate": 70509.16957944303
        },
        "http_req_duration{expected_response:true}": {
            "avg": 484.1416201604967,
            "min": 0.521684,
            "med": 2.128002,
            "max": 4023.886899,
            "p(90)": 2459.7717748000005,
            "p(95)": 2989.8310127999994
        }
    }
}