{
    "metrics": {
        "http_req_tls_handshaking": {
            "p(90)": 0,
            "p(95)": 0,
            "avg": 0,
            "min": 0,
            "med": 0,
            "max": 0
        },
        "http_req_blocked": {
            "max": 19753.470694,
            "p(90)": 0.007271900000000008,
            "p(95)": 0.39218745,
            "avg": 270.8650051952844,
            "min": 0,
            "med": 0.004766
        },
        "data_sent": {
            "count": 3161377,
            "rate": 11708.577093344098
        },
        "http_req_sending": {
            "p(90)": 0.040001500000000016,
            "p(95)": 0.09091545000000022,
            "avg": 0.08756984916988193,
            "min": 0,
            "med": 0.0211465,
            "max": 116.955895
        },
        "http_req_waiting": {
            "avg": 2479.416946459971,
            "min": 0,
            "med": 0.5059515,
            "max": 60018.206298,
            "p(90)": 53.33721700000001,
            "p(95)": 7893.800519700026
        },
        "http_req_failed": {
            "passes": 10558,
            "fails": 35580,
            "value": 0.22883523343014434
        },
        "vus_max": {
            "value": 2000,
            "min": 2000,
            "max": 2000
        },
        "http_req_duration": {
            "avg": 2479.5884184949414,
            "min": 0,
            "med": 0.6134355,
            "max": 60018.260075,
            "p(90)": 53.4808229,
            "p(95)": 7894.072819550026
        },
        "data_received": {
            "count": 9501353,
            "rate": 35189.51523072896
        },
        "http_req_connecting": {
            "p(90)": 0,
            "p(95)": 0.3108934000000004,
            "avg": 270.851240844792,
            "min": 0,
            "med": 0,
            "max": 19753.415435
        },
        "iterations": {
            "count": 46085,
            "rate": 170.68188177074825
        },
        "http_req_receiving": {
            "med": 0.0623625,
            "max": 56.111674,
            "p(90)": 0.09726330000000001,
            "p(95)": 0.17917360000000002,
            "avg": 0.08390218579045353,
            "min": 0
        },
        "vus": {
            "value": 69,
            "min": 19,
            "max": 2000
        },
        "checks": {
            "passes": 35580,
            "fails": 10558,
            "value": 0.7711647665698557
        },
        "iteration_duration": {
            "max": 61064.79997,
            "p(90)": 31001.9334952,
            "p(95)": 31010.131732,
            "avg": 9609.596962585465,
            "min": 1000.408245,
            "med": 1005.783163
        },
        "http_req_duration{expected_response:true}": {
            "avg": 882.182590395222,
            "min": 0.2551,
            "med": 1.5787705,
            "max": 59236.518336,
            "p(90)": 52.9081406,
            "p(95)": 56.483879299999984
        },
        "http_reqs": {
            "rate": 170.87817426795667,
            "count": 46138
        }
    },
    "root_group": {
        "path": "",
        "id": "d41d8cd98f00b204e9800998ecf8427e",
        "groups": {},
        "checks": {
                "status 200": {
                    "fails": 10558,
                    "name": "status 200",
                    "path": "::status 200",
                    "id": "fad9fa412b86fcb03bee97c80dcd61f1",
                    "passes": 35580
                }
            },
        "name": ""
    }
}