{
    "metrics": {
        "http_req_receiving": {
            "avg": 0.09170133383111546,
            "min": 0.012964,
            "med": 0.0513,
            "max": 45.478414,
            "p(90)": 0.1675868,
            "p(95)": 0.23105179999999995
        },
        "checks": {
            "passes": 190518,
            "fails": 21757,
            "value": 0.8975055941585208
        },
        "http_req_tls_handshaking": {
            "avg": 0,
            "min": 0,
            "med": 0,
            "max": 0,
            "p(90)": 0,
            "p(95)": 0
        },
        "iterations": {
            "rate": 861.5197614706121,
            "count": 212275
        },
        "http_req_blocked": {
            "max": 65.451459,
            "p(90)": 0.005551,
            "p(95)": 0.007610299999999988,
            "avg": 0.016335459201507325,
            "min": 0.001301,
            "med": 0.003846
        },
        "iteration_duration": {
            "p(95)": 6393.8910755,
            "avg": 1998.9047823018227,
            "min": 1000.585069,
            "med": 1002.080924,
            "max": 6651.826027,
            "p(90)": 6381.794908
        },
        "http_reqs": {
            "count": 212275,
            "rate": 861.5197614706121
        },
        "http_req_duration{expected_response:true}": {
            "max": 5651.550699,
            "p(90)": 5383.460804699999,
            "p(95)": 5394.5342038,
            "avg": 1110.9335647409032,
            "min": 0.454195,
            "med": 1.3444219999999998
        },
        "data_received": {
            "count": 63295758,
            "rate": 256886.33298439096
        },
        "vus_max": {
            "value": 2000,
            "min": 2000,
            "max": 2000
        },
        "http_req_waiting": {
            "med": 1.243796,
            "max": 5651.502368,
            "p(90)": 5380.8932064,
            "p(95)": 5392.9099289000005,
            "avg": 997.9545740559275,
            "min": 0.365035
        },
        "http_req_failed": {
            "passes": 21757,
            "fails": 190518,
            "value": 0.10249440584147922
        },
        "vus": {
            "min": 18,
            "max": 2000,
            "value": 170
        },
        "data_sent": {
            "count": 25961461,
            "rate": 105364.79419690778
        },
        "http_req_connecting": {
            "avg": 0.009522277460840903,
            "min": 0,
            "med": 0,
            "max": 65.243503,
            "p(90)": 0,
            "p(95)": 0
        },
        "http_req_sending": {
            "p(95)": 0.12175469999999977,
            "avg": 0.04296747819102525,
            "min": 0.005174,
            "med": 0.015678,
            "max": 19.021047,
            "p(90)": 0.044071800000000015
        },
        "http_req_duration": {
            "avg": 998.0892428679421,
            "min": 0.42483,
            "med": 1.339603,
            "max": 5651.550699,
            "p(90)": 5381.0492624,
            "p(95)": 5393.0673136000005
        }
    },
    "root_group": {
        "path": "",
        "id": "d41d8cd98f00b204e9800998ecf8427e",
        "groups": {},
        "checks": {
                "status 200": {
                    "name": "status 200",
                    "path": "::status 200",
                    "id": "fad9fa412b86fcb03bee97c80dcd61f1",
                    "passes": 190518,
                    "fails": 21757
                }
            },
        "name": ""
    }
}