{
    "root_group": {
        "checks": {
            "status 200": {
                "name": "status 200",
                "path": "::status 200",
                "id": "fad9fa412b86fcb03bee97c80dcd61f1",
                "passes": 34675,
                "fails": 780
            }
        },
        "name": "",
        "path": "",
        "id": "d41d8cd98f00b204e9800998ecf8427e",
        "groups": {}
    },
    "metrics": {
        "data_received": {
            "count": 9262986,
            "rate": 36254.14812288454
        },
        "http_req_sending": {
            "p(95)": 0.06919979999999998,
            "avg": 0.03312111964461978,
            "min": 0,
            "med": 0.024145,
            "max": 4.079531,
            "p(90)": 0.0421016
        },
        "data_sent": {
            "count": 3008410,
            "rate": 11774.533800911182
        },
        "vus": {
            "min": 8,
            "max": 500,
            "value": 50
        },
        "http_req_tls_handshaking": {
            "avg": 0,
            "min": 0,
            "med": 0,
            "max": 0,
            "p(90)": 0,
            "p(95)": 0
        },
        "iteration_duration": {
            "avg": 3053.617616008856,
            "min": 1000.466756,
            "med": 1002.598993,
            "max": 61018.144534,
            "p(90)": 1054.14797,
            "p(95)": 1058.2189295
        },
        "http_req_blocked": {
            "p(95)": 0.03307209999999936,
            "avg": 25.09582076161329,
            "min": 0,
            "med": 0.004961,
            "max": 19719.960856,
            "p(90)": 0.006896
        },
        "checks": {
            "passes": 34675,
            "fails": 780,
            "value": 0.9780002820476661
        },
        "iterations": {
            "count": 35455,
            "rate": 138.7663569497861
        },
        "http_reqs": {
            "count": 35455,
            "rate": 138.7663569497861
        },
        "http_req_connecting": {
            "min": 0,
            "med": 0,
            "max": 19719.844182,
            "p(90)": 0,
            "p(95)": 0,
            "avg": 25.08487977537724
        },
        "http_req_duration": {
            "avg": 1869.4321519517505,
            "min": 0,
            "med": 1.618158,
            "max": 60014.495412,
            "p(90)": 52.9561936,
            "p(95)": 56.11516979999995
        },
        "http_req_duration{expected_response:true}": {
            "max": 59989.063633,
            "p(90)": 52.6437154,
            "p(95)": 54.50288469999999,
            "avg": 886.9234029330096,
            "min": 0.306776,
            "med": 1.572388
        },
        "vus_max": {
            "value": 500,
            "min": 500,
            "max": 500
        },
        "http_req_receiving": {
            "p(95)": 0.21920309999999973,
            "avg": 0.09058346444789275,
            "min": 0,
            "med": 0.068445,
            "max": 6.955658,
            "p(90)": 0.14429320000000018
        },
        "http_req_failed": {
            "passes": 780,
            "fails": 34675,
            "value": 0.021999717952333943
        },
        "http_req_waiting": {
            "avg": 1869.3084473676604,
            "min": 0,
            "med": 1.481239,
            "max": 60014.075022,
            "p(90)": 52.812434200000006,
            "p(95)": 55.956599199999985
        }
    }
}