{
    "metrics": {
        "http_req_duration{expected_response:true}": {
            "p(90)": 52.6949044,
            "p(95)": 54.85554409999998,
            "avg": 819.653650012639,
            "min": 0.26556,
            "med": 1.4549,
            "max": 60002.69249
        },
        "http_reqs": {
            "count": 34800,
            "rate": 136.27491466481467
        },
        "http_req_sending": {
            "avg": 0.031045736350574667,
            "min": 0,
            "med": 0.0232625,
            "max": 22.728836,
            "p(90)": 0.037352400000000015,
            "p(95)": 0.04757205
        },
        "http_req_tls_handshaking": {
            "avg": 0,
            "min": 0,
            "med": 0,
            "max": 0,
            "p(90)": 0,
            "p(95)": 0
        },
        "http_req_duration": {
            "med": 1.5262915000000001,
            "max": 60004.678197,
            "p(90)": 53.2160664,
            "p(95)": 57.639342299999946,
            "avg": 1942.7965448188547,
            "min": 0
        },
        "iterations": {
            "count": 34800,
            "rate": 136.27491466481467
        },
        "http_req_failed": {
            "fails": 33947,
            "passes": 853,
            "value": 0.024511494252873564
        },
        "checks": {
            "passes": 33947,
            "fails": 853,
            "value": 0.9754885057471264
        },
        "iteration_duration": {
            "avg": 3110.3253018869787,
            "min": 1000.410094,
            "med": 1002.302424,
            "max": 61043.068364,
            "p(90)": 1054.2861176000001,
            "p(95)": 1063.5071821
        },
        "http_req_connecting": {
            "med": 0,
            "max": 4130.901042,
            "p(90)": 0,
            "p(95)": 0,
            "avg": 3.772770992672416,
            "min": 0
        },
        "vus_max": {
            "value": 500,
            "min": 500,
            "max": 500
        },
        "data_sent": {
            "count": 2952322,
            "rate": 11561.133006122269
        },
        "data_received": {
            "count": 9070983,
            "rate": 35521.47799571795
        },
        "http_req_blocked": {
            "max": 4130.979208,
            "p(90)": 0.006703,
            "p(95)": 0.022403149999999986,
            "avg": 3.7829441607471237,
            "min": 0,
            "med": 0.004893
        },
        "http_req_waiting": {
            "avg": 1942.6882056975858,
            "min": 0,
            "med": 1.4315175,
            "max": 60004.632583,
            "p(90)": 53.0918441,
            "p(95)": 57.452936949999994
        },
        "http_req_receiving": {
            "avg": 0.07729338494252783,
            "min": 0,
            "med": 0.063033,
            "max": 34.446199,
            "p(90)": 0.08679010000000001,
            "p(95)": 0.10242834999999997
        },
        "vus": {
            "value": 50,
            "min": 8,
            "max": 500
        }
    },
    "root_group": {
        "checks": {
            "status 200": {
                "name": "status 200",
                "path": "::status 200",
                "id": "fad9fa412b86fcb03bee97c80dcd61f1",
                "passes": 33947,
                "fails": 853
            }
        },
        "name": "",
        "path": "",
        "id": "d41d8cd98f00b204e9800998ecf8427e",
        "groups": {}
    }
}