{
    "root_group": {
        "checks": {
            "status 200": {
                "fails": 21442,
                "name": "status 200",
                "path": "::status 200",
                "id": "fad9fa412b86fcb03bee97c80dcd61f1",
                "passes": 189659
            }
        },
        "name": "",
        "path": "",
        "id": "d41d8cd98f00b204e9800998ecf8427e",
        "groups": {}
    },
    "metrics": {
        "http_req_tls_handshaking": {
            "avg": 0,
            "min": 0,
            "med": 0,
            "max": 0,
            "p(90)": 0,
            "p(95)": 0
        },
        "http_req_connecting": {
            "p(95)": 0,
            "avg": 0.00727189149743487,
            "min": 0,
            "med": 0,
            "max": 39.012258,
            "p(90)": 0
        },
        "http_req_failed": {
            "passes": 21442,
            "fails": 189659,
            "value": 0.10157223319643204
        },
        "data_sent": {
            "count": 25817587,
            "rate": 104787.43584895886
        },
        "data_received": {
            "count": 62904168,
            "rate": 255313.0340543495
        },
        "http_req_duration{expected_response:true}": {
            "med": 1.362232,
            "max": 6629.945103,
            "p(90)": 5379.9010786,
            "p(95)": 5391.829800799999,
            "avg": 1120.418473668859,
            "min": 0.473025
        },
        "http_req_waiting": {
            "min": 0.353958,
            "med": 1.260731,
            "max": 6629.887563,
            "p(90)": 5376.83297,
            "p(95)": 5390.222404,
            "avg": 1008.3771127483118
        },
        "iterations": {
            "count": 211101,
            "rate": 856.808674457108
        },
        "http_req_receiving": {
            "avg": 0.10157923184163024,
            "min": 0.012889,
            "med": 0.051514,
            "max": 124.378238,
            "p(90)": 0.164636,
            "p(95)": 0.226993
        },
        "http_req_sending": {
            "avg": 0.07195762141344658,
            "min": 0.005244,
            "med": 0.015792,
            "max": 124.344382,
            "p(90)": 0.044447,
            "p(95)": 0.12375
        },
        "vus_max": {
            "min": 2000,
            "max": 2000,
            "value": 2000
        },
        "iteration_duration": {
            "min": 1000.559146,
            "med": 1002.064985,
            "max": 7630.125147,
            "p(90)": 6377.797805,
            "p(95)": 6391.29092,
            "avg": 2009.5424028723585
        },
        "http_req_blocked": {
            "p(95)": 0.007691,
            "avg": 0.013969403579329312,
            "min": 0.001408,
            "med": 0.003857,
            "max": 42.210964,
            "p(90)": 0.005546
        },
        "http_req_duration": {
            "p(95)": 5390.373228,
            "avg": 1008.5506496015855,
            "min": 0.405216,
            "med": 1.354151,
            "max": 6629.945103,
            "p(90)": 5376.979194
        },
        "checks": {
            "passes": 189659,
            "fails": 21442,
            "value": 0.898427766803568
        },
        "http_reqs": {
            "count": 211101,
            "rate": 856.808674457108
        },
        "vus": {
            "max": 2000,
            "value": 157,
            "min": 18
        }
    }
}