{
    "metrics": {
        "iterations": {
            "count": 212325,
            "rate": 861.6561981689562
        },
        "data_sent": {
            "count": 25967561,
            "rate": 105381.41946064033
        },
        "http_req_blocked": {
            "max": 33.198722,
            "p(90)": 0.005588,
            "p(95)": 0.007698,
            "avg": 0.014583666421759114,
            "min": 0.001314,
            "med": 0.00388
        },
        "http_req_tls_handshaking": {
            "avg": 0,
            "min": 0,
            "med": 0,
            "max": 0,
            "p(90)": 0,
            "p(95)": 0
        },
        "data_received": {
            "count": 63312347,
            "rate": 256933.83357199444
        },
        "http_req_receiving": {
            "p(95)": 0.23985639999999966,
            "avg": 0.10197998528199552,
            "min": 0.012321,
            "med": 0.051901,
            "max": 335.472584,
            "p(90)": 0.1715624
        },
        "http_reqs": {
            "count": 212325,
            "rate": 861.6561981689562
        },
        "http_req_duration{expected_response:true}": {
            "min": 0.485455,
            "med": 1.357202,
            "max": 6129.730147,
            "p(90)": 5379.9873874,
            "p(95)": 5390.938678400001,
            "avg": 1110.1563291897887
        },
        "http_req_failed": {
            "passes": 21726,
            "fails": 190599,
            "value": 0.10232426704344755
        },
        "http_req_waiting": {
            "avg": 996.7311472908343,
            "min": 0.406595,
            "med": 1.252542,
            "max": 6129.673099,
            "p(90)": 5376.911989,
            "p(95)": 5389.4973205999995
        },
        "http_req_duration": {
            "med": 1.350947,
            "max": 6129.730147,
            "p(90)": 5377.0861824,
            "p(95)": 5389.670304,
            "avg": 997.0190964721702,
            "min": 0.459877
        },
        "vus_max": {
            "value": 2000,
            "min": 2000,
            "max": 2000
        },
        "checks": {
            "passes": 190599,
            "fails": 21726,
            "value": 0.8976757329565525
        },
        "http_req_connecting": {
            "med": 0,
            "max": 32.611295,
            "p(90)": 0,
            "p(95)": 0,
            "avg": 0.007568334374190508,
            "min": 0
        },
        "http_req_sending": {
            "max": 380.927366,
            "p(90)": 0.05315920000000001,
            "p(95)": 0.14668739999999916,
            "avg": 0.1859691960579309,
            "min": 0.005152,
            "med": 0.016125
        },
        "iteration_duration": {
            "avg": 1998.4212223145441,
            "min": 1000.592322,
            "med": 1002.083625,
            "max": 7131.4391,
            "p(90)": 6377.9777773999995,
            "p(95)": 6390.5510428
        },
        "vus": {
            "max": 2000,
            "value": 167,
            "min": 18
        }
    },
    "root_group": {
        "checks": {
            "status 200": {
                "fails": 21726,
                "name": "status 200",
                "path": "::status 200",
                "id": "fad9fa412b86fcb03bee97c80dcd61f1",
                "passes": 190599
            }
        },
        "name": "",
        "path": "",
        "id": "d41d8cd98f00b204e9800998ecf8427e",
        "groups": {}
    }
}