{
    "root_group": {
        "name": "",
        "path": "",
        "id": "d41d8cd98f00b204e9800998ecf8427e",
        "groups": {},
        "checks": {
                "status 200": {
                    "name": "status 200",
                    "path": "::status 200",
                    "id": "fad9fa412b86fcb03bee97c80dcd61f1",
                    "passes": 34654,
                    "fails": 786
                }
            }
    },
    "metrics": {
        "http_req_tls_handshaking": {
            "med": 0,
            "max": 0,
            "p(90)": 0,
            "p(95)": 0,
            "avg": 0,
            "min": 0
        },
        "http_req_duration": {
            "avg": 1870.1171028107815,
            "min": 0,
            "med": 1.3855849999999998,
            "max": 60025.146479,
            "p(90)": 52.777166900000005,
            "p(95)": 56.00254059999999
        },
        "http_req_receiving": {
            "p(90)": 0.0859631,
            "p(95)": 0.09991739999999998,
            "avg": 0.07271515544582417,
            "min": 0,
            "med": 0.06251,
            "max": 45.675974
        },
        "http_req_blocked": {
            "max": 19695.733066,
            "p(90)": 0.006574,
            "p(95)": 0.020474349999999968,
            "avg": 23.442798155050795,
            "min": 0,
            "med": 0.004901
        },
        "http_req_sending": {
            "med": 0.0231315,
            "max": 29.919578,
            "p(90)": 0.03614130000000001,
            "p(95)": 0.04681154999999995,
            "avg": 0.031105188346500768,
            "min": 0
        },
        "vus_max": {
            "min": 500,
            "max": 500,
            "value": 500
        },
        "iterations": {
            "count": 35440,
            "rate": 138.75175940567095
        },
        "data_sent": {
            "rate": 11772.299846980874,
            "count": 3006883
        },
        "checks": {
            "passes": 34654,
            "fails": 786,
            "value": 0.9778216704288939
        },
        "iteration_duration": {
            "max": 61026.222573,
            "p(90)": 1053.8270671,
            "p(95)": 1058.46132425,
            "avg": 3054.3361348253843,
            "min": 1000.39578,
            "med": 1002.149218
        },
        "http_req_failed": {
            "passes": 786,
            "fails": 34654,
            "value": 0.022178329571106097
        },
        "http_req_connecting": {
            "avg": 23.432103702426623,
            "min": 0,
            "med": 0,
            "max": 19695.671096,
            "p(90)": 0,
            "p(95)": 0
        },
        "http_reqs": {
            "count": 35440,
            "rate": 138.75175940567095
        },
        "http_req_waiting": {
            "p(90)": 52.6737332,
            "p(95)": 55.86635149999997,
            "avg": 1870.013282466983,
            "min": 0,
            "med": 1.280411,
            "max": 60024.961243
        },
        "vus": {
            "value": 50,
            "min": 8,
            "max": 500
        },
        "data_received": {
            "rate": 36259.096025466635,
            "count": 9261305
        },
        "http_req_duration{expected_response:true}": {
            "avg": 880.4851320798166,
            "min": 0.265719,
            "med": 1.2873315,
            "max": 59980.779687,
            "p(90)": 52.4834185,
            "p(95)": 54.3583891
        }
    }
}