{
    "root_group": {
        "id": "d41d8cd98f00b204e9800998ecf8427e",
        "groups": {},
        "checks": {
                "status 200": {
                    "name": "status 200",
                    "path": "::status 200",
                    "id": "fad9fa412b86fcb03bee97c80dcd61f1",
                    "passes": 35416,
                    "fails": 3831
                }
            },
        "name": "",
        "path": ""
    },
    "metrics": {
        "vus_max": {
            "value": 1000,
            "min": 1000,
            "max": 1000
        },
        "http_req_waiting": {
            "p(90)": 53.423725000000005,
            "p(95)": 4179.999094399671,
            "avg": 2287.8808064570635,
            "min": 0,
            "med": 0.941539,
            "max": 60023.780182
        },
        "http_req_failed": {
            "passes": 3831,
            "fails": 35416,
            "value": 0.09761255637373557
        },
        "iterations": {
            "count": 39247,
            "rate": 145.59178300671093
        },
        "http_req_sending": {
            "avg": 0.04586312321960906,
            "min": 0,
            "med": 0.022806,
            "max": 29.46986,
            "p(90)": 0.040209800000000004,
            "p(95)": 0.06672209999999978
        },
        "checks": {
            "passes": 35416,
            "fails": 3831,
            "value": 0.9023874436262644
        },
        "data_sent": {
            "count": 3116114,
            "rate": 11559.624769082326
        },
        "iteration_duration": {
            "p(95)": 31002.3839634,
            "avg": 5597.609945886307,
            "min": 1000.327038,
            "med": 1002.759265,
            "max": 61026.838427,
            "p(90)": 31001.117684599998
        },
        "http_req_connecting": {
            "med": 0,
            "max": 19751.968625,
            "p(90)": 0,
            "p(95)": 0.23595369999999993,
            "avg": 233.3487978950237,
            "min": 0
        },
        "data_received": {
            "count": 9467707,
            "rate": 35121.67409267252
        },
        "http_req_duration": {
            "avg": 2288.000038243978,
            "min": 0,
            "med": 1.060516,
            "max": 60023.847053,
            "p(90)": 53.532718200000005,
            "p(95)": 4180.22137359967
        },
        "http_req_duration{expected_response:true}": {
            "med": 1.4137724999999999,
            "max": 55619.790512,
            "p(90)": 52.6988685,
            "p(95)": 55.223234,
            "avg": 787.9697023028583,
            "min": 0.219929
        },
        "http_req_tls_handshaking": {
            "avg": 0,
            "min": 0,
            "med": 0,
            "max": 0,
            "p(90)": 0,
            "p(95)": 0
        },
        "http_reqs": {
            "count": 39247,
            "rate": 145.59178300671093
        },
        "vus": {
            "value": 13,
            "min": 13,
            "max": 1000
        },
        "http_req_blocked": {
            "max": 19752.029491,
            "p(90)": 0.007317800000000003,
            "p(95)": 0.31265949999999976,
            "avg": 233.36129191099906,
            "min": 0,
            "med": 0.005042
        },
        "http_req_receiving": {
            "avg": 0.07336866371952051,
            "min": 0,
            "med": 0.063706,
            "max": 22.362775,
            "p(90)": 0.08899520000000001,
            "p(95)": 0.10415059999999994
        }
    }
}