{
    "root_group": {
        "id": "d41d8cd98f00b204e9800998ecf8427e",
        "groups": {},
        "checks": {
                "status 200": {
                    "name": "status 200",
                    "path": "::status 200",
                    "id": "fad9fa412b86fcb03bee97c80dcd61f1",
                    "passes": 189434,
                    "fails": 22340
                }
            },
        "name": "",
        "path": ""
    },
    "metrics": {
        "checks": {
            "fails": 22340,
            "passes": 189434,
            "value": 0.894510185386308
        },
        "http_req_sending": {
            "p(95)": 0.10810334999999999,
            "avg": 0.03868224872741707,
            "min": 0.005113,
            "med": 0.0158045,
            "max": 32.052287,
            "p(90)": 0.03897310000000004
        },
        "http_req_blocked": {
            "min": 0.001364,
            "med": 0.003884,
            "max": 62.777146,
            "p(90)": 0.005537,
            "p(95)": 0.007451,
            "avg": 0.014247063596097528
        },
        "iterations": {
            "count": 211774,
            "rate": 859.4775599162202
        },
        "http_req_receiving": {
            "p(95)": 0.2215932499999992,
            "avg": 0.08893343154022847,
            "min": 0.01312,
            "med": 0.051759,
            "max": 52.667434,
            "p(90)": 0.163913
        },
        "http_req_tls_handshaking": {
            "avg": 0,
            "min": 0,
            "med": 0,
            "max": 0,
            "p(90)": 0,
            "p(95)": 0
        },
        "vus": {
            "value": 173,
            "min": 17,
            "max": 2000
        },
        "data_sent": {
            "count": 25900005,
            "rate": 105114.28739702656
        },
        "http_req_connecting": {
            "max": 62.617658,
            "p(90)": 0,
            "p(95)": 0,
            "avg": 0.00789426043329208,
            "min": 0,
            "med": 0
        },
        "http_req_waiting": {
            "max": 6097.738207,
            "p(90)": 5377.8935995,
            "p(95)": 5391.61644945,
            "avg": 1002.600188865738,
            "min": 0.384619,
            "med": 1.241633
        },
        "http_req_duration": {
            "max": 6097.869869,
            "p(90)": 5378.0436819999995,
            "p(95)": 5391.7574319,
            "avg": 1002.7278045459946,
            "min": 0.443259,
            "med": 1.3341509999999999
        },
        "http_reqs": {
            "count": 211774,
            "rate": 859.4775599162202
        },
        "vus_max": {
            "value": 2000,
            "min": 2000,
            "max": 2000
        },
        "http_req_duration{expected_response:true}": {
            "p(90)": 5381.1182547,
            "p(95)": 5393.210869699999,
            "avg": 1118.8688034042918,
            "min": 0.493022,
            "med": 1.341056,
            "max": 6097.869869
        },
        "http_req_failed": {
            "passes": 22340,
            "fails": 189434,
            "value": 0.10548981461369196
        },
        "data_received": {
            "count": 63084736,
            "rate": 256027.25058429711
        },
        "iteration_duration": {
            "avg": 2003.509622380302,
            "min": 1000.603158,
            "med": 1002.026209,
            "max": 7099.01538,
            "p(90)": 6378.7562418,
            "p(95)": 6392.61420205
        }
    }
}