{
    "metrics": {
        "data_received": {
            "count": 6028623,
            "rate": 25012.203245432265
        },
        "http_req_waiting": {
            "avg": 16.75426046528714,
            "min": 0.447188,
            "med": 1.4137325,
            "max": 144.886671,
            "p(90)": 51.7386176,
            "p(95)": 52.29552415
        },
        "http_req_duration{expected_response:true}": {
            "med": 1.5078575,
            "max": 145.112601,
            "p(90)": 51.8509545,
            "p(95)": 52.414914950000004,
            "avg": 16.85828159911044,
            "min": 0.519587
        },
        "iterations": {
            "count": 20684,
            "rate": 85.81601668051245
        },
        "http_reqs": {
            "count": 20684,
            "rate": 85.81601668051245
        },
        "iteration_duration": {
            "min": 1000.678742,
            "med": 1002.3913675,
            "max": 1146.397884,
            "p(90)": 1052.7178208,
            "p(95)": 1053.2735057999998,
            "avg": 1017.6367718364904
        },
        "vus": {
            "value": 2,
            "min": 2,
            "max": 100
        },
        "http_req_blocked": {
            "p(95)": 0.006893549999999996,
            "avg": 0.009430249323148376,
            "min": 0.001761,
            "med": 0.004704,
            "max": 11.424474,
            "p(90)": 0.006028
        },
        "http_req_duration": {
            "avg": 16.85828159911044,
            "min": 0.519587,
            "med": 1.5078575,
            "max": 145.112601,
            "p(90)": 51.8509545,
            "p(95)": 52.414914950000004
        },
        "vus_max": {
            "value": 100,
            "min": 100,
            "max": 100
        },
        "http_req_receiving": {
            "p(95)": 0.10241654999999994,
            "avg": 0.07521906463933468,
            "min": 0.016519,
            "med": 0.06679299999999999,
            "max": 5.820908,
            "p(90)": 0.08913980000000002
        },
        "checks": {
            "fails": 0,
            "passes": 20684,
            "value": 1
        },
        "http_req_tls_handshaking": {
            "avg": 0,
            "min": 0,
            "med": 0,
            "max": 0,
            "p(90)": 0,
            "p(95)": 0
        },
        "http_req_failed": {
            "passes": 0,
            "fails": 20684,
            "value": 0
        },
        "data_sent": {
            "count": 2529678,
            "rate": 10495.4017329494
        },
        "http_req_connecting": {
            "avg": 0.002682109214852059,
            "min": 0,
            "med": 0,
            "max": 0.910315,
            "p(90)": 0,
            "p(95)": 0
        },
        "http_req_sending": {
            "p(90)": 0.0314619,
            "p(95)": 0.03903564999999999,
            "avg": 0.028802069183910213,
            "min": 0.00638,
            "med": 0.024885499999999998,
            "max": 15.83038
        }
    },
    "root_group": {
        "groups": {},
        "checks": {
                "status 200": {
                    "name": "status 200",
                    "path": "::status 200",
                    "id": "fad9fa412b86fcb03bee97c80dcd61f1",
                    "passes": 20684,
                    "fails": 0
                }
            },
        "name": "",
        "path": "",
        "id": "d41d8cd98f00b204e9800998ecf8427e"
    }
}