{
    "root_group": {
        "path": "",
        "id": "d41d8cd98f00b204e9800998ecf8427e",
        "groups": {},
        "checks": {
                "status 200": {
                    "path": "::status 200",
                    "id": "fad9fa412b86fcb03bee97c80dcd61f1",
                    "passes": 102595,
                    "fails": 0,
                    "name": "status 200"
                }
            },
        "name": ""
    },
    "metrics": {
        "checks": {
            "passes": 102595,
            "fails": 0,
            "value": 1
        },
        "http_req_waiting": {
            "avg": 24.74834262401675,
            "min": 0.450293,
            "med": 1.444709,
            "max": 5503.179253,
            "p(90)": 55.3928324,
            "p(95)": 68.29052989999997
        },
        "iteration_duration": {
            "max": 6504.107607,
            "p(90)": 1056.5768466,
            "p(95)": 1071.5346122,
            "avg": 1026.0691967007042,
            "min": 1000.661314,
            "med": 1002.425638
        },
        "data_sent": {
            "count": 12547336,
            "rate": 52054.20940965761
        },
        "http_req_failed": {
            "passes": 0,
            "fails": 102595,
            "value": 0
        },
        "http_req_blocked": {
            "avg": 0.012105145348213674,
            "min": 0.001397,
            "med": 0.004084,
            "max": 65.116664,
            "p(90)": 0.005479,
            "p(95)": 0.0063962999999999885
        },
        "vus": {
            "min": 8,
            "max": 500,
            "value": 103
        },
        "data_received": {
            "count": 29923114,
            "rate": 124139.82078307758
        },
        "iterations": {
            "count": 102595,
            "rate": 425.6283257564652
        },
        "http_req_duration": {
            "med": 1.535632,
            "max": 5503.234157,
            "p(90)": 55.52377880000002,
            "p(95)": 68.72141459999987,
            "avg": 24.92811224572361,
            "min": 0.484977
        },
        "http_req_connecting": {
            "p(95)": 0,
            "avg": 0.004212164501194015,
            "min": 0,
            "med": 0,
            "max": 22.009188,
            "p(90)": 0
        },
        "http_req_receiving": {
            "max": 131.347079,
            "p(90)": 0.0983942,
            "p(95)": 0.18010819999999983,
            "avg": 0.1077299123349096,
            "min": 0.014226,
            "med": 0.056614
        },
        "http_req_duration{expected_response:true}": {
            "avg": 24.92811224572361,
            "min": 0.484977,
            "med": 1.535632,
            "max": 5503.234157,
            "p(90)": 55.52377880000002,
            "p(95)": 68.72141459999987
        },
        "vus_max": {
            "min": 500,
            "max": 500,
            "value": 500
        },
        "http_reqs": {
            "count": 102595,
            "rate": 425.6283257564652
        },
        "http_req_tls_handshaking": {
            "p(95)": 0,
            "avg": 0,
            "min": 0,
            "med": 0,
            "max": 0,
            "p(90)": 0
        },
        "http_req_sending": {
            "max": 323.375518,
            "p(90)": 0.028923600000000004,
            "p(95)": 0.04253299999999988,
            "avg": 0.07203970937180162,
            "min": 0.005707,
            "med": 0.016861
        }
    }
}