{
    "metrics": {
        "http_req_duration": {
            "min": 0.467466,
            "med": 1.394771,
            "max": 6537.985737,
            "p(90)": 5377.8764382,
            "p(95)": 5391.2330903,
            "avg": 1011.5439617017971
        },
        "http_req_receiving": {
            "min": 0.012492,
            "med": 0.051331,
            "max": 275.966495,
            "p(90)": 0.17304160000000002,
            "p(95)": 0.2457863999999999,
            "avg": 0.10370177996536045
        },
        "http_req_blocked": {
            "min": 0.001379,
            "med": 0.003868,
            "max": 57.969263,
            "p(90)": 0.005595,
            "p(95)": 0.007925299999999988,
            "avg": 0.014899511590385921
        },
        "http_req_duration{expected_response:true}": {
            "avg": 1125.083591582185,
            "min": 0.489083,
            "med": 1.400862,
            "max": 6537.985737,
            "p(90)": 5380.878247,
            "p(95)": 5392.7548665
        },
        "http_req_connecting": {
            "avg": 0.007696798211023329,
            "min": 0,
            "med": 0,
            "max": 57.522858,
            "p(90)": 0,
            "p(95)": 0
        },
        "http_reqs": {
            "rate": 855.2901389204719,
            "count": 210735
        },
        "http_req_failed": {
            "passes": 21764,
            "fails": 188971,
            "value": 0.10327662704344319
        },
        "data_received": {
            "count": 62776635,
            "rate": 254785.56893781177
        },
        "data_sent": {
            "count": 25772966,
            "rate": 104602.29041465632
        },
        "checks": {
            "passes": 188971,
            "fails": 21764,
            "value": 0.8967233729565568
        },
        "iterations": {
            "count": 210735,
            "rate": 855.2901389204719
        },
        "http_req_waiting": {
            "avg": 1011.1704273563814,
            "min": 0.413636,
            "med": 1.29109,
            "max": 6537.928975,
            "p(90)": 5377.6845466,
            "p(95)": 5391.0151172
        },
        "vus_max": {
            "value": 2000,
            "min": 2000,
            "max": 2000
        },
        "iteration_duration": {
            "min": 1000.617138,
            "med": 1002.1751,
            "max": 7540.270377,
            "p(90)": 6378.700349199999,
            "p(95)": 6392.1175199,
            "avg": 2013.3171664186007
        },
        "http_req_sending": {
            "med": 0.016178,
            "max": 418.510321,
            "p(90)": 0.06873540000000003,
            "p(95)": 0.1750536999999993,
            "avg": 0.26983256545424483,
            "min": 0.00535
        },
        "vus": {
            "value": 162,
            "min": 18,
            "max": 2000
        },
        "http_req_tls_handshaking": {
            "avg": 0,
            "min": 0,
            "med": 0,
            "max": 0,
            "p(90)": 0,
            "p(95)": 0
        }
    },
    "root_group": {
        "groups": {},
        "checks": {
                "status 200": {
                    "name": "status 200",
                    "path": "::status 200",
                    "id": "fad9fa412b86fcb03bee97c80dcd61f1",
                    "passes": 188971,
                    "fails": 21764
                }
            },
        "name": "",
        "path": "",
        "id": "d41d8cd98f00b204e9800998ecf8427e"
    }
}