{
    "metrics": {
        "http_req_sending": {
            "avg": 0.02678349584420606,
            "min": 0.006524,
            "med": 0.024769,
            "max": 15.007342,
            "p(90)": 0.03152,
            "p(95)": 0.03944904999999999
        },
        "iteration_duration": {
            "avg": 1017.3812763705861,
            "min": 1000.33127,
            "med": 1001.4880845,
            "max": 1117.025869,
            "p(90)": 1052.9569817000001,
            "p(95)": 1054.6837582
        },
        "vus_max": {
            "value": 100,
            "min": 100,
            "max": 100
        },
        "http_req_receiving": {
            "avg": 0.07048248646950796,
            "min": 0.016881,
            "med": 0.064108,
            "max": 11.864312,
            "p(90)": 0.0862984,
            "p(95)": 0.09578235
        },
        "vus": {
            "value": 6,
            "min": 2,
            "max": 100
        },
        "http_req_blocked": {
            "min": 0.001628,
            "med": 0.004836,
            "max": 3.182373,
            "p(90)": 0.0061527000000000005,
            "p(95)": 0.0073077999999999884,
            "avg": 0.010016652363003696
        },
        "http_req_duration": {
            "med": 0.4833655,
            "max": 115.020034,
            "p(90)": 52.206295399999995,
            "p(95)": 53.84307229999999,
            "avg": 16.60130829800913,
            "min": 0.189717
        },
        "iterations": {
            "count": 20694,
            "rate": 85.85091446015365
        },
        "http_req_connecting": {
            "p(95)": 0,
            "avg": 0.0038267425823910323,
            "min": 0,
            "med": 0,
            "max": 3.08691,
            "p(90)": 0
        },
        "http_req_failed": {
            "passes": 0,
            "fails": 20694,
            "value": 0
        },
        "checks": {
            "passes": 20694,
            "fails": 0,
            "value": 1
        },
        "data_sent": {
            "count": 1765256,
            "rate": 7323.322791933555
        },
        "data_received": {
            "count": 6042693,
            "rate": 25068.653708899645
        },
        "http_req_duration{expected_response:true}": {
            "avg": 16.60130829800913,
            "min": 0.189717,
            "med": 0.4833655,
            "max": 115.020034,
            "p(90)": 52.206295399999995,
            "p(95)": 53.84307229999999
        },
        "http_reqs": {
            "count": 20694,
            "rate": 85.85091446015365
        },
        "http_req_waiting": {
            "avg": 16.50404231569536,
            "min": 0.141957,
            "med": 0.39213200000000004,
            "max": 112.188326,
            "p(90)": 52.109641,
            "p(95)": 53.74372049999998
        },
        "http_req_tls_handshaking": {
            "p(95)": 0,
            "avg": 0,
            "min": 0,
            "med": 0,
            "max": 0,
            "p(90)": 0
        }
    },
    "root_group": {
        "name": "",
        "path": "",
        "id": "d41d8cd98f00b204e9800998ecf8427e",
        "groups": {},
        "checks": {
                "status 200": {
                    "path": "::status 200",
                    "id": "fad9fa412b86fcb03bee97c80dcd61f1",
                    "passes": 20694,
                    "fails": 0,
                    "name": "status 200"
                }
            }
    }
}