{
    "root_group": {
        "checks": {
            "status 200": {
                "path": "::status 200",
                "id": "fad9fa412b86fcb03bee97c80dcd61f1",
                "passes": 34652,
                "fails": 786,
                "name": "status 200"
            }
        },
        "name": "",
        "path": "",
        "id": "d41d8cd98f00b204e9800998ecf8427e",
        "groups": {}
    },
    "metrics": {
        "http_req_receiving": {
            "min": 0,
            "med": 0.065208,
            "max": 20.528458,
            "p(90)": 0.08878029999999999,
            "p(95)": 0.10253690000000004,
            "avg": 0.07462108581184092
        },
        "http_reqs": {
            "rate": 138.72056740707447,
            "count": 35438
        },
        "http_req_duration{expected_response:true}": {
            "min": 0.263293,
            "med": 1.373224,
            "max": 59999.408785,
            "p(90)": 52.5841581,
            "p(95)": 54.63225679999999,
            "avg": 878.652110920409
        },
        "checks": {
            "passes": 34652,
            "fails": 786,
            "value": 0.9778204187595236
        },
        "vus": {
            "value": 50,
            "min": 8,
            "max": 500
        },
        "http_req_connecting": {
            "avg": 24.596845242818443,
            "min": 0,
            "med": 0,
            "max": 19748.841029,
            "p(90)": 0,
            "p(95)": 0
        },
        "http_req_failed": {
            "fails": 34652,
            "passes": 786,
            "value": 0.022179581240476323
        },
        "http_req_sending": {
            "avg": 0.029867273040239305,
            "min": 0,
            "med": 0.0234885,
            "max": 26.766833,
            "p(90)": 0.036298199999999996,
            "p(95)": 0.0471703
        },
        "http_req_duration": {
            "avg": 1869.8697611272707,
            "min": 0,
            "med": 1.4578125,
            "max": 60001.213543,
            "p(90)": 52.902601,
            "p(95)": 56.59518570000001
        },
        "http_req_blocked": {
            "med": 0.004896,
            "max": 19748.939992,
            "p(90)": 0.006553,
            "p(95)": 0.018732800000000105,
            "avg": 24.60566115452339,
            "min": 0
        },
        "iterations": {
            "count": 35438,
            "rate": 138.72056740707447
        },
        "iteration_duration": {
            "avg": 3054.4202323287127,
            "min": 1000.398983,
            "med": 1002.2394744999999,
            "max": 61016.461397,
            "p(90)": 1054.0134818,
            "p(95)": 1059.5919195
        },
        "http_req_tls_handshaking": {
            "med": 0,
            "max": 0,
            "p(90)": 0,
            "p(95)": 0,
            "avg": 0,
            "min": 0
        },
        "data_sent": {
            "rate": 11770.153214708935,
            "count": 3006841
        },
        "data_received": {
            "count": 9258366,
            "rate": 36241.48611045675
        },
        "vus_max": {
            "value": 500,
            "min": 500,
            "max": 500
        },
        "http_req_waiting": {
            "med": 1.3502635,
            "max": 60001.172545,
            "p(90)": 52.7997118,
            "p(95)": 56.47760045000002,
            "avg": 1869.765272768413,
            "min": 0
        }
    }
}