{
    "metrics": {
        "http_req_sending": {
            "avg": 0.03644142275526729,
            "min": 0,
            "med": 0.020924,
            "max": 20.904695,
            "p(90)": 0.0397782,
            "p(95)": 0.08754429999999999
        },
        "http_reqs": {
            "count": 46275,
            "rate": 171.38588111618677
        },
        "http_req_blocked": {
            "avg": 280.49575828918427,
            "min": 0,
            "med": 0.004832,
            "max": 19752.217607,
            "p(90)": 0.007244599999999999,
            "p(95)": 0.35074909999999876
        },
        "http_req_failed": {
            "passes": 10586,
            "fails": 35689,
            "value": 0.22876283090221503
        },
        "data_received": {
            "count": 9529468,
            "rate": 35293.70653157226
        },
        "iterations": {
            "count": 46229,
            "rate": 171.21551373571472
        },
        "http_req_duration": {
            "p(95)": 7680.891991899995,
            "avg": 2428.384701038369,
            "min": 0,
            "med": 0.551691,
            "max": 60001.621403,
            "p(90)": 53.3959048
        },
        "http_req_tls_handshaking": {
            "avg": 0,
            "min": 0,
            "med": 0,
            "max": 0,
            "p(90)": 0,
            "p(95)": 0
        },
        "vus_max": {
            "value": 2000,
            "min": 2000,
            "max": 2000
        },
        "iteration_duration": {
            "avg": 9565.496162404339,
            "min": 1000.357915,
            "med": 1004.849488,
            "max": 61011.354107,
            "p(90)": 31001.8698272,
            "p(95)": 31002.6625304
        },
        "http_req_receiving": {
            "p(90)": 0.08690319999999999,
            "p(95)": 0.10074709999999992,
            "avg": 0.060791025953538316,
            "min": 0,
            "med": 0.059973,
            "max": 31.173322
        },
        "checks": {
            "passes": 35689,
            "fails": 10586,
            "value": 0.771237169097785
        },
        "http_req_duration{expected_response:true}": {
            "avg": 847.3581230769994,
            "min": 0.22915,
            "med": 1.500645,
            "max": 58997.819835,
            "p(90)": 52.875092,
            "p(95)": 55.7762242
        },
        "http_req_connecting": {
            "med": 0,
            "max": 19752.178268,
            "p(90)": 0,
            "p(95)": 0.26990419999999876,
            "avg": 280.48736304717477,
            "min": 0
        },
        "vus": {
            "value": 55,
            "min": 18,
            "max": 2000
        },
        "http_req_waiting": {
            "p(95)": 7680.392833499996,
            "avg": 2428.2874685896636,
            "min": 0,
            "med": 0.451927,
            "max": 60001.513512,
            "p(90)": 53.2958238
        },
        "data_sent": {
            "count": 3170263,
            "rate": 11741.50875472816
        }
    },
    "root_group": {
        "checks": {
            "status 200": {
                "name": "status 200",
                "path": "::status 200",
                "id": "fad9fa412b86fcb03bee97c80dcd61f1",
                "passes": 35689,
                "fails": 10586
            }
        },
        "name": "",
        "path": "",
        "id": "d41d8cd98f00b204e9800998ecf8427e",
        "groups": {}
    }
}