{
    "metrics": {
        "http_req_connecting": {
            "p(95)": 0.31602664999999996,
            "avg": 279.1706942588757,
            "min": 0,
            "med": 0,
            "max": 19751.766212,
            "p(90)": 0
        },
        "http_req_tls_handshaking": {
            "min": 0,
            "med": 0,
            "max": 0,
            "p(90)": 0,
            "p(95)": 0,
            "avg": 0
        },
        "http_req_blocked": {
            "max": 19751.822578,
            "p(90)": 0.007161700000000004,
            "p(95)": 0.39295319999999956,
            "avg": 279.1788290023434,
            "min": 0,
            "med": 0.004686
        },
        "iterations": {
            "rate": 170.5757489397117,
            "count": 46056
        },
        "data_sent": {
            "count": 3166290,
            "rate": 11726.86052002605
        },
        "data_received": {
            "count": 9495141,
            "rate": 35166.77061323526
        },
        "http_req_receiving": {
            "p(90)": 0.08747760000000003,
            "p(95)": 0.11113069999999992,
            "avg": 0.06056380861036354,
            "min": 0,
            "med": 0.05963,
            "max": 11.230907
        },
        "iteration_duration": {
            "avg": 9629.842929752853,
            "min": 1000.41805,
            "med": 1005.7875664999999,
            "max": 61019.313445,
            "p(90)": 31001.895185,
            "p(95)": 31005.993065000002
        },
        "http_req_duration": {
            "avg": 2539.883454991088,
            "min": 0,
            "med": 0.691816,
            "max": 60018.474186,
            "p(90)": 53.6594645,
            "p(95)": 10040.833056449985
        },
        "http_req_failed": {
            "passes": 10534,
            "fails": 35550,
            "value": 0.22858258831698638
        },
        "vus_max": {
            "min": 2000,
            "max": 2000,
            "value": 2000
        },
        "vus": {
            "value": 54,
            "min": 17,
            "max": 2000
        },
        "checks": {
            "passes": 35550,
            "fails": 10534,
            "value": 0.7714174116830136
        },
        "http_req_duration{expected_response:true}": {
            "avg": 824.1277320676796,
            "min": 0.283344,
            "med": 1.7528845,
            "max": 58566.546907,
            "p(90)": 53.0148693,
            "p(95)": 56.562162799999996
        },
        "http_req_sending": {
            "avg": 0.036498145343286166,
            "min": 0,
            "med": 0.021163,
            "max": 9.971428,
            "p(90)": 0.039960400000000014,
            "p(95)": 0.08837394999999994
        },
        "http_reqs": {
            "count": 46084,
            "rate": 170.67945140997207
        },
        "http_req_waiting": {
            "med": 0.5850740000000001,
            "max": 60018.377541,
            "p(90)": 53.5402194,
            "p(95)": 10040.695887099984,
            "avg": 2539.7863930371286,
            "min": 0
        }
    },
    "root_group": {
        "id": "d41d8cd98f00b204e9800998ecf8427e",
        "groups": {},
        "checks": {
                "status 200": {
                    "name": "status 200",
                    "path": "::status 200",
                    "id": "fad9fa412b86fcb03bee97c80dcd61f1",
                    "passes": 35550,
                    "fails": 10534
                }
            },
        "name": "",
        "path": ""
    }
}