{
    "root_group": {
        "path": "",
        "id": "d41d8cd98f00b204e9800998ecf8427e",
        "groups": {},
        "checks": {
                "status 200": {
                    "path": "::status 200",
                    "id": "fad9fa412b86fcb03bee97c80dcd61f1",
                    "passes": 35436,
                    "fails": 3779,
                    "name": "status 200"
                }
            },
        "name": ""
    },
    "metrics": {
        "data_received": {
            "count": 9483506,
            "rate": 35243.65139299155
        },
        "http_req_waiting": {
            "avg": 2339.390012082285,
            "min": 0,
            "med": 1.017228,
            "max": 60001.836931,
            "p(90)": 53.3007526,
            "p(95)": 5467.187681499912
        },
        "http_req_blocked": {
            "avg": 249.11264489998703,
            "min": 0,
            "med": 0.005092,
            "max": 19752.604129,
            "p(90)": 0.007567599999999999,
            "p(95)": 0.30739389999999994
        },
        "checks": {
            "passes": 35436,
            "fails": 3779,
            "value": 0.9036338135917379
        },
        "http_req_duration{expected_response:true}": {
            "max": 55730.592687,
            "p(90)": 52.622636,
            "p(95)": 54.895764,
            "avg": 785.3865363774988,
            "min": 0.22819,
            "med": 1.4206225
        },
        "http_req_tls_handshaking": {
            "max": 0,
            "p(90)": 0,
            "p(95)": 0,
            "avg": 0,
            "min": 0,
            "med": 0
        },
        "http_req_failed": {
            "passes": 3779,
            "fails": 35436,
            "value": 0.09636618640826214
        },
        "http_req_duration": {
            "med": 1.133739,
            "max": 60001.891276,
            "p(90)": 53.4119446,
            "p(95)": 5467.382477899912,
            "avg": 2339.504129541666,
            "min": 0
        },
        "http_reqs": {
            "count": 39215,
            "rate": 145.73510992413182
        },
        "iterations": {
            "count": 39215,
            "rate": 145.73510992413182
        },
        "data_sent": {
            "count": 3120507,
            "rate": 11596.772425450028
        },
        "http_req_connecting": {
            "min": 0,
            "med": 0,
            "max": 19752.534668,
            "p(90)": 0,
            "p(95)": 0.23629509999999812,
            "avg": 249.10089258429142
        },
        "iteration_duration": {
            "p(95)": 31002.312533,
            "avg": 5601.515032790214,
            "min": 1000.36291,
            "med": 1002.738556,
            "max": 61095.14462,
            "p(90)": 31001.0729674
        },
        "http_req_sending": {
            "avg": 0.03733991712354974,
            "min": 0,
            "med": 0.022717,
            "max": 91.757846,
            "p(90)": 0.04029619999999999,
            "p(95)": 0.0680950999999997
        },
        "http_req_receiving": {
            "p(95)": 0.11122899999999987,
            "avg": 0.0767775422669901,
            "min": 0,
            "med": 0.064499,
            "max": 59.633776,
            "p(90)": 0.09057359999999999
        },
        "vus_max": {
            "value": 1000,
            "min": 1000,
            "max": 1000
        },
        "vus": {
            "value": 1,
            "min": 1,
            "max": 1000
        }
    }
}