{
    "root_group": {
        "name": "",
        "path": "",
        "id": "d41d8cd98f00b204e9800998ecf8427e",
        "groups": {},
        "checks": {
                "status 200": {
                    "name": "status 200",
                    "path": "::status 200",
                    "id": "fad9fa412b86fcb03bee97c80dcd61f1",
                    "passes": 35420,
                    "fails": 3850
                }
            }
    },
    "metrics": {
        "vus_max": {
            "value": 1000,
            "min": 1000,
            "max": 1000
        },
        "iterations": {
            "count": 39270,
            "rate": 145.60925654673952
        },
        "http_req_blocked": {
            "min": 0,
            "med": 0.005074,
            "max": 19751.022856,
            "p(90)": 0.007447199999999997,
            "p(95)": 0.3009956499999987,
            "avg": 232.07431389439716
        },
        "http_reqs": {
            "count": 39270,
            "rate": 145.60925654673952
        },
        "checks": {
            "fails": 3850,
            "passes": 35420,
            "value": 0.9019607843137255
        },
        "http_req_duration": {
            "p(90)": 53.5650425,
            "p(95)": 3088.0133558498383,
            "avg": 2254.67246431811,
            "min": 0,
            "med": 1.223428,
            "max": 60006.740152
        },
        "data_sent": {
            "count": 3114588,
            "rate": 11548.582712742456
        },
        "http_req_receiving": {
            "avg": 0.07825215811051725,
            "min": 0,
            "med": 0.0648505,
            "max": 74.801703,
            "p(90)": 0.09109759999999999,
            "p(95)": 0.109421
        },
        "http_req_failed": {
            "passes": 3850,
            "fails": 35420,
            "value": 0.09803921568627451
        },
        "vus": {
            "value": 20,
            "min": 13,
            "max": 1000
        },
        "http_req_connecting": {
            "avg": 232.06121981930204,
            "min": 0,
            "med": 0,
            "max": 19750.933551,
            "p(90)": 0,
            "p(95)": 0.22975494999999865
        },
        "http_req_waiting": {
            "max": 60006.702226,
            "p(90)": 53.4385225,
            "p(95)": 3087.8739635498378,
            "avg": 2254.554213071031,
            "min": 0,
            "med": 1.1066880000000001
        },
        "http_req_sending": {
            "avg": 0.03999908897377155,
            "min": 0,
            "med": 0.022865499999999997,
            "max": 67.374677,
            "p(90)": 0.040307499999999996,
            "p(95)": 0.0699655499999999
        },
        "iteration_duration": {
            "avg": 5593.851523614864,
            "min": 1000.383211,
            "med": 1002.806257,
            "max": 61023.005551,
            "p(90)": 31001.091711,
            "p(95)": 31002.30080585
        },
        "http_req_tls_handshaking": {
            "p(95)": 0,
            "avg": 0,
            "min": 0,
            "med": 0,
            "max": 0,
            "p(90)": 0
        },
        "http_req_duration{expected_response:true}": {
            "avg": 778.958844766997,
            "min": 0.221654,
            "med": 1.52283,
            "max": 55668.288825,
            "p(90)": 52.751127100000005,
            "p(95)": 55.43638184999999
        },
        "data_received": {
            "rate": 35082.35714173222,
            "count": 9461515
        }
    }
}