{
    "metrics": {
        "data_sent": {
            "count": 1765319,
            "rate": 7324.278949346198
        },
        "iterations": {
            "count": 20695,
            "rate": 85.86320821150147
        },
        "vus": {
            "value": 4,
            "min": 2,
            "max": 100
        },
        "http_req_blocked": {
            "med": 0.004933,
            "max": 11.666968,
            "p(90)": 0.006351200000000004,
            "p(95)": 0.007984499999999997,
            "avg": 0.012844138197632231,
            "min": 0.001862
        },
        "iteration_duration": {
            "avg": 1017.1191412806486,
            "min": 1000.43908,
            "med": 1001.877698,
            "max": 1103.066011,
            "p(90)": 1052.2709102000001,
            "p(95)": 1053.2559824
        },
        "http_req_duration{expected_response:true}": {
            "avg": 16.297802461850676,
            "min": 0.288069,
            "med": 0.807141,
            "max": 101.680495,
            "p(90)": 51.429905000000005,
            "p(95)": 52.4430229
        },
        "http_req_waiting": {
            "med": 0.693263,
            "max": 101.564429,
            "p(90)": 51.3088778,
            "p(95)": 52.3285421,
            "avg": 16.19040048059923,
            "min": 0.251153
        },
        "http_req_connecting": {
            "max": 11.474265,
            "p(90)": 0,
            "p(95)": 0,
            "avg": 0.00564351050978497,
            "min": 0,
            "med": 0
        },
        "data_received": {
            "count": 5525501,
            "rate": 22925.211057543347
        },
        "http_req_failed": {
            "passes": 0,
            "fails": 20695,
            "value": 0
        },
        "checks": {
            "passes": 20695,
            "fails": 0,
            "value": 1
        },
        "http_reqs": {
            "count": 20695,
            "rate": 85.86320821150147
        },
        "http_req_receiving": {
            "avg": 0.07824872814689508,
            "min": 0.016884,
            "med": 0.069957,
            "max": 5.962145,
            "p(90)": 0.09335700000000002,
            "p(95)": 0.12161419999999984
        },
        "http_req_tls_handshaking": {
            "avg": 0,
            "min": 0,
            "med": 0,
            "max": 0,
            "p(90)": 0,
            "p(95)": 0
        },
        "vus_max": {
            "min": 100,
            "max": 100,
            "value": 100
        },
        "http_req_duration": {
            "max": 101.680495,
            "p(90)": 51.429905000000005,
            "p(95)": 52.4430229,
            "avg": 16.297802461850676,
            "min": 0.288069,
            "med": 0.807141
        },
        "http_req_sending": {
            "min": 0.007147,
            "med": 0.026344,
            "max": 7.230068,
            "p(90)": 0.0340572,
            "p(95)": 0.04217159999999998,
            "avg": 0.029153253104614637
        }
    },
    "root_group": {
        "name": "",
        "path": "",
        "id": "d41d8cd98f00b204e9800998ecf8427e",
        "groups": {},
        "checks": {
                "status 200": {
                    "id": "fad9fa412b86fcb03bee97c80dcd61f1",
                    "passes": 20695,
                    "fails": 0,
                    "name": "status 200",
                    "path": "::status 200"
                }
            }
    }
}