{
    "metrics": {
        "http_req_receiving": {
            "med": 0.056971,
            "max": 16.607836,
            "p(90)": 0.0808668,
            "p(95)": 0.09154940000000002,
            "avg": 0.058540870622146565,
            "min": 0
        },
        "data_sent": {
            "count": 3114000,
            "rate": 11546.613863369732
        },
        "http_req_duration": {
            "p(90)": 53.6226646,
            "p(95)": 4442.061980900023,
            "avg": 2302.172950736647,
            "min": 0,
            "med": 1.104971,
            "max": 60007.040031
        },
        "http_req_tls_handshaking": {
            "min": 0,
            "med": 0,
            "max": 0,
            "p(90)": 0,
            "p(95)": 0,
            "avg": 0
        },
        "vus": {
            "value": 12,
            "min": 12,
            "max": 1000
        },
        "iterations": {
            "count": 39203,
            "rate": 145.36348853104803
        },
        "checks": {
            "passes": 35393,
            "fails": 3810,
            "value": 0.9028135601867204
        },
        "data_received": {
            "count": 9453907,
            "rate": 35054.78921939889
        },
        "iteration_duration": {
            "p(90)": 31000.9979776,
            "p(95)": 31002.1359447,
            "avg": 5606.932100980739,
            "min": 1000.313425,
            "med": 1002.674789,
            "max": 61017.307478
        },
        "http_reqs": {
            "count": 39203,
            "rate": 145.36348853104803
        },
        "http_req_sending": {
            "min": 0,
            "med": 0.020735,
            "max": 13.126094,
            "p(90)": 0.034630400000000026,
            "p(95)": 0.054061800000000035,
            "avg": 0.02911785396525733
        },
        "http_req_connecting": {
            "p(90)": 0,
            "p(95)": 0.22416790000000025,
            "avg": 240.0948739075074,
            "min": 0,
            "med": 0,
            "max": 19751.791425
        },
        "vus_max": {
            "max": 1000,
            "value": 1000,
            "min": 1000
        },
        "http_req_duration{expected_response:true}": {
            "p(90)": 52.772899800000005,
            "p(95)": 55.578717600000004,
            "avg": 797.5970836916904,
            "min": 0.21917,
            "med": 1.461517,
            "max": 55032.645386
        },
        "http_req_waiting": {
            "med": 1.019368,
            "max": 60006.994466,
            "p(90)": 53.5321754,
            "p(95)": 4441.895488000022,
            "avg": 2302.08529201207,
            "min": 0
        },
        "http_req_blocked": {
            "avg": 240.10303058954602,
            "min": 0,
            "med": 0.004633,
            "max": 19751.842799,
            "p(90)": 0.006758,
            "p(95)": 0.2899634000000004
        },
        "http_req_failed": {
            "fails": 35393,
            "passes": 3810,
            "value": 0.0971864398132796
        }
    },
    "root_group": {
        "id": "d41d8cd98f00b204e9800998ecf8427e",
        "groups": {},
        "checks": {
                "status 200": {
                    "path": "::status 200",
                    "id": "fad9fa412b86fcb03bee97c80dcd61f1",
                    "passes": 35393,
                    "fails": 3810,
                    "name": "status 200"
                }
            },
        "name": "",
        "path": ""
    }
}