{
    "root_group": {
        "groups": {},
        "checks": {
                "status 200": {
                    "id": "fad9fa412b86fcb03bee97c80dcd61f1",
                    "passes": 20696,
                    "fails": 0,
                    "name": "status 200",
                    "path": "::status 200"
                }
            },
        "name": "",
        "path": "",
        "id": "d41d8cd98f00b204e9800998ecf8427e"
    },
    "metrics": {
        "data_received": {
            "count": 5518851,
            "rate": 22899.583906211003
        },
        "checks": {
            "fails": 0,
            "passes": 20696,
            "value": 1
        },
        "vus_max": {
            "value": 100,
            "min": 100,
            "max": 100
        },
        "iteration_duration": {
            "avg": 1017.1471180808875,
            "min": 1000.420993,
            "med": 1001.799617,
            "max": 1073.425554,
            "p(90)": 1052.176519,
            "p(95)": 1053.1322572499998
        },
        "http_req_sending": {
            "avg": 0.02815908948589111,
            "min": 0.007194,
            "med": 0.026925499999999998,
            "max": 5.488096,
            "p(90)": 0.035473000000000005,
            "p(95)": 0.043442499999999995
        },
        "http_req_waiting": {
            "avg": 16.262941055421305,
            "min": 0.234784,
            "med": 0.6198135,
            "max": 71.861054,
            "p(90)": 51.2481025,
            "p(95)": 52.2197895
        },
        "http_req_duration": {
            "avg": 16.363627163509758,
            "min": 0.295551,
            "med": 0.7204055,
            "max": 71.918507,
            "p(90)": 51.3525905,
            "p(95)": 52.32278175
        },
        "http_req_receiving": {
            "med": 0.069525,
            "max": 0.794704,
            "p(90)": 0.0899835,
            "p(95)": 0.10118250000000001,
            "avg": 0.0725270186026283,
            "min": 0.014726
        },
        "vus": {
            "value": 3,
            "min": 2,
            "max": 100
        },
        "data_sent": {
            "count": 1765495,
            "rate": 7325.63732713494
        },
        "iterations": {
            "count": 20696,
            "rate": 85.87472075671963
        },
        "http_reqs": {
            "count": 20696,
            "rate": 85.87472075671963
        },
        "http_req_duration{expected_response:true}": {
            "max": 71.918507,
            "p(90)": 51.3525905,
            "p(95)": 52.32278175,
            "avg": 16.363627163509758,
            "min": 0.295551,
            "med": 0.7204055
        },
        "http_req_connecting": {
            "med": 0,
            "max": 9.409869,
            "p(90)": 0,
            "p(95)": 0,
            "avg": 0.00498517597603402,
            "min": 0
        },
        "http_req_blocked": {
            "max": 9.487889,
            "p(90)": 0.0064165,
            "p(95)": 0.008184750000000001,
            "avg": 0.01188054865674526,
            "min": 0.001647,
            "med": 0.005019
        },
        "http_req_tls_handshaking": {
            "max": 0,
            "p(90)": 0,
            "p(95)": 0,
            "avg": 0,
            "min": 0,
            "med": 0
        },
        "http_req_failed": {
            "passes": 0,
            "fails": 20696,
            "value": 0
        }
    }
}