{
    "root_group": {
        "id": "d41d8cd98f00b204e9800998ecf8427e",
        "groups": {},
        "checks": {
                "status 200": {
                    "path": "::status 200",
                    "id": "fad9fa412b86fcb03bee97c80dcd61f1",
                    "passes": 35390,
                    "fails": 3788,
                    "name": "status 200"
                }
            },
        "name": "",
        "path": ""
    },
    "metrics": {
        "http_req_connecting": {
            "avg": 241.0792078937927,
            "min": 0,
            "med": 0,
            "max": 19752.056993,
            "p(90)": 0,
            "p(95)": 0.27562965000000006
        },
        "data_sent": {
            "count": 3114154,
            "rate": 11534.70080505889
        },
        "http_req_blocked": {
            "max": 19752.130194,
            "p(90)": 0.007276,
            "p(95)": 0.35503455000000017,
            "avg": 241.0904583839908,
            "min": 0,
            "med": 0.004945
        },
        "data_received": {
            "count": 9453431,
            "rate": 35015.1271151872
        },
        "http_req_receiving": {
            "avg": 0.09069769388432347,
            "min": 0,
            "med": 0.068185,
            "max": 27.825674,
            "p(90)": 0.10515880000000004,
            "p(95)": 0.20552900000000013
        },
        "vus_max": {
            "value": 1000,
            "min": 1000,
            "max": 1000
        },
        "http_req_waiting": {
            "max": 60024.604379,
            "p(90)": 53.6939254,
            "p(95)": 5485.94476065,
            "avg": 2340.381229481348,
            "min": 0,
            "med": 1.3106494999999998
        },
        "http_req_sending": {
            "min": 0,
            "med": 0.0230145,
            "max": 47.834078,
            "p(90)": 0.04198290000000004,
            "p(95)": 0.07435075000000001,
            "avg": 0.04065764564296297
        },
        "iterations": {
            "count": 39178,
            "rate": 145.11373173600188
        },
        "http_reqs": {
            "count": 39178,
            "rate": 145.11373173600188
        },
        "http_req_duration{expected_response:true}": {
            "max": 55488.620419,
            "p(90)": 52.9492155,
            "p(95)": 56.08260789999999,
            "avg": 834.3370033432041,
            "min": 0.25506,
            "med": 1.6426895
        },
        "checks": {
            "fails": 3788,
            "passes": 35390,
            "value": 0.9033130838736025
        },
        "vus": {
            "value": 11,
            "min": 11,
            "max": 1000
        },
        "iteration_duration": {
            "avg": 5627.06654939898,
            "min": 1000.369986,
            "med": 1003.012113,
            "max": 61044.024273,
            "p(90)": 31001.073851999998,
            "p(95)": 31002.3439453
        },
        "http_req_failed": {
            "passes": 3788,
            "fails": 35390,
            "value": 0.09668691612639747
        },
        "http_req_duration": {
            "avg": 2340.5125848208622,
            "min": 0,
            "med": 1.438996,
            "max": 60034.102854,
            "p(90)": 53.8353674,
            "p(95)": 5486.0688362
        },
        "http_req_tls_handshaking": {
            "p(90)": 0,
            "p(95)": 0,
            "avg": 0,
            "min": 0,
            "med": 0,
            "max": 0
        }
    }
}