{
    "metrics": {
        "data_sent": {
            "count": 3007750,
            "rate": 11773.589187892481
        },
        "http_req_connecting": {
            "med": 0,
            "max": 19729.737139,
            "p(90)": 0,
            "p(95)": 0,
            "avg": 23.01837600524713,
            "min": 0
        },
        "checks": {
            "passes": 34663,
            "fails": 785,
            "value": 0.9778548860302415
        },
        "vus_max": {
            "value": 500,
            "min": 500,
            "max": 500
        },
        "http_req_blocked": {
            "p(95)": 0.017530700000000055,
            "avg": 23.026798744922147,
            "min": 0,
            "med": 0.004843,
            "max": 19729.830986,
            "p(90)": 0.006449
        },
        "http_req_sending": {
            "avg": 0.02749750033852398,
            "min": 0,
            "med": 0.023434,
            "max": 12.656502,
            "p(90)": 0.0349976,
            "p(95)": 0.044883550000000015
        },
        "http_req_receiving": {
            "max": 17.549296,
            "p(90)": 0.0870036,
            "p(95)": 0.09899755000000002,
            "avg": 0.07183560987925972,
            "min": 0,
            "med": 0.063968
        },
        "http_req_failed": {
            "passes": 785,
            "fails": 34663,
            "value": 0.02214511396975852
        },
        "vus": {
            "value": 50,
            "min": 8,
            "max": 500
        },
        "http_req_duration{expected_response:true}": {
            "avg": 881.5867636506064,
            "min": 0.265082,
            "med": 1.394868,
            "max": 59987.534215,
            "p(90)": 52.4805034,
            "p(95)": 54.3290657
        },
        "data_received": {
            "count": 9256670,
            "rate": 36234.470892823105
        },
        "iteration_duration": {
            "min": 1000.39196,
            "med": 1002.2224464999999,
            "max": 61013.609983,
            "p(90)": 1053.8551493999998,
            "p(95)": 1058.4318844499999,
            "avg": 3053.8303803707227
        },
        "http_req_waiting": {
            "avg": 1870.8101852413845,
            "min": 0,
            "med": 1.382576,
            "max": 60001.012056,
            "p(90)": 52.6749435,
            "p(95)": 55.813243400000005
        },
        "iterations": {
            "count": 35448,
            "rate": 138.75827097744582
        },
        "http_reqs": {
            "count": 35448,
            "rate": 138.75827097744582
        },
        "http_req_duration": {
            "avg": 1870.9095183515824,
            "min": 0,
            "med": 1.484359,
            "max": 60001.055626,
            "p(90)": 52.7721819,
            "p(95)": 55.928900750000004
        },
        "http_req_tls_handshaking": {
            "max": 0,
            "p(90)": 0,
            "p(95)": 0,
            "avg": 0,
            "min": 0,
            "med": 0
        }
    },
    "root_group": {
        "name": "",
        "path": "",
        "id": "d41d8cd98f00b204e9800998ecf8427e",
        "groups": {},
        "checks": {
                "status 200": {
                    "name": "status 200",
                    "path": "::status 200",
                    "id": "fad9fa412b86fcb03bee97c80dcd61f1",
                    "passes": 34663,
                    "fails": 785
                }
            }
    }
}