{
    "root_group": {
        "name": "",
        "path": "",
        "id": "d41d8cd98f00b204e9800998ecf8427e",
        "groups": {},
        "checks": {
                "status 200": {
                    "path": "::status 200",
                    "id": "fad9fa412b86fcb03bee97c80dcd61f1",
                    "passes": 131522,
                    "fails": 0,
                    "name": "status 200"
                }
            }
    },
    "metrics": {
        "http_req_tls_handshaking": {
            "p(95)": 0,
            "avg": 0,
            "min": 0,
            "med": 0,
            "max": 0,
            "p(90)": 0
        },
        "http_req_sending": {
            "avg": 0.016958041506364086,
            "min": 0.005297,
            "med": 0.013497,
            "max": 8.087369,
            "p(90)": 0.02167590000000001,
            "p(95)": 0.02738979999999999
        },
        "vus": {
            "value": 80,
            "min": 14,
            "max": 1000
        },
        "data_received": {
            "count": 38436931,
            "rate": 157782.01116201488
        },
        "http_req_duration": {
            "p(90)": 2536.603969700001,
            "p(95)": 2849.04223645,
            "avg": 604.8140808137479,
            "min": 0.412391,
            "med": 1.683629,
            "max": 3356.533926
        },
        "data_sent": {
            "count": 15953730,
            "rate": 65489.4014544442
        },
        "iterations": {
            "count": 131522,
            "rate": 539.892367370603
        },
        "checks": {
            "passes": 131522,
            "fails": 0,
            "value": 1
        },
        "http_req_connecting": {
            "avg": 0.005447189040616781,
            "min": 0,
            "med": 0,
            "max": 15.623659,
            "p(90)": 0,
            "p(95)": 0
        },
        "http_req_receiving": {
            "avg": 0.05509718741351237,
            "min": 0.013348,
            "med": 0.046087,
            "max": 27.452593,
            "p(90)": 0.07004090000000002,
            "p(95)": 0.11289695
        },
        "http_req_waiting": {
            "med": 1.606554,
            "max": 3356.417078,
            "p(90)": 2536.5043446000004,
            "p(95)": 2848.929389,
            "avg": 604.7420255848292,
            "min": 0.364416
        },
        "vus_max": {
            "value": 1000,
            "min": 1000,
            "max": 1000
        },
        "http_req_failed": {
            "passes": 0,
            "fails": 131522,
            "value": 0
        },
        "http_req_duration{expected_response:true}": {
            "min": 0.412391,
            "med": 1.683629,
            "max": 3356.533926,
            "p(90)": 2536.603969700001,
            "p(95)": 2849.04223645,
            "avg": 604.8140808137479
        },
        "http_reqs": {
            "rate": 539.892367370603,
            "count": 131522
        },
        "http_req_blocked": {
            "med": 0.00345,
            "max": 35.433815,
            "p(90)": 0.004648,
            "p(95)": 0.005507949999999997,
            "avg": 0.0101052845303449,
            "min": 0.001446
        },
        "iteration_duration": {
            "p(95)": 3849.2453969499998,
            "avg": 1605.4272930239752,
            "min": 1000.545727,
            "med": 1002.4189484999999,
            "max": 4357.607427,
            "p(90)": 3536.9551611
        }
    }
}