{
    "metrics": {
        "vus": {
            "value": 165,
            "min": 18,
            "max": 2000
        },
        "checks": {
            "passes": 191297,
            "fails": 20794,
            "value": 0.9019571787581746
        },
        "iterations": {
            "count": 212091,
            "rate": 860.8035938078646
        },
        "http_req_duration": {
            "med": 1.285785,
            "max": 5714.3213,
            "p(90)": 5383.111335,
            "p(95)": 5394.838303500001,
            "avg": 999.0671747979186,
            "min": 0.422558
        },
        "http_req_tls_handshaking": {
            "avg": 0,
            "min": 0,
            "med": 0,
            "max": 0,
            "p(90)": 0,
            "p(95)": 0
        },
        "data_received": {
            "count": 63258997,
            "rate": 256746.26437840797
        },
        "http_req_receiving": {
            "avg": 0.09830281689463558,
            "min": 0.012044,
            "med": 0.049937,
            "max": 178.13444,
            "p(90)": 0.136134,
            "p(95)": 0.1861555
        },
        "http_req_failed": {
            "passes": 20794,
            "fails": 191297,
            "value": 0.09804282124182544
        },
        "vus_max": {
            "value": 2000,
            "min": 2000,
            "max": 2000
        },
        "data_sent": {
            "count": 25938524,
            "rate": 105275.4462814148
        },
        "http_req_blocked": {
            "avg": 0.02124628489186239,
            "min": 0.001307,
            "med": 0.003747,
            "max": 248.148334,
            "p(90)": 0.005225,
            "p(95)": 0.006937499999999999
        },
        "http_req_waiting": {
            "p(95)": 5394.67112,
            "avg": 998.8544112802151,
            "min": 0.362626,
            "med": 1.203653,
            "max": 5714.27235,
            "p(90)": 5382.975375
        },
        "iteration_duration": {
            "avg": 2000.3321411867753,
            "min": 1000.568275,
            "med": 1001.944643,
            "max": 6736.661742,
            "p(90)": 6383.85997,
            "p(95)": 6395.7465864999995
        },
        "http_req_sending": {
            "avg": 0.11446070079823896,
            "min": 0.00503,
            "med": 0.014485,
            "max": 241.982566,
            "p(90)": 0.034181,
            "p(95)": 0.102328
        },
        "http_req_duration{expected_response:true}": {
            "max": 5714.3213,
            "p(90)": 5385.6155592000005,
            "p(95)": 5396.0269792,
            "avg": 1107.1117209672857,
            "min": 0.43765,
            "med": 1.291548
        },
        "http_reqs": {
            "count": 212091,
            "rate": 860.8035938078646
        },
        "http_req_connecting": {
            "avg": 0.013555290130179972,
            "min": 0,
            "med": 0,
            "max": 248.0431,
            "p(90)": 0,
            "p(95)": 0
        }
    },
    "root_group": {
        "groups": {},
        "checks": {
                "status 200": {
                    "name": "status 200",
                    "path": "::status 200",
                    "id": "fad9fa412b86fcb03bee97c80dcd61f1",
                    "passes": 191297,
                    "fails": 20794
                }
            },
        "name": "",
        "path": "",
        "id": "d41d8cd98f00b204e9800998ecf8427e"
    }
}