{
    "root_group": {
        "name": "",
        "path": "",
        "id": "d41d8cd98f00b204e9800998ecf8427e",
        "groups": {},
        "checks": {
                "status 200": {
                    "path": "::status 200",
                    "id": "fad9fa412b86fcb03bee97c80dcd61f1",
                    "passes": 190614,
                    "fails": 21696,
                    "name": "status 200"
                }
            }
    },
    "metrics": {
        "http_reqs": {
            "count": 212310,
            "rate": 861.5836689465435
        },
        "vus": {
            "value": 168,
            "min": 18,
            "max": 2000
        },
        "iteration_duration": {
            "avg": 1998.2103850620576,
            "min": 1000.583187,
            "med": 1001.9245834999999,
            "max": 6682.660684,
            "p(90)": 6382.1792818,
            "p(95)": 6394.05329245
        },
        "http_req_connecting": {
            "p(90)": 0,
            "p(95)": 0,
            "avg": 0.006514120333474616,
            "min": 0,
            "med": 0,
            "max": 31.478647
        },
        "http_req_failed": {
            "passes": 21696,
            "fails": 190614,
            "value": 0.10219019358485233
        },
        "http_req_sending": {
            "med": 0.014198,
            "max": 104.923319,
            "p(90)": 0.030568100000000008,
            "p(95)": 0.08792594999999989,
            "avg": 0.046189179115443985,
            "min": 0.005004
        },
        "http_req_blocked": {
            "p(90)": 0.005122,
            "p(95)": 0.006701,
            "avg": 0.012159318016108438,
            "min": 0.001406,
            "med": 0.003725,
            "max": 31.737178
        },
        "http_req_tls_handshaking": {
            "avg": 0,
            "min": 0,
            "med": 0,
            "max": 0,
            "p(90)": 0,
            "p(95)": 0
        },
        "data_received": {
            "count": 63288679,
            "rate": 256834.30952663586
        },
        "http_req_duration{expected_response:true}": {
            "avg": 1110.674321152995,
            "min": 0.479446,
            "med": 1.2793104999999998,
            "max": 5682.429963,
            "p(90)": 5383.7813153,
            "p(95)": 5394.578943
        },
        "checks": {
            "passes": 190614,
            "fails": 21696,
            "value": 0.8978098064151476
        },
        "vus_max": {
            "min": 2000,
            "max": 2000,
            "value": 2000
        },
        "iterations": {
            "count": 212310,
            "rate": 861.5836689465435
        },
        "data_sent": {
            "count": 25965439,
            "rate": 105371.38240981428
        },
        "http_req_duration": {
            "avg": 997.38601006664,
            "min": 0.430339,
            "med": 1.2731569999999999,
            "max": 5682.429963,
            "p(90)": 5381.4081055999995,
            "p(95)": 5393.1619101
        },
        "http_req_waiting": {
            "min": 0.344051,
            "med": 1.1925915,
            "max": 5591.142839,
            "p(90)": 5381.2848146,
            "p(95)": 5393.0293596,
            "avg": 997.2546928575392
        },
        "http_req_receiving": {
            "med": 0.0499115,
            "max": 146.960874,
            "p(90)": 0.13198370000000004,
            "p(95)": 0.181792,
            "avg": 0.0851280300080077,
            "min": 0.01252
        }
    }
}