{
    "root_group": {
        "id": "d41d8cd98f00b204e9800998ecf8427e",
        "groups": {},
        "checks": {
                "status 200": {
                    "name": "status 200",
                    "path": "::status 200",
                    "id": "fad9fa412b86fcb03bee97c80dcd61f1",
                    "passes": 189555,
                    "fails": 22379
                }
            },
        "name": "",
        "path": ""
    },
    "metrics": {
        "vus_max": {
            "value": 2000,
            "min": 2000,
            "max": 2000
        },
        "iterations": {
            "count": 211934,
            "rate": 860.0686452330891
        },
        "data_sent": {
            "count": 25919561,
            "rate": 105186.52842067064
        },
        "http_req_connecting": {
            "avg": 0.016508170883388247,
            "min": 0,
            "med": 0,
            "max": 353.841398,
            "p(90)": 0,
            "p(95)": 0
        },
        "http_req_waiting": {
            "avg": 1000.4637547192025,
            "min": 0.348534,
            "med": 1.2031755,
            "max": 5955.975172,
            "p(90)": 5376.9325556,
            "p(95)": 5392.5565304
        },
        "data_received": {
            "rate": 256256.70086441198,
            "count": 63145550
        },
        "checks": {
            "passes": 189555,
            "fails": 22379,
            "value": 0.8944058055809827
        },
        "vus": {
            "value": 170,
            "min": 18,
            "max": 2000
        },
        "http_req_duration": {
            "p(95)": 5392.73151445,
            "avg": 1000.7515516448765,
            "min": 0.384305,
            "med": 1.285959,
            "max": 6021.048613,
            "p(90)": 5377.0851765
        },
        "http_req_sending": {
            "avg": 0.18027253877622404,
            "min": 0.005125,
            "med": 0.014433,
            "max": 561.847844,
            "p(90)": 0.035419400000000024,
            "p(95)": 0.11027644999999983
        },
        "http_req_tls_handshaking": {
            "p(95)": 0,
            "avg": 0,
            "min": 0,
            "med": 0,
            "max": 0,
            "p(90)": 0
        },
        "http_reqs": {
            "count": 211934,
            "rate": 860.0686452330891
        },
        "iteration_duration": {
            "avg": 2002.2897251448792,
            "min": 1000.515728,
            "med": 1001.941424,
            "max": 7021.52726,
            "p(90)": 6377.928458599999,
            "p(95)": 6393.77699085
        },
        "http_req_failed": {
            "passes": 22379,
            "fails": 189555,
            "value": 0.10559419441901724
        },
        "http_req_duration{expected_response:true}": {
            "avg": 1118.1147957302792,
            "min": 0.447231,
            "med": 1.289652,
            "max": 6021.048613,
            "p(90)": 5380.6846304,
            "p(95)": 5394.4600456
        },
        "http_req_blocked": {
            "p(95)": 0.00699,
            "avg": 0.02308048749138841,
            "min": 0.001354,
            "med": 0.003717,
            "max": 353.912164,
            "p(90)": 0.005224
        },
        "http_req_receiving": {
            "avg": 0.10752438689403446,
            "min": 0.012149,
            "med": 0.050033,
            "max": 162.662303,
            "p(90)": 0.13197140000000016,
            "p(95)": 0.18441969999999996
        }
    }
}