{
    "root_group": {
        "name": "",
        "path": "",
        "id": "d41d8cd98f00b204e9800998ecf8427e",
        "groups": {},
        "checks": {
                "status 200": {
                    "name": "status 200",
                    "path": "::status 200",
                    "id": "fad9fa412b86fcb03bee97c80dcd61f1",
                    "passes": 20690,
                    "fails": 0
                }
            }
    },
    "metrics": {
        "http_reqs": {
            "count": 20690,
            "rate": 85.8483577967789
        },
        "data_sent": {
            "count": 2530335,
            "rate": 10499.03839660283
        },
        "iteration_duration": {
            "avg": 1017.4035360483845,
            "min": 1000.766176,
            "med": 1002.455832,
            "max": 1106.225475,
            "p(90)": 1052.7931523,
            "p(95)": 1053.30408145
        },
        "data_received": {
            "count": 6033873,
            "rate": 25036.156993925746
        },
        "vus": {
            "min": 2,
            "max": 100,
            "value": 5
        },
        "http_req_connecting": {
            "max": 3.694565,
            "p(90)": 0,
            "p(95)": 0,
            "avg": 0.0029679179313678115,
            "min": 0,
            "med": 0
        },
        "http_req_duration": {
            "med": 1.544447,
            "max": 105.920986,
            "p(90)": 51.8972144,
            "p(95)": 52.3918835,
            "avg": 16.605297162203957,
            "min": 0.613076
        },
        "checks": {
            "fails": 0,
            "passes": 20690,
            "value": 1
        },
        "http_req_blocked": {
            "max": 5.618892,
            "p(90)": 0.006151,
            "p(95)": 0.006990549999999999,
            "avg": 0.009290858530691044,
            "min": 0.001627,
            "med": 0.0047715
        },
        "http_req_tls_handshaking": {
            "med": 0,
            "max": 0,
            "p(90)": 0,
            "p(95)": 0,
            "avg": 0,
            "min": 0
        },
        "http_req_sending": {
            "avg": 0.028764761430642757,
            "min": 0.005741,
            "med": 0.025689999999999998,
            "max": 9.161637,
            "p(90)": 0.03267340000000001,
            "p(95)": 0.041225799999999986
        },
        "http_req_waiting": {
            "min": 0.543909,
            "med": 1.4468415000000001,
            "max": 105.807481,
            "p(90)": 51.7811752,
            "p(95)": 52.26462835,
            "avg": 16.497557578492
        },
        "http_req_failed": {
            "passes": 0,
            "fails": 20690,
            "value": 0
        },
        "iterations": {
            "count": 20690,
            "rate": 85.8483577967789
        },
        "http_req_duration{expected_response:true}": {
            "max": 105.920986,
            "p(90)": 51.8972144,
            "p(95)": 52.3918835,
            "avg": 16.605297162203957,
            "min": 0.613076,
            "med": 1.544447
        },
        "vus_max": {
            "value": 100,
            "min": 100,
            "max": 100
        },
        "http_req_receiving": {
            "p(95)": 0.10945010000000001,
            "avg": 0.07897482228129546,
            "min": 0.017406,
            "med": 0.0696005,
            "max": 11.007795,
            "p(90)": 0.092806
        }
    }
}