{
    "root_group": {
        "groups": {},
        "checks": {
                "status 200": {
                    "name": "status 200",
                    "path": "::status 200",
                    "id": "fad9fa412b86fcb03bee97c80dcd61f1",
                    "passes": 20683,
                    "fails": 0
                }
            },
        "name": "",
        "path": "",
        "id": "d41d8cd98f00b204e9800998ecf8427e"
    },
    "metrics": {
        "http_reqs": {
            "count": 20683,
            "rate": 85.80508710536006
        },
        "checks": {
            "passes": 20683,
            "fails": 0,
            "value": 1
        },
        "http_req_duration": {
            "p(90)": 51.8180524,
            "p(95)": 52.3423715,
            "avg": 16.867535390465584,
            "min": 0.537438,
            "med": 1.490776,
            "max": 100.565193
        },
        "http_req_failed": {
            "passes": 0,
            "fails": 20683,
            "value": 0
        },
        "http_req_duration{expected_response:true}": {
            "avg": 16.867535390465584,
            "min": 0.537438,
            "med": 1.490776,
            "max": 100.565193,
            "p(90)": 51.8180524,
            "p(95)": 52.3423715
        },
        "data_received": {
            "count": 6025544,
            "rate": 24997.453356726764
        },
        "http_req_waiting": {
            "min": 0.479839,
            "med": 1.395251,
            "max": 100.488615,
            "p(90)": 51.702292400000005,
            "p(95)": 52.2173032,
            "avg": 16.764651415993807
        },
        "data_sent": {
            "count": 2529606,
            "rate": 10494.273711368827
        },
        "http_req_tls_handshaking": {
            "avg": 0,
            "min": 0,
            "med": 0,
            "max": 0,
            "p(90)": 0,
            "p(95)": 0
        },
        "http_req_blocked": {
            "min": 0.001639,
            "med": 0.004766,
            "max": 8.733208,
            "p(90)": 0.006147799999999999,
            "p(95)": 0.006923699999999993,
            "avg": 0.008790564956727797
        },
        "http_req_receiving": {
            "med": 0.06897,
            "max": 6.56353,
            "p(90)": 0.0915062,
            "p(95)": 0.10831449999999986,
            "avg": 0.07601267789972442,
            "min": 0.014976
        },
        "iteration_duration": {
            "max": 1101.142728,
            "p(90)": 1052.7210209999998,
            "p(95)": 1053.2445057999998,
            "avg": 1017.6620466322631,
            "min": 1000.679191,
            "med": 1002.380057
        },
        "iterations": {
            "count": 20683,
            "rate": 85.80508710536006
        },
        "http_req_sending": {
            "p(90)": 0.0320328,
            "p(95)": 0.040394799999999995,
            "avg": 0.026871296572063805,
            "min": 0.006542,
            "med": 0.025488,
            "max": 3.915335
        },
        "vus_max": {
            "min": 100,
            "max": 100,
            "value": 100
        },
        "vus": {
            "min": 2,
            "max": 100,
            "value": 3
        },
        "http_req_connecting": {
            "max": 1.200583,
            "p(90)": 0,
            "p(95)": 0,
            "avg": 0.002602785959483634,
            "min": 0,
            "med": 0
        }
    }
}