{
    "metrics": {
        "http_req_blocked": {
            "avg": 0.014008162426070446,
            "min": 0.001323,
            "med": 0.003765,
            "max": 74.754464,
            "p(90)": 0.005261,
            "p(95)": 0.00702
        },
        "http_req_tls_handshaking": {
            "p(95)": 0,
            "avg": 0,
            "min": 0,
            "med": 0,
            "max": 0,
            "p(90)": 0
        },
        "checks": {
            "passes": 191610,
            "fails": 20585,
            "value": 0.902990174132284
        },
        "http_req_duration{expected_response:true}": {
            "avg": 1105.476523124547,
            "min": 0.457079,
            "med": 1.287822,
            "max": 5785.493399,
            "p(90)": 5384.3346284,
            "p(95)": 5395.69490305
        },
        "http_req_connecting": {
            "p(90)": 0,
            "p(95)": 0,
            "avg": 0.007438368872970611,
            "min": 0,
            "med": 0,
            "max": 56.605614
        },
        "http_req_receiving": {
            "p(90)": 0.13009220000000002,
            "p(95)": 0.18517619999999996,
            "avg": 0.08660209266947741,
            "min": 0.011763,
            "med": 0.050468,
            "max": 121.984281
        },
        "iterations": {
            "count": 212195,
            "rate": 861.1960310578709
        },
        "http_req_waiting": {
            "p(95)": 5394.290349,
            "avg": 998.4183832423013,
            "min": 0.374433,
            "med": 1.202178,
            "max": 5754.064768,
            "p(90)": 5381.6127236
        },
        "http_req_failed": {
            "passes": 20585,
            "fails": 191610,
            "value": 0.09700982586771602
        },
        "vus": {
            "min": 18,
            "max": 2000,
            "value": 167
        },
        "http_req_sending": {
            "min": 0.005301,
            "med": 0.014718,
            "max": 68.677333,
            "p(90)": 0.0352326,
            "p(95)": 0.10774629999999999,
            "avg": 0.0807486292042703
        },
        "data_sent": {
            "count": 25951174,
            "rate": 105323.16053673372
        },
        "http_req_duration": {
            "avg": 998.5857339641922,
            "min": 0.438858,
            "med": 1.284275,
            "max": 5785.493399,
            "p(90)": 5381.7360502,
            "p(95)": 5394.4363247
        },
        "data_received": {
            "count": 63298347,
            "rate": 256897.1239139654
        },
        "iteration_duration": {
            "med": 1001.951349,
            "max": 6785.615588,
            "p(90)": 6382.4770444000005,
            "p(95)": 6395.2467738,
            "avg": 1999.5272932624819,
            "min": 1000.586749
        },
        "http_reqs": {
            "rate": 861.1960310578709,
            "count": 212195
        },
        "vus_max": {
            "min": 2000,
            "max": 2000,
            "value": 2000
        }
    },
    "root_group": {
        "id": "d41d8cd98f00b204e9800998ecf8427e",
        "groups": {},
        "checks": {
                "status 200": {
                    "name": "status 200",
                    "path": "::status 200",
                    "id": "fad9fa412b86fcb03bee97c80dcd61f1",
                    "passes": 191610,
                    "fails": 20585
                }
            },
        "name": "",
        "path": ""
    }
}