{
    "root_group": {
        "name": "",
        "path": "",
        "id": "d41d8cd98f00b204e9800998ecf8427e",
        "groups": {},
        "checks": {
                "status 200": {
                    "name": "status 200",
                    "path": "::status 200",
                    "id": "fad9fa412b86fcb03bee97c80dcd61f1",
                    "passes": 35722,
                    "fails": 10443
                }
            }
    },
    "metrics": {
        "http_req_receiving": {
            "p(95)": 0.10285419999999997,
            "avg": 0.0648753531246611,
            "min": 0,
            "med": 0.060191,
            "max": 35.64783,
            "p(90)": 0.08747459999999999
        },
        "vus": {
            "value": 53,
            "min": 18,
            "max": 2000
        },
        "http_req_duration": {
            "p(95)": 14539.342032199891,
            "avg": 2605.3482469544942,
            "min": 0,
            "med": 0.560685,
            "max": 60117.017194,
            "p(90)": 53.5118706
        },
        "http_req_sending": {
            "min": 0,
            "med": 0.021121,
            "max": 34.392708,
            "p(90)": 0.04056319999999999,
            "p(95)": 0.09762279999999943,
            "avg": 0.041509787458031175
        },
        "http_reqs": {
            "count": 46165,
            "rate": 170.97883962030548
        },
        "checks": {
            "fails": 10443,
            "passes": 35722,
            "value": 0.7737896674970216
        },
        "data_received": {
            "count": 9530739,
            "rate": 35298.487922538516
        },
        "http_req_failed": {
            "passes": 10443,
            "fails": 35722,
            "value": 0.22621033250297845
        },
        "http_req_tls_handshaking": {
            "p(90)": 0,
            "p(95)": 0,
            "avg": 0,
            "min": 0,
            "med": 0,
            "max": 0
        },
        "http_req_duration{expected_response:true}": {
            "p(95)": 55.71823304999998,
            "avg": 843.203353064694,
            "min": 0.208984,
            "med": 1.5346950000000001,
            "max": 59956.837724,
            "p(90)": 52.8105934
        },
        "http_req_blocked": {
            "avg": 310.0607170071696,
            "min": 0,
            "med": 0.004845,
            "max": 19751.666258,
            "p(90)": 0.007516599999999999,
            "p(95)": 0.3772329999999997
        },
        "iteration_duration": {
            "p(95)": 31008.520248,
            "avg": 9601.350383707582,
            "min": 1000.375434,
            "med": 1005.0197875,
            "max": 61118.317506,
            "p(90)": 31001.8960889
        },
        "vus_max": {
            "value": 2000,
            "min": 2000,
            "max": 2000
        },
        "iterations": {
            "count": 46118,
            "rate": 170.8047682358767
        },
        "http_req_connecting": {
            "max": 19751.60966,
            "p(90)": 0,
            "p(95)": 0.29259319999999794,
            "avg": 310.05040791131864,
            "min": 0,
            "med": 0
        },
        "http_req_waiting": {
            "avg": 2605.2418618139272,
            "min": 0,
            "med": 0.459556,
            "max": 60116.968048,
            "p(90)": 53.407401,
            "p(95)": 14539.108568599891
        },
        "data_sent": {
            "count": 3185627,
            "rate": 11798.436216248563
        }
    }
}