{
    "root_group": {
        "name": "",
        "path": "",
        "id": "d41d8cd98f00b204e9800998ecf8427e",
        "groups": {},
        "checks": {
                "status 200": {
                    "path": "::status 200",
                    "id": "fad9fa412b86fcb03bee97c80dcd61f1",
                    "passes": 20702,
                    "fails": 0,
                    "name": "status 200"
                }
            }
    },
    "metrics": {
        "vus": {
            "value": 2,
            "min": 2,
            "max": 100
        },
        "http_req_duration{expected_response:true}": {
            "avg": 16.01076768800105,
            "min": 0.269912,
            "med": 0.688916,
            "max": 77.009728,
            "p(90)": 51.3654261,
            "p(95)": 52.3426285
        },
        "vus_max": {
            "value": 100,
            "min": 100,
            "max": 100
        },
        "http_req_tls_handshaking": {
            "med": 0,
            "max": 0,
            "p(90)": 0,
            "p(95)": 0,
            "avg": 0,
            "min": 0
        },
        "http_req_sending": {
            "avg": 0.029123600086948243,
            "min": 0.00709,
            "med": 0.026392,
            "max": 6.254886,
            "p(90)": 0.03454400000000001,
            "p(95)": 0.04305355000000001
        },
        "http_req_failed": {
            "passes": 0,
            "fails": 20702,
            "value": 0
        },
        "http_reqs": {
            "count": 20702,
            "rate": 85.9011249030715
        },
        "data_received": {
            "count": 5531736,
            "rate": 22953.45111906179
        },
        "http_req_waiting": {
            "avg": 15.907568259443485,
            "min": 0.231857,
            "med": 0.585224,
            "max": 76.953959,
            "p(90)": 51.2404455,
            "p(95)": 52.23562705
        },
        "data_sent": {
            "rate": 7327.284625758996,
            "count": 1765861
        },
        "http_req_receiving": {
            "med": 0.0675005,
            "max": 3.71431,
            "p(90)": 0.08856650000000002,
            "p(95)": 0.1007998500000001,
            "avg": 0.07407582847067981,
            "min": 0.014194
        },
        "iterations": {
            "count": 20702,
            "rate": 85.9011249030715
        },
        "http_req_duration": {
            "med": 0.688916,
            "max": 77.009728,
            "p(90)": 51.3654261,
            "p(95)": 52.3426285,
            "avg": 16.01076768800105,
            "min": 0.269912
        },
        "http_req_connecting": {
            "p(95)": 0,
            "avg": 0.004861144092358226,
            "min": 0,
            "med": 0,
            "max": 3.836039,
            "p(90)": 0
        },
        "iteration_duration": {
            "med": 1001.7761035000001,
            "max": 1078.041226,
            "p(90)": 1052.1861609,
            "p(95)": 1053.1530475000002,
            "avg": 1016.8056278194789,
            "min": 1000.40327
        },
        "http_req_blocked": {
            "avg": 0.011632746739445464,
            "min": 0.00163,
            "med": 0.004961,
            "max": 6.075707,
            "p(90)": 0.006356,
            "p(95)": 0.00787
        },
        "checks": {
            "fails": 0,
            "passes": 20702,
            "value": 1
        }
    }
}