{
    "root_group": {
        "id": "d41d8cd98f00b204e9800998ecf8427e",
        "groups": {},
        "checks": {
                "status 200": {
                    "name": "status 200",
                    "path": "::status 200",
                    "id": "fad9fa412b86fcb03bee97c80dcd61f1",
                    "passes": 20691,
                    "fails": 0
                }
            },
        "name": "",
        "path": ""
    },
    "metrics": {
        "http_req_blocked": {
            "p(95)": 0.007827,
            "avg": 0.011722774249673731,
            "min": 0.001526,
            "med": 0.004949,
            "max": 7.777947,
            "p(90)": 0.006361
        },
        "checks": {
            "passes": 20691,
            "fails": 0,
            "value": 1
        },
        "data_sent": {
            "rate": 7322.429412071123,
            "count": 1765069
        },
        "http_req_failed": {
            "passes": 0,
            "fails": 20691,
            "value": 0
        },
        "http_req_duration": {
            "avg": 16.426441257841468,
            "min": 0.26935,
            "med": 0.727621,
            "max": 125.182163,
            "p(90)": 51.498537,
            "p(95)": 52.402136999999996
        },
        "http_req_receiving": {
            "p(95)": 0.1012395,
            "avg": 0.0776914605383983,
            "min": 0.015125,
            "med": 0.066757,
            "max": 63.589855,
            "p(90)": 0.088324
        },
        "vus": {
            "max": 100,
            "value": 2,
            "min": 2
        },
        "http_req_tls_handshaking": {
            "med": 0,
            "max": 0,
            "p(90)": 0,
            "p(95)": 0,
            "avg": 0,
            "min": 0
        },
        "data_received": {
            "count": 5517491,
            "rate": 22889.438531432887
        },
        "iteration_duration": {
            "min": 1000.406003,
            "med": 1001.809321,
            "max": 1126.488279,
            "p(90)": 1052.294139,
            "p(95)": 1053.2554095,
            "avg": 1017.2582624474286
        },
        "iterations": {
            "count": 20691,
            "rate": 85.83709020166555
        },
        "http_req_connecting": {
            "avg": 0.004948380068628871,
            "min": 0,
            "med": 0,
            "max": 7.706099,
            "p(90)": 0,
            "p(95)": 0
        },
        "http_reqs": {
            "count": 20691,
            "rate": 85.83709020166555
        },
        "http_req_waiting": {
            "avg": 16.318415938862323,
            "min": 0.235636,
            "med": 0.628245,
            "max": 108.004,
            "p(90)": 51.377212,
            "p(95)": 52.295190500000004
        },
        "vus_max": {
            "max": 100,
            "value": 100,
            "min": 100
        },
        "http_req_sending": {
            "avg": 0.030333858440868104,
            "min": 0.006331,
            "med": 0.025935,
            "max": 45.665835,
            "p(90)": 0.034492,
            "p(95)": 0.042716000000000004
        },
        "http_req_duration{expected_response:true}": {
            "p(90)": 51.498537,
            "p(95)": 52.402136999999996,
            "avg": 16.426441257841468,
            "min": 0.26935,
            "med": 0.727621,
            "max": 125.182163
        }
    }
}