{
    "metrics": {
        "http_req_blocked": {
            "max": 53.566218,
            "p(90)": 0.005454,
            "p(95)": 0.006433849999999991,
            "avg": 0.009682482004966849,
            "min": 0.001425,
            "med": 0.004074
        },
        "iterations": {
            "count": 103084,
            "rate": 427.6268217633813
        },
        "http_req_sending": {
            "avg": 0.045441902487292095,
            "min": 0.005321,
            "med": 0.016721,
            "max": 112.499378,
            "p(90)": 0.0284647,
            "p(95)": 0.03981794999999994
        },
        "checks": {
            "passes": 103084,
            "fails": 0,
            "value": 1
        },
        "http_req_receiving": {
            "p(95)": 0.17403959999999985,
            "avg": 0.10202302570719146,
            "min": 0.013621,
            "med": 0.056254,
            "max": 123.688167,
            "p(90)": 0.0943628
        },
        "data_sent": {
            "count": 12607110,
            "rate": 52298.498126977436
        },
        "iteration_duration": {
            "p(90)": 1056.0882915,
            "p(95)": 1068.48461315,
            "avg": 1021.041513649664,
            "min": 1000.664854,
            "med": 1002.42152,
            "max": 3470.344765
        },
        "http_req_tls_handshaking": {
            "med": 0,
            "max": 0,
            "p(90)": 0,
            "p(95)": 0,
            "avg": 0,
            "min": 0
        },
        "http_req_connecting": {
            "p(90)": 0,
            "p(95)": 0,
            "avg": 0.00354783898568158,
            "min": 0,
            "med": 0,
            "max": 48.157841
        },
        "http_req_waiting": {
            "avg": 19.99865799537264,
            "min": 0.468539,
            "med": 1.474336,
            "max": 2469.126662,
            "p(90)": 55.1517809,
            "p(95)": 66.58419669999999
        },
        "http_req_duration{expected_response:true}": {
            "avg": 20.14612292356716,
            "min": 0.507836,
            "med": 1.5631765,
            "max": 2469.201953,
            "p(90)": 55.2548344,
            "p(95)": 66.80768009999998
        },
        "http_reqs": {
            "count": 103084,
            "rate": 427.6268217633813
        },
        "vus_max": {
            "value": 500,
            "min": 500,
            "max": 500
        },
        "data_received": {
            "count": 30067872,
            "rate": 124731.56397256764
        },
        "http_req_failed": {
            "passes": 0,
            "fails": 103084,
            "value": 0
        },
        "vus": {
            "max": 500,
            "value": 70,
            "min": 8
        },
        "http_req_duration": {
            "avg": 20.14612292356716,
            "min": 0.507836,
            "med": 1.5631765,
            "max": 2469.201953,
            "p(90)": 55.2548344,
            "p(95)": 66.80768009999998
        }
    },
    "root_group": {
        "name": "",
        "path": "",
        "id": "d41d8cd98f00b204e9800998ecf8427e",
        "groups": {},
        "checks": {
                "status 200": {
                    "fails": 0,
                    "name": "status 200",
                    "path": "::status 200",
                    "id": "fad9fa412b86fcb03bee97c80dcd61f1",
                    "passes": 103084
                }
            }
    }
}