{
    "metrics": {
        "http_req_blocked": {
            "p(90)": 0.011820499999999994,
            "p(95)": 0.5098573999999958,
            "avg": 307.87879571412736,
            "min": 0,
            "med": 0.0046715,
            "max": 19751.897431
        },
        "http_req_failed": {
            "passes": 10380,
            "fails": 35630,
            "value": 0.22560312975440122
        },
        "http_reqs": {
            "count": 46010,
            "rate": 170.40482441486571
        },
        "iterations": {
            "count": 45960,
            "rate": 170.2196420366709
        },
        "http_req_waiting": {
            "max": 60020.563503,
            "p(90)": 53.728842,
            "p(95)": 15408.724222949999,
            "avg": 2667.8229817066913,
            "min": 0,
            "med": 0.493319
        },
        "data_sent": {
            "count": 3179988,
            "rate": 11777.554809419256
        },
        "http_req_tls_handshaking": {
            "avg": 0,
            "min": 0,
            "med": 0,
            "max": 0,
            "p(90)": 0,
            "p(95)": 0
        },
        "data_received": {
            "rate": 35278.16525435504,
            "count": 9525249
        },
        "http_req_duration": {
            "max": 60020.60397,
            "p(90)": 53.8892541,
            "p(95)": 15408.88289315,
            "avg": 2667.9498059637267,
            "min": 0,
            "med": 0.610786
        },
        "http_req_sending": {
            "avg": 0.04868772860247776,
            "min": 0,
            "med": 0.021653,
            "max": 11.059015,
            "p(90)": 0.05298379999999999,
            "p(95)": 0.12814119999999987
        },
        "http_req_duration{expected_response:true}": {
            "avg": 885.5340315341847,
            "min": 0.219066,
            "med": 1.565909,
            "max": 59972.873675,
            "p(90)": 53.1654013,
            "p(95)": 56.35307409999997
        },
        "checks": {
            "passes": 35630,
            "fails": 10380,
            "value": 0.7743968702455988
        },
        "vus_max": {
            "value": 2000,
            "min": 2000,
            "max": 2000
        },
        "iteration_duration": {
            "med": 1005.1964575,
            "max": 61031.230547,
            "p(90)": 31002.021364,
            "p(95)": 31013.663377599998,
            "avg": 9613.332947648027,
            "min": 1000.379654
        },
        "http_req_connecting": {
            "max": 19751.8417,
            "p(90)": 0,
            "p(95)": 0.3905139499999984,
            "avg": 307.86719060702006,
            "min": 0,
            "med": 0
        },
        "vus": {
            "min": 17,
            "max": 2000,
            "value": 57
        },
        "http_req_receiving": {
            "min": 0,
            "med": 0.06994,
            "max": 30.316629,
            "p(90)": 0.10556619999999999,
            "p(95)": 0.15898794999999935,
            "avg": 0.07813652842860255
        }
    },
    "root_group": {
        "path": "",
        "id": "d41d8cd98f00b204e9800998ecf8427e",
        "groups": {},
        "checks": {
                "status 200": {
                    "name": "status 200",
                    "path": "::status 200",
                    "id": "fad9fa412b86fcb03bee97c80dcd61f1",
                    "passes": 35630,
                    "fails": 10380
                }
            },
        "name": ""
    }
}