{
    "root_group": {
        "groups": {},
        "checks": {
                "status 200": {
                    "path": "::status 200",
                    "id": "fad9fa412b86fcb03bee97c80dcd61f1",
                    "passes": 142541,
                    "fails": 0,
                    "name": "status 200"
                }
            },
        "name": "",
        "path": "",
        "id": "d41d8cd98f00b204e9800998ecf8427e"
    },
    "metrics": {
        "vus_max": {
            "max": 1000,
            "value": 1000,
            "min": 1000
        },
        "iteration_duration": {
            "p(90)": 2955.783804,
            "p(95)": 3151.913624,
            "avg": 1480.8742901065627,
            "min": 1000.678063,
            "med": 1002.57345,
            "max": 3766.610332
        },
        "http_req_blocked": {
            "max": 59.830148,
            "p(90)": 0.005065,
            "p(95)": 0.006063,
            "avg": 0.012291920135259747,
            "min": 0.001385,
            "med": 0.003795
        },
        "http_req_waiting": {
            "p(90)": 1953.647745,
            "p(95)": 2150.496584,
            "avg": 479.2236320635097,
            "min": 0.477108,
            "med": 2.008068,
            "max": 2764.517291
        },
        "data_received": {
            "count": 41679752,
            "rate": 171190.1821116412
        },
        "iterations": {
            "count": 142541,
            "rate": 585.4550129850928
        },
        "http_req_connecting": {
            "avg": 0.00630224323527968,
            "min": 0,
            "med": 0,
            "max": 29.127573,
            "p(90)": 0,
            "p(95)": 0
        },
        "http_req_tls_handshaking": {
            "p(90)": 0,
            "p(95)": 0,
            "avg": 0,
            "min": 0,
            "med": 0,
            "max": 0
        },
        "http_req_receiving": {
            "avg": 0.11205262111953808,
            "min": 0.01334,
            "med": 0.051875,
            "max": 511.252329,
            "p(90)": 0.094749,
            "p(95)": 0.162109
        },
        "http_req_duration": {
            "max": 2764.667528,
            "p(90)": 1954.171623,
            "p(95)": 2150.691185,
            "avg": 479.4412978212576,
            "min": 0.523109,
            "med": 2.082157
        },
        "http_req_duration{expected_response:true}": {
            "avg": 479.4412978212576,
            "min": 0.523109,
            "med": 2.082157,
            "max": 2764.667528,
            "p(90)": 1954.171623,
            "p(95)": 2150.691185
        },
        "http_req_sending": {
            "avg": 0.10561313662735741,
            "min": 0.005598,
            "med": 0.014724,
            "max": 349.608418,
            "p(90)": 0.025102,
            "p(95)": 0.034734
        },
        "http_reqs": {
            "count": 142541,
            "rate": 585.4550129850928
        },
        "http_req_failed": {
            "passes": 0,
            "fails": 142541,
            "value": 0
        },
        "vus": {
            "value": 89,
            "min": 10,
            "max": 1000
        },
        "checks": {
            "fails": 0,
            "passes": 142541,
            "value": 1
        },
        "data_sent": {
            "count": 17289916,
            "rate": 71014.43090964119
        }
    }
}