{
    "root_group": {
        "checks": {
            "status 200": {
                "name": "status 200",
                "path": "::status 200",
                "id": "fad9fa412b86fcb03bee97c80dcd61f1",
                "passes": 190034,
                "fails": 22118
            }
        },
        "name": "",
        "path": "",
        "id": "d41d8cd98f00b204e9800998ecf8427e",
        "groups": {}
    },
    "metrics": {
        "http_reqs": {
            "count": 212152,
            "rate": 860.9541928314297
        },
        "http_req_duration{expected_response:true}": {
            "p(95)": 5393.4613978,
            "avg": 1113.9898966832761,
            "min": 0.476445,
            "med": 1.3605939999999999,
            "max": 5892.685806,
            "p(90)": 5382.2094136000005
        },
        "http_req_duration": {
            "p(90)": 5379.426615400001,
            "p(95)": 5392.0397743,
            "avg": 999.0911670313343,
            "min": 0.476445,
            "med": 1.349583,
            "max": 5892.685806
        },
        "iteration_duration": {
            "min": 1000.61215,
            "med": 1002.0510744999999,
            "max": 6895.195638,
            "p(90)": 6380.1314096,
            "p(95)": 6392.84659205,
            "avg": 1999.929585502391
        },
        "vus_max": {
            "value": 2000,
            "min": 2000,
            "max": 2000
        },
        "http_req_failed": {
            "passes": 22118,
            "fails": 190034,
            "value": 0.10425543949621026
        },
        "data_received": {
            "count": 63209980,
            "rate": 256518.4269287625
        },
        "http_req_connecting": {
            "p(90)": 0,
            "p(95)": 0,
            "avg": 0.01932380624740752,
            "min": 0,
            "med": 0,
            "max": 240.795416
        },
        "vus": {
            "max": 2000,
            "value": 165,
            "min": 18
        },
        "iterations": {
            "count": 212152,
            "rate": 860.9541928314297
        },
        "http_req_receiving": {
            "min": 0.012373,
            "med": 0.052093,
            "max": 140.757428,
            "p(90)": 0.16830519999999996,
            "p(95)": 0.23025,
            "avg": 0.10533804232343044
        },
        "checks": {
            "passes": 190034,
            "fails": 22118,
            "value": 0.8957445605037897
        },
        "http_req_waiting": {
            "p(95)": 5391.8832595,
            "avg": 998.9289379300943,
            "min": 0.431124,
            "med": 1.2539150000000001,
            "max": 5888.699177,
            "p(90)": 5379.277800600001
        },
        "http_req_blocked": {
            "med": 0.003892,
            "max": 291.956661,
            "p(90)": 0.005551,
            "p(95)": 0.007588,
            "avg": 0.02648332042591999,
            "min": 0.00131
        },
        "http_req_tls_handshaking": {
            "avg": 0,
            "min": 0,
            "med": 0,
            "max": 0,
            "p(90)": 0,
            "p(95)": 0
        },
        "http_req_sending": {
            "p(90)": 0.040446899999999994,
            "p(95)": 0.11235719999999973,
            "avg": 0.056891058891738754,
            "min": 0.005271,
            "med": 0.015821,
            "max": 133.27321
        },
        "data_sent": {
            "count": 25946000,
            "rate": 105293.92834950544
        }
    }
}