{
    "root_group": {
        "checks": {
            "status 200": {
                "name": "status 200",
                "path": "::status 200",
                "id": "fad9fa412b86fcb03bee97c80dcd61f1",
                "passes": 190513,
                "fails": 21407
            }
        },
        "name": "",
        "path": "",
        "id": "d41d8cd98f00b204e9800998ecf8427e",
        "groups": {}
    },
    "metrics": {
        "http_req_receiving": {
            "min": 0.012792,
            "med": 0.051549,
            "max": 61.271945,
            "p(90)": 0.16182200000000005,
            "p(95)": 0.2189454499999999,
            "avg": 0.08774992137127055
        },
        "http_req_connecting": {
            "p(90)": 0,
            "p(95)": 0,
            "avg": 0.007442046210834272,
            "min": 0,
            "med": 0,
            "max": 28.68188
        },
        "http_req_waiting": {
            "p(90)": 5380.096133,
            "p(95)": 5392.30735135,
            "avg": 1001.6593254900516,
            "min": 0.383878,
            "med": 1.2415275000000001,
            "max": 5995.216629
        },
        "data_received": {
            "count": 63162359,
            "rate": 256311.69257722274
        },
        "http_req_sending": {
            "min": 0.005208,
            "med": 0.015651,
            "max": 21.087862,
            "p(90)": 0.038438300000000016,
            "p(95)": 0.10647014999999996,
            "avg": 0.0380589278642889
        },
        "http_req_tls_handshaking": {
            "avg": 0,
            "min": 0,
            "med": 0,
            "max": 0,
            "p(90)": 0,
            "p(95)": 0
        },
        "data_sent": {
            "count": 25917486,
            "rate": 105172.68210337861
        },
        "iterations": {
            "count": 211920,
            "rate": 859.9674671898345
        },
        "http_req_duration{expected_response:true}": {
            "max": 5995.297409,
            "p(90)": 5382.847099,
            "p(95)": 5393.7226682,
            "avg": 1113.3544812785024,
            "min": 0.488711,
            "med": 1.341128
        },
        "iteration_duration": {
            "avg": 2002.5810796758346,
            "min": 1000.619928,
            "med": 1002.0359605,
            "max": 6996.097067,
            "p(90)": 6381.0079431,
            "p(95)": 6393.2364715
        },
        "http_req_duration": {
            "avg": 1001.785134339272,
            "min": 0.443112,
            "med": 1.3341880000000002,
            "max": 5995.297409,
            "p(90)": 5380.240233,
            "p(95)": 5392.453120149999
        },
        "http_req_failed": {
            "passes": 21407,
            "fails": 190513,
            "value": 0.10101453378633446
        },
        "checks": {
            "passes": 190513,
            "fails": 21407,
            "value": 0.8989854662136655
        },
        "vus_max": {
            "value": 2000,
            "min": 2000,
            "max": 2000
        },
        "http_reqs": {
            "count": 211920,
            "rate": 859.9674671898345
        },
        "vus": {
            "value": 179,
            "min": 17,
            "max": 2000
        },
        "http_req_blocked": {
            "p(95)": 0.007404049999999988,
            "avg": 0.013843684734805507,
            "min": 0.001292,
            "med": 0.003869,
            "max": 31.105622,
            "p(90)": 0.005511
        }
    }
}