{
    "root_group": {
        "name": "",
        "path": "",
        "id": "d41d8cd98f00b204e9800998ecf8427e",
        "groups": {},
        "checks": {
                "status 200": {
                    "name": "status 200",
                    "path": "::status 200",
                    "id": "fad9fa412b86fcb03bee97c80dcd61f1",
                    "passes": 190155,
                    "fails": 21663
                }
            }
    },
    "metrics": {
        "vus_max": {
            "value": 2000,
            "min": 2000,
            "max": 2000
        },
        "http_req_connecting": {
            "p(90)": 0,
            "p(95)": 0,
            "avg": 0.008910582377323933,
            "min": 0,
            "med": 0,
            "max": 64.477899
        },
        "http_req_receiving": {
            "p(90)": 0.1650503,
            "p(95)": 0.22455404999999995,
            "avg": 0.09088739876686289,
            "min": 0.012966,
            "med": 0.051569,
            "max": 54.077356
        },
        "checks": {
            "passes": 190155,
            "fails": 21663,
            "value": 0.8977282383933377
        },
        "iteration_duration": {
            "avg": 2002.950274506393,
            "min": 1000.60473,
            "med": 1002.044763,
            "max": 6813.119842,
            "p(90)": 6380.3757386,
            "p(95)": 6393.3417259
        },
        "http_req_duration{expected_response:true}": {
            "avg": 1114.9805823479508,
            "min": 0.481617,
            "med": 1.341976,
            "max": 5808.140356,
            "p(90)": 5382.3944726,
            "p(95)": 5393.9643137
        },
        "http_req_duration": {
            "max": 5808.140356,
            "p(90)": 5379.683431,
            "p(95)": 5392.52058675,
            "avg": 1002.1227128487118,
            "min": 0.415413,
            "med": 1.336458
        },
        "http_reqs": {
            "count": 211818,
            "rate": 859.7959919077655
        },
        "vus": {
            "value": 157,
            "min": 19,
            "max": 2000
        },
        "iterations": {
            "count": 211818,
            "rate": 859.7959919077655
        },
        "http_req_blocked": {
            "max": 68.319531,
            "p(90)": 0.005546,
            "p(95)": 0.007581149999999994,
            "avg": 0.015395467774221674,
            "min": 0.001297,
            "med": 0.003863
        },
        "http_req_waiting": {
            "avg": 1001.9887655036479,
            "min": 0.377188,
            "med": 1.2430005,
            "max": 5807.871407,
            "p(90)": 5379.5633237,
            "p(95)": 5392.3645626
        },
        "http_req_sending": {
            "min": 0.005036,
            "med": 0.015669,
            "max": 35.909654,
            "p(90)": 0.04100060000000003,
            "p(95)": 0.11268934999999995,
            "avg": 0.04305994629351578
        },
        "data_received": {
            "rate": 256398.95587371013,
            "count": 63166047
        },
        "http_req_tls_handshaking": {
            "max": 0,
            "p(90)": 0,
            "p(95)": 0,
            "avg": 0,
            "min": 0,
            "med": 0
        },
        "data_sent": {
            "count": 25905706,
            "rate": 105154.52976772962
        },
        "http_req_failed": {
            "passes": 21663,
            "fails": 190155,
            "value": 0.10227176160666232
        }
    }
}