{
    "metrics": {
        "iterations": {
            "count": 20690,
            "rate": 85.83155685873938
        },
        "http_req_receiving": {
            "p(90)": 0.09209040000000003,
            "p(95)": 0.10968064999999995,
            "avg": 0.07971942073465453,
            "min": 0.017423,
            "med": 0.0691005,
            "max": 26.042414
        },
        "http_req_waiting": {
            "med": 1.4223925,
            "max": 99.001576,
            "p(90)": 51.7254874,
            "p(95)": 52.23049585,
            "avg": 16.462294897051716,
            "min": 0.498254
        },
        "http_req_connecting": {
            "p(90)": 0,
            "p(95)": 0,
            "avg": 0.0031682707104881583,
            "min": 0,
            "med": 0,
            "max": 10.535927
        },
        "vus": {
            "value": 5,
            "min": 2,
            "max": 100
        },
        "http_reqs": {
            "count": 20690,
            "rate": 85.83155685873938
        },
        "http_req_sending": {
            "avg": 0.02799839212179811,
            "min": 0.006556,
            "med": 0.025863,
            "max": 10.09762,
            "p(90)": 0.032279400000000014,
            "p(95)": 0.040549550000000004
        },
        "data_sent": {
            "count": 2530320,
            "rate": 10496.921457264642
        },
        "http_req_blocked": {
            "max": 12.113985,
            "p(90)": 0.006148100000000002,
            "p(95)": 0.006956549999999999,
            "avg": 0.01000751449975827,
            "min": 0.001664,
            "med": 0.004801
        },
        "iteration_duration": {
            "p(95)": 1053.284917,
            "avg": 1017.3636075187567,
            "min": 1000.751025,
            "med": 1002.4067660000001,
            "max": 1099.736818,
            "p(90)": 1052.7258491
        },
        "vus_max": {
            "value": 100,
            "min": 100,
            "max": 100
        },
        "http_req_failed": {
            "passes": 0,
            "fails": 20690,
            "value": 0
        },
        "http_req_duration": {
            "min": 0.548402,
            "med": 1.5184595,
            "max": 99.063485,
            "p(90)": 51.838760199999996,
            "p(95)": 52.352754049999994,
            "avg": 16.57001270990801
        },
        "data_received": {
            "count": 6036514,
            "rate": 25042.21336972336
        },
        "http_req_duration{expected_response:true}": {
            "med": 1.5184595,
            "max": 99.063485,
            "p(90)": 51.838760199999996,
            "p(95)": 52.352754049999994,
            "avg": 16.57001270990801,
            "min": 0.548402
        },
        "http_req_tls_handshaking": {
            "p(90)": 0,
            "p(95)": 0,
            "avg": 0,
            "min": 0,
            "med": 0,
            "max": 0
        },
        "checks": {
            "passes": 20690,
            "fails": 0,
            "value": 1
        }
    },
    "root_group": {
        "name": "",
        "path": "",
        "id": "d41d8cd98f00b204e9800998ecf8427e",
        "groups": {},
        "checks": {
                "status 200": {
                    "name": "status 200",
                    "path": "::status 200",
                    "id": "fad9fa412b86fcb03bee97c80dcd61f1",
                    "passes": 20690,
                    "fails": 0
                }
            }
    }
}