{
    "root_group": {
        "checks": {
            "status 200": {
                "fails": 3841,
                "name": "status 200",
                "path": "::status 200",
                "id": "fad9fa412b86fcb03bee97c80dcd61f1",
                "passes": 35409
            }
        },
        "name": "",
        "path": "",
        "id": "d41d8cd98f00b204e9800998ecf8427e",
        "groups": {}
    },
    "metrics": {
        "vus": {
            "value": 7,
            "min": 7,
            "max": 1000
        },
        "data_sent": {
            "rate": 11586.007756868787,
            "count": 3115585
        },
        "data_received": {
            "count": 9460602,
            "rate": 35181.38909920556
        },
        "http_req_duration": {
            "max": 60133.024161,
            "p(90)": 53.7272916,
            "p(95)": 3422.474741899867,
            "avg": 2265.7131263123365,
            "min": 0,
            "med": 1.329526
        },
        "http_reqs": {
            "rate": 145.96000573153995,
            "count": 39250
        },
        "http_req_connecting": {
            "min": 0,
            "med": 0,
            "max": 19752.331738,
            "p(90)": 0,
            "p(95)": 0.26734209999999997,
            "avg": 241.07588070957956
        },
        "iteration_duration": {
            "p(90)": 31001.0573948,
            "p(95)": 31002.21538045,
            "avg": 5590.5821188374985,
            "min": 1000.4027,
            "med": 1002.9711115,
            "max": 61135.824156
        },
        "checks": {
            "passes": 35409,
            "fails": 3841,
            "value": 0.902140127388535
        },
        "http_req_sending": {
            "max": 52.301316,
            "p(90)": 0.03997149999999998,
            "p(95)": 0.06844055,
            "avg": 0.04486497650955419,
            "min": 0,
            "med": 0.022434
        },
        "http_req_tls_handshaking": {
            "min": 0,
            "med": 0,
            "max": 0,
            "p(90)": 0,
            "p(95)": 0,
            "avg": 0
        },
        "http_req_waiting": {
            "avg": 2265.5750686638216,
            "min": 0,
            "med": 1.1949144999999999,
            "max": 60131.367855,
            "p(90)": 53.59793809999999,
            "p(95)": 3422.2073352498655
        },
        "vus_max": {
            "value": 1000,
            "min": 1000,
            "max": 1000
        },
        "http_req_duration{expected_response:true}": {
            "p(95)": 55.6388718,
            "avg": 762.818845371911,
            "min": 0.256241,
            "med": 1.58874,
            "max": 55542.890843,
            "p(90)": 52.866213
        },
        "http_req_receiving": {
            "avg": 0.09319267199999978,
            "min": 0,
            "med": 0.0661665,
            "max": 86.750137,
            "p(90)": 0.1012633,
            "p(95)": 0.18979834999999975
        },
        "http_req_failed": {
            "passes": 3841,
            "fails": 35409,
            "value": 0.09785987261146496
        },
        "http_req_blocked": {
            "max": 19752.427102,
            "p(90)": 0.007156099999999999,
            "p(95)": 0.3414752999999984,
            "avg": 241.0892452432862,
            "min": 0,
            "med": 0.004874
        },
        "iterations": {
            "count": 39250,
            "rate": 145.96000573153995
        }
    }
}