{
    "root_group": {
        "id": "d41d8cd98f00b204e9800998ecf8427e",
        "groups": {},
        "checks": {
                "status 200": {
                    "id": "fad9fa412b86fcb03bee97c80dcd61f1",
                    "passes": 35626,
                    "fails": 10566,
                    "name": "status 200",
                    "path": "::status 200"
                }
            },
        "name": "",
        "path": ""
    },
    "metrics": {
        "iterations": {
            "count": 46147,
            "rate": 170.91179011353736
        },
        "iteration_duration": {
            "min": 1000.365909,
            "med": 1004.640295,
            "max": 61010.651406,
            "p(90)": 31001.8546208,
            "p(95)": 31002.954483499998,
            "avg": 9596.576166271467
        },
        "http_req_connecting": {
            "max": 19752.652779,
            "p(90)": 0,
            "p(95)": 0.2915120499999999,
            "avg": 241.8516561900328,
            "min": 0,
            "med": 0
        },
        "http_req_duration{expected_response:true}": {
            "avg": 861.7905634043958,
            "min": 0.235267,
            "med": 1.4450305,
            "max": 59446.017106,
            "p(90)": 52.728513500000005,
            "p(95)": 55.40362125
        },
        "vus_max": {
            "value": 2000,
            "min": 2000,
            "max": 2000
        },
        "http_req_waiting": {
            "med": 0.428457,
            "max": 60007.278587,
            "p(90)": 53.1273782,
            "p(95)": 7313.99240279999,
            "avg": 2514.763154725729,
            "min": 0
        },
        "data_received": {
            "count": 9514343,
            "rate": 35237.68379058668
        },
        "http_req_duration": {
            "p(95)": 7314.338724899992,
            "avg": 2514.8592265569478,
            "min": 0,
            "med": 0.5316110000000001,
            "max": 60007.345807,
            "p(90)": 53.23425890000001
        },
        "http_req_receiving": {
            "avg": 0.06134032622532053,
            "min": 0,
            "med": 0.067534,
            "max": 9.777681,
            "p(90)": 0.0940269,
            "p(95)": 0.10421235
        },
        "vus": {
            "value": 46,
            "min": 18,
            "max": 2000
        },
        "data_sent": {
            "count": 3168371,
            "rate": 11734.499736793692
        },
        "checks": {
            "passes": 35626,
            "fails": 10566,
            "value": 0.771259092483547
        },
        "http_req_sending": {
            "min": 0,
            "med": 0.020778,
            "max": 6.784537,
            "p(90)": 0.0435359,
            "p(95)": 0.07902514999999997,
            "avg": 0.03473150500086569
        },
        "http_reqs": {
            "count": 46192,
            "rate": 171.07845383068278
        },
        "http_req_failed": {
            "passes": 10566,
            "fails": 35626,
            "value": 0.22874090751645307
        },
        "http_req_blocked": {
            "max": 19752.690028,
            "p(90)": 0.011053,
            "p(95)": 0.37527784999999997,
            "avg": 241.8597391359983,
            "min": 0,
            "med": 0.004291
        },
        "http_req_tls_handshaking": {
            "avg": 0,
            "min": 0,
            "med": 0,
            "max": 0,
            "p(90)": 0,
            "p(95)": 0
        }
    }
}