{
    "root_group": {
        "name": "",
        "path": "",
        "id": "d41d8cd98f00b204e9800998ecf8427e",
        "groups": {},
        "checks": {
                "status 200": {
                    "id": "fad9fa412b86fcb03bee97c80dcd61f1",
                    "passes": 34659,
                    "fails": 786,
                    "name": "status 200",
                    "path": "::status 200"
                }
            }
    },
    "metrics": {
        "http_req_receiving": {
            "avg": 0.06959064756665227,
            "min": 0,
            "med": 0.062276,
            "max": 15.230679,
            "p(90)": 0.08556300000000003,
            "p(95)": 0.0990255999999998
        },
        "http_req_tls_handshaking": {
            "p(90)": 0,
            "p(95)": 0,
            "avg": 0,
            "min": 0,
            "med": 0,
            "max": 0
        },
        "http_req_duration{expected_response:true}": {
            "p(95)": 54.5565362,
            "avg": 878.8521142516189,
            "min": 0.262553,
            "med": 1.424147,
            "max": 59987.064199,
            "p(90)": 52.5846646
        },
        "checks": {
            "passes": 34659,
            "fails": 786,
            "value": 0.9778247989843419
        },
        "http_req_waiting": {
            "max": 60006.364618,
            "p(90)": 52.7670738,
            "p(95)": 55.98065579999993,
            "avg": 1869.8550460776676,
            "min": 0,
            "med": 1.402573
        },
        "http_req_sending": {
            "avg": 0.031478771448723436,
            "min": 0,
            "med": 0.022746,
            "max": 25.627074,
            "p(90)": 0.0356522,
            "p(95)": 0.04540679999999995
        },
        "http_req_duration": {
            "p(95)": 56.134748199999954,
            "avg": 1869.9561154966798,
            "min": 0,
            "med": 1.49882,
            "max": 60006.535234,
            "p(90)": 52.874131600000005
        },
        "http_req_connecting": {
            "med": 0,
            "max": 19662.176059,
            "p(90)": 0,
            "p(95)": 0,
            "avg": 23.967893559091536,
            "min": 0
        },
        "http_reqs": {
            "count": 35445,
            "rate": 138.76990511368479
        },
        "http_req_failed": {
            "passes": 786,
            "fails": 34659,
            "value": 0.02217520101565806
        },
        "iteration_duration": {
            "p(90)": 1053.9580276,
            "p(95)": 1058.8362935999999,
            "avg": 3053.877906236526,
            "min": 1000.394735,
            "med": 1002.242727,
            "max": 61023.381978
        },
        "iterations": {
            "rate": 138.76990511368479,
            "count": 35445
        },
        "data_received": {
            "count": 9260684,
            "rate": 36256.29115440313
        },
        "http_req_blocked": {
            "min": 0,
            "med": 0.004849,
            "max": 19662.244163,
            "p(90)": 0.006538600000000002,
            "p(95)": 0.01979459999999997,
            "avg": 23.97717294504164
        },
        "vus_max": {
            "min": 500,
            "max": 500,
            "value": 500
        },
        "vus": {
            "value": 50,
            "min": 8,
            "max": 500
        },
        "data_sent": {
            "count": 3007414,
            "rate": 11774.257452886648
        }
    }
}