{
    "root_group": {
        "name": "",
        "path": "",
        "id": "d41d8cd98f00b204e9800998ecf8427e",
        "groups": {},
        "checks": {
                "status 200": {
                    "name": "status 200",
                    "path": "::status 200",
                    "id": "fad9fa412b86fcb03bee97c80dcd61f1",
                    "passes": 190125,
                    "fails": 22082
                }
            }
    },
    "metrics": {
        "http_req_connecting": {
            "avg": 0.007395068588689334,
            "min": 0,
            "med": 0,
            "max": 36.991907,
            "p(90)": 0,
            "p(95)": 0
        },
        "iteration_duration": {
            "avg": 1999.3884412843377,
            "min": 1000.567462,
            "med": 1001.932668,
            "max": 6541.871197,
            "p(90)": 6384.7440902,
            "p(95)": 6396.897256
        },
        "http_req_blocked": {
            "avg": 0.01396063460206269,
            "min": 0.001355,
            "med": 0.003781,
            "max": 49.612563,
            "p(90)": 0.005258,
            "p(95)": 0.006943
        },
        "vus_max": {
            "value": 2000,
            "min": 2000,
            "max": 2000
        },
        "http_reqs": {
            "count": 212207,
            "rate": 861.2054148860976
        },
        "checks": {
            "passes": 190125,
            "fails": 22082,
            "value": 0.8959412271979718
        },
        "iterations": {
            "count": 212207,
            "rate": 861.2054148860976
        },
        "data_received": {
            "rate": 256681.72867055805,
            "count": 63248162
        },
        "http_req_waiting": {
            "med": 1.195411,
            "max": 5523.526762,
            "p(90)": 5383.8062758,
            "p(95)": 5395.8528944,
            "avg": 998.4163232674179,
            "min": 0.346588
        },
        "http_req_failed": {
            "passes": 22082,
            "fails": 190125,
            "value": 0.1040587728020282
        },
        "data_sent": {
            "count": 25953079,
            "rate": 105326.08334205124
        },
        "http_req_sending": {
            "max": 67.037303,
            "p(90)": 0.031893399999999995,
            "p(95)": 0.09107079999999992,
            "avg": 0.04530668758806217,
            "min": 0.005275,
            "med": 0.014402
        },
        "http_req_receiving": {
            "p(95)": 0.18778539999999996,
            "avg": 0.0839810369262083,
            "min": 0.012804,
            "med": 0.05036,
            "max": 88.054259,
            "p(90)": 0.14081599999999997
        },
        "vus": {
            "value": 168,
            "min": 18,
            "max": 2000
        },
        "http_req_duration{expected_response:true}": {
            "avg": 1114.3036202599164,
            "min": 0.47283,
            "med": 1.285333,
            "max": 5540.516344,
            "p(90)": 5386.5502134,
            "p(95)": 5397.4048278
        },
        "http_req_duration": {
            "min": 0.412279,
            "med": 1.278296,
            "max": 5540.516344,
            "p(90)": 5383.9542581999995,
            "p(95)": 5395.9908825,
            "avg": 998.5456109919418
        },
        "http_req_tls_handshaking": {
            "p(90)": 0,
            "p(95)": 0,
            "avg": 0,
            "min": 0,
            "med": 0,
            "max": 0
        }
    }
}