{
    "metrics": {
        "http_req_connecting": {
            "p(95)": 0,
            "avg": 0.003100136052771985,
            "min": 0,
            "med": 0,
            "max": 8.740185,
            "p(90)": 0
        },
        "iteration_duration": {
            "p(90)": 1056.1123984,
            "p(95)": 1068.3762336,
            "avg": 1020.9990046120347,
            "min": 1000.642736,
            "med": 1002.365361,
            "max": 3891.946347
        },
        "http_reqs": {
            "count": 103085,
            "rate": 427.6385122284616
        },
        "http_req_waiting": {
            "med": 1.407733,
            "max": 2890.729421,
            "p(90)": 55.1415408,
            "p(95)": 66.38918739999997,
            "avg": 19.920733841732492,
            "min": 0.470429
        },
        "http_req_receiving": {
            "p(95)": 0.17480679999999962,
            "avg": 0.09750867706261754,
            "min": 0.015011,
            "med": 0.056691,
            "max": 149.432854,
            "p(90)": 0.09510920000000007
        },
        "iterations": {
            "count": 103085,
            "rate": 427.6385122284616
        },
        "http_req_duration{expected_response:true}": {
            "p(90)": 55.261178799999996,
            "p(95)": 66.62386599999986,
            "avg": 20.0690777225882,
            "min": 0.531342,
            "med": 1.495575,
            "max": 2890.852375
        },
        "http_req_tls_handshaking": {
            "med": 0,
            "max": 0,
            "p(90)": 0,
            "p(95)": 0,
            "avg": 0,
            "min": 0
        },
        "http_req_sending": {
            "avg": 0.05083520379298579,
            "min": 0.005385,
            "med": 0.017039,
            "max": 100.38548,
            "p(90)": 0.028945600000000005,
            "p(95)": 0.04031819999999995
        },
        "http_req_failed": {
            "fails": 103085,
            "passes": 0,
            "value": 0
        },
        "http_req_duration": {
            "med": 1.495575,
            "max": 2890.852375,
            "p(90)": 55.261178799999996,
            "p(95)": 66.62386599999986,
            "avg": 20.0690777225882,
            "min": 0.531342
        },
        "vus_max": {
            "min": 500,
            "max": 500,
            "value": 500
        },
        "http_req_blocked": {
            "p(90)": 0.005472600000000005,
            "p(95)": 0.006437,
            "avg": 0.009432179133724497,
            "min": 0.001416,
            "med": 0.004096,
            "max": 21.043981
        },
        "vus": {
            "value": 67,
            "min": 8,
            "max": 500
        },
        "checks": {
            "passes": 103085,
            "fails": 0,
            "value": 1
        },
        "data_sent": {
            "count": 12607288,
            "rate": 52300.158932490056
        },
        "data_received": {
            "count": 30066917,
            "rate": 124729.80213587466
        }
    },
    "root_group": {
        "checks": {
            "status 200": {
                "name": "status 200",
                "path": "::status 200",
                "id": "fad9fa412b86fcb03bee97c80dcd61f1",
                "passes": 103085,
                "fails": 0
            }
        },
        "name": "",
        "path": "",
        "id": "d41d8cd98f00b204e9800998ecf8427e",
        "groups": {}
    }
}