{
    "metrics": {
        "iteration_duration": {
            "p(95)": 1053.22645615,
            "avg": 1017.3195643235052,
            "min": 1000.742996,
            "med": 1002.3966,
            "max": 1136.689037,
            "p(90)": 1052.7353127000001
        },
        "http_req_tls_handshaking": {
            "p(95)": 0,
            "avg": 0,
            "min": 0,
            "med": 0,
            "max": 0,
            "p(90)": 0
        },
        "http_req_sending": {
            "p(90)": 0.031195900000000002,
            "p(95)": 0.03863765000000001,
            "avg": 0.028278202542045223,
            "min": 0.006162,
            "med": 0.024597,
            "max": 27.920225
        },
        "http_req_failed": {
            "fails": 20692,
            "passes": 0,
            "value": 0
        },
        "data_sent": {
            "count": 2530566,
            "rate": 10501.433036381723
        },
        "http_reqs": {
            "rate": 85.86839955520252,
            "count": 20692
        },
        "http_req_duration": {
            "min": 0.564374,
            "med": 1.5064585,
            "max": 135.392557,
            "p(90)": 51.851355500000004,
            "p(95)": 52.30109905,
            "avg": 16.5522215732167
        },
        "http_req_waiting": {
            "max": 135.266605,
            "p(90)": 51.7425671,
            "p(95)": 52.1909176,
            "avg": 16.45132475734568,
            "min": 0.505284,
            "med": 1.413385
        },
        "data_received": {
            "count": 6036522,
            "rate": 25050.57428087039
        },
        "checks": {
            "passes": 20692,
            "fails": 0,
            "value": 1
        },
        "http_req_connecting": {
            "max": 4.436535,
            "p(90)": 0,
            "p(95)": 0,
            "avg": 0.002910501063212836,
            "min": 0,
            "med": 0
        },
        "iterations": {
            "count": 20692,
            "rate": 85.86839955520252
        },
        "vus": {
            "min": 1,
            "max": 100,
            "value": 1
        },
        "http_req_receiving": {
            "min": 0.013882,
            "med": 0.065998,
            "max": 17.686727,
            "p(90)": 0.08757960000000004,
            "p(95)": 0.0976896,
            "avg": 0.07261861332882265
        },
        "vus_max": {
            "min": 100,
            "max": 100,
            "value": 100
        },
        "http_req_blocked": {
            "p(95)": 0.006768350000000002,
            "avg": 0.008709597477285919,
            "min": 0.001604,
            "med": 0.004668,
            "max": 4.523329,
            "p(90)": 0.006001800000000003
        },
        "http_req_duration{expected_response:true}": {
            "avg": 16.5522215732167,
            "min": 0.564374,
            "med": 1.5064585,
            "max": 135.392557,
            "p(90)": 51.851355500000004,
            "p(95)": 52.30109905
        }
    },
    "root_group": {
        "name": "",
        "path": "",
        "id": "d41d8cd98f00b204e9800998ecf8427e",
        "groups": {},
        "checks": {
                "status 200": {
                    "name": "status 200",
                    "path": "::status 200",
                    "id": "fad9fa412b86fcb03bee97c80dcd61f1",
                    "passes": 20692,
                    "fails": 0
                }
            }
    }
}