{
    "metrics": {
        "http_req_connecting": {
            "max": 19752.516789,
            "p(90)": 0,
            "p(95)": 0.26930334999999933,
            "avg": 263.22059426916076,
            "min": 0,
            "med": 0
        },
        "http_reqs": {
            "count": 46214,
            "rate": 171.15965340088707
        },
        "http_req_tls_handshaking": {
            "avg": 0,
            "min": 0,
            "med": 0,
            "max": 0,
            "p(90)": 0,
            "p(95)": 0
        },
        "http_req_duration": {
            "p(95)": 8538.146612099994,
            "avg": 2494.7676190206253,
            "min": 0,
            "med": 0.540063,
            "max": 60001.24836,
            "p(90)": 53.3177278
        },
        "http_req_sending": {
            "p(95)": 0.08986849999999999,
            "avg": 0.036035534123858515,
            "min": 0,
            "med": 0.020718,
            "max": 17.970537,
            "p(90)": 0.0398707
        },
        "iteration_duration": {
            "avg": 9600.183296685214,
            "min": 1000.347478,
            "med": 1004.65134,
            "max": 61019.73537,
            "p(90)": 31001.8711641,
            "p(95)": 31003.6916248
        },
        "http_req_failed": {
            "passes": 10573,
            "fails": 35641,
            "value": 0.22878348552386724
        },
        "data_sent": {
            "count": 3170057,
            "rate": 11740.72483189198
        },
        "iterations": {
            "count": 46184,
            "rate": 171.04854443819121
        },
        "vus": {
            "value": 38,
            "min": 18,
            "max": 2000
        },
        "vus_max": {
            "max": 2000,
            "value": 2000,
            "min": 2000
        },
        "data_received": {
            "count": 9532164,
            "rate": 35303.628476228274
        },
        "http_req_blocked": {
            "avg": 263.2292122296492,
            "min": 0,
            "med": 0.004817,
            "max": 19752.587131,
            "p(90)": 0.0072644000000000085,
            "p(95)": 0.34747564999999986
        },
        "http_req_waiting": {
            "p(90)": 53.2069023,
            "p(95)": 8537.766805999994,
            "avg": 2494.6685986868065,
            "min": 0,
            "med": 0.441139,
            "max": 60001.183456
        },
        "http_req_duration{expected_response:true}": {
            "p(90)": 52.782709,
            "p(95)": 55.845756,
            "avg": 829.6780278874049,
            "min": 0.206432,
            "med": 1.432175,
            "max": 58983.783024
        },
        "checks": {
            "passes": 35641,
            "fails": 10573,
            "value": 0.7712165144761328
        },
        "http_req_receiving": {
            "avg": 0.06298479969273413,
            "min": 0,
            "med": 0.059659,
            "max": 41.020534,
            "p(90)": 0.086847,
            "p(95)": 0.10112894999999998
        }
    },
    "root_group": {
        "checks": {
            "status 200": {
                "passes": 35641,
                "fails": 10573,
                "name": "status 200",
                "path": "::status 200",
                "id": "fad9fa412b86fcb03bee97c80dcd61f1"
            }
        },
        "name": "",
        "path": "",
        "id": "d41d8cd98f00b204e9800998ecf8427e",
        "groups": {}
    }
}