{
    "metrics": {
        "http_req_tls_handshaking": {
            "avg": 0,
            "min": 0,
            "med": 0,
            "max": 0,
            "p(90)": 0,
            "p(95)": 0
        },
        "http_req_duration": {
            "min": 0.564486,
            "med": 1.5196195000000001,
            "max": 94.426148,
            "p(90)": 51.854853500000004,
            "p(95)": 52.404312,
            "avg": 16.61786026902251
        },
        "http_req_sending": {
            "min": 0.006606,
            "med": 0.025596,
            "max": 3.493673,
            "p(90)": 0.0321955,
            "p(95)": 0.040253,
            "avg": 0.026958499371555755
        },
        "http_req_failed": {
            "passes": 0,
            "fails": 20686,
            "value": 0
        },
        "vus": {
            "value": 5,
            "min": 2,
            "max": 100
        },
        "vus_max": {
            "value": 100,
            "min": 100,
            "max": 100
        },
        "data_sent": {
            "count": 2529859,
            "rate": 10496.015703520567
        },
        "http_req_connecting": {
            "min": 0,
            "med": 0,
            "max": 0.971919,
            "p(90)": 0,
            "p(95)": 0,
            "avg": 0.002757223919559122
        },
        "http_req_waiting": {
            "p(95)": 52.2910895,
            "avg": 16.512869348979915,
            "min": 0.511936,
            "med": 1.4215179999999998,
            "max": 94.215082,
            "p(90)": 51.741357
        },
        "data_received": {
            "count": 6032806,
            "rate": 25029.231475862132
        },
        "iterations": {
            "count": 20686,
            "rate": 85.82319443219028
        },
        "http_req_receiving": {
            "min": 0.01572,
            "med": 0.068541,
            "max": 18.883022,
            "p(90)": 0.091382,
            "p(95)": 0.10705125,
            "avg": 0.07803242067098531
        },
        "http_req_blocked": {
            "p(95)": 0.006907750000000001,
            "avg": 0.008906786570627502,
            "min": 0.001464,
            "med": 0.004747,
            "max": 6.165297,
            "p(90)": 0.006072
        },
        "iteration_duration": {
            "avg": 1017.4020335114972,
            "min": 1000.745577,
            "med": 1002.4160405,
            "max": 1095.634753,
            "p(90)": 1052.748076,
            "p(95)": 1053.28181675
        },
        "http_req_duration{expected_response:true}": {
            "max": 94.426148,
            "p(90)": 51.854853500000004,
            "p(95)": 52.404312,
            "avg": 16.61786026902251,
            "min": 0.564486,
            "med": 1.5196195000000001
        },
        "checks": {
            "fails": 0,
            "passes": 20686,
            "value": 1
        },
        "http_reqs": {
            "count": 20686,
            "rate": 85.82319443219028
        }
    },
    "root_group": {
        "name": "",
        "path": "",
        "id": "d41d8cd98f00b204e9800998ecf8427e",
        "groups": {},
        "checks": {
                "status 200": {
                    "name": "status 200",
                    "path": "::status 200",
                    "id": "fad9fa412b86fcb03bee97c80dcd61f1",
                    "passes": 20686,
                    "fails": 0
                }
            }
    }
}