{
    "root_group": {
        "name": "",
        "path": "",
        "id": "d41d8cd98f00b204e9800998ecf8427e",
        "groups": {},
        "checks": {
                "status 200": {
                    "name": "status 200",
                    "path": "::status 200",
                    "id": "fad9fa412b86fcb03bee97c80dcd61f1",
                    "passes": 141156,
                    "fails": 0
                }
            }
    },
    "metrics": {
        "vus_max": {
            "value": 1000,
            "min": 1000,
            "max": 1000
        },
        "http_req_tls_handshaking": {
            "p(95)": 0,
            "avg": 0,
            "min": 0,
            "med": 0,
            "max": 0,
            "p(90)": 0
        },
        "http_reqs": {
            "count": 141156,
            "rate": 581.1095931214404
        },
        "http_req_connecting": {
            "avg": 0.006806597154920801,
            "min": 0,
            "med": 0,
            "max": 27.981768,
            "p(90)": 0,
            "p(95)": 0
        },
        "http_req_receiving": {
            "min": 0.014436,
            "med": 0.052038,
            "max": 98.952703,
            "p(90)": 0.0953225,
            "p(95)": 0.16268275,
            "avg": 0.0757107215775452
        },
        "checks": {
            "passes": 141156,
            "fails": 0,
            "value": 1
        },
        "http_req_sending": {
            "p(90)": 0.025085,
            "p(95)": 0.03431425,
            "avg": 0.03425475388931377,
            "min": 0.005662,
            "med": 0.014807,
            "max": 66.298956
        },
        "data_received": {
            "count": 41253753,
            "rate": 169833.03310211684
        },
        "http_req_failed": {
            "passes": 0,
            "fails": 141156,
            "value": 0
        },
        "iterations": {
            "count": 141156,
            "rate": 581.1095931214404
        },
        "http_req_blocked": {
            "avg": 0.012483810450849184,
            "min": 0.001398,
            "med": 0.003802,
            "max": 34.229783,
            "p(90)": 0.005091,
            "p(95)": 0.006124
        },
        "http_req_waiting": {
            "avg": 493.8747170567164,
            "min": 0.473969,
            "med": 2.045915,
            "max": 3045.72722,
            "p(90)": 1986.6750585,
            "p(95)": 2341.2127339999997
        },
        "http_req_duration{expected_response:true}": {
            "max": 3045.845983,
            "p(90)": 1986.9754565,
            "p(95)": 2341.2791875,
            "avg": 493.9846825321942,
            "min": 0.507465,
            "med": 2.113884
        },
        "data_sent": {
            "count": 17122321,
            "rate": 70488.99791439752
        },
        "iteration_duration": {
            "max": 4046.148487,
            "p(90)": 2987.8991085,
            "p(95)": 3341.6867927499998,
            "avg": 1494.7812752520188,
            "min": 1000.59313,
            "med": 1002.5937704999999
        },
        "vus": {
            "value": 14,
            "min": 13,
            "max": 1000
        },
        "http_req_duration": {
            "max": 3045.845983,
            "p(90)": 1986.9754565,
            "p(95)": 2341.2791875,
            "avg": 493.9846825321942,
            "min": 0.507465,
            "med": 2.113884
        }
    }
}