{
    "metrics": {
        "http_req_connecting": {
            "avg": 0.002519064885496184,
            "min": 0,
            "med": 0,
            "max": 1.004586,
            "p(90)": 0,
            "p(95)": 0
        },
        "iterations": {
            "count": 20698,
            "rate": 85.8891353205563
        },
        "data_sent": {
            "count": 2531164,
            "rate": 10503.405513311458
        },
        "http_reqs": {
            "rate": 85.8891353205563,
            "count": 20698
        },
        "http_req_sending": {
            "p(90)": 0.03178649999999999,
            "p(95)": 0.03976415,
            "avg": 0.026132916078848083,
            "min": 0.006234,
            "med": 0.024328,
            "max": 6.125077
        },
        "http_req_blocked": {
            "avg": 0.008607023963667953,
            "min": 0.001565,
            "med": 0.004671,
            "max": 10.139513,
            "p(90)": 0.005948599999999999,
            "p(95)": 0.006719149999999998
        },
        "iteration_duration": {
            "avg": 1016.8944616121888,
            "min": 1000.651669,
            "med": 1002.3275935,
            "max": 1119.09995,
            "p(90)": 1052.6478893,
            "p(95)": 1053.16249485
        },
        "checks": {
            "passes": 20698,
            "fails": 0,
            "value": 1
        },
        "http_req_receiving": {
            "min": 0.016073,
            "med": 0.0662035,
            "max": 17.132828,
            "p(90)": 0.0880971,
            "p(95)": 0.10089169999999988,
            "avg": 0.07370025002415656
        },
        "http_req_duration": {
            "avg": 16.12323209049185,
            "min": 0.511538,
            "med": 1.458645,
            "max": 118.176288,
            "p(90)": 51.761141200000004,
            "p(95)": 52.248937149999996
        },
        "http_req_waiting": {
            "p(90)": 51.6511354,
            "p(95)": 52.12860405,
            "avg": 16.02339892438886,
            "min": 0.455699,
            "med": 1.3658860000000002,
            "max": 116.29499
        },
        "vus": {
            "min": 2,
            "max": 100,
            "value": 2
        },
        "data_received": {
            "count": 6047042,
            "rate": 25093.01423456795
        },
        "http_req_tls_handshaking": {
            "p(95)": 0,
            "avg": 0,
            "min": 0,
            "med": 0,
            "max": 0,
            "p(90)": 0
        },
        "vus_max": {
            "min": 100,
            "max": 100,
            "value": 100
        },
        "http_req_duration{expected_response:true}": {
            "avg": 16.12323209049185,
            "min": 0.511538,
            "med": 1.458645,
            "max": 118.176288,
            "p(90)": 51.761141200000004,
            "p(95)": 52.248937149999996
        },
        "http_req_failed": {
            "passes": 0,
            "fails": 20698,
            "value": 0
        }
    },
    "root_group": {
        "id": "d41d8cd98f00b204e9800998ecf8427e",
        "groups": {},
        "checks": {
                "status 200": {
                    "id": "fad9fa412b86fcb03bee97c80dcd61f1",
                    "passes": 20698,
                    "fails": 0,
                    "name": "status 200",
                    "path": "::status 200"
                }
            },
        "name": "",
        "path": ""
    }
}