{
    "root_group": {
        "groups": {},
        "checks": {
                "status 200": {
                    "name": "status 200",
                    "path": "::status 200",
                    "id": "fad9fa412b86fcb03bee97c80dcd61f1",
                    "passes": 20689,
                    "fails": 0
                }
            },
        "name": "",
        "path": "",
        "id": "d41d8cd98f00b204e9800998ecf8427e"
    },
    "metrics": {
        "iteration_duration": {
            "avg": 1017.457633017546,
            "min": 1000.700001,
            "med": 1002.38587,
            "max": 1190.627755,
            "p(90)": 1052.6940359999999,
            "p(95)": 1053.2119302
        },
        "data_received": {
            "count": 6030883,
            "rate": 25023.43916406094
        },
        "http_req_blocked": {
            "avg": 0.009243461404611124,
            "min": 0.001652,
            "med": 0.004642,
            "max": 6.81445,
            "p(90)": 0.005926,
            "p(95)": 0.006728799999999996
        },
        "http_req_tls_handshaking": {
            "p(95)": 0,
            "avg": 0,
            "min": 0,
            "med": 0,
            "max": 0,
            "p(90)": 0
        },
        "http_req_duration{expected_response:true}": {
            "avg": 16.632396577504885,
            "min": 0.569673,
            "med": 1.50743,
            "max": 150.146623,
            "p(90)": 51.834287,
            "p(95)": 52.2814356
        },
        "http_req_duration": {
            "avg": 16.632396577504885,
            "min": 0.569673,
            "med": 1.50743,
            "max": 150.146623,
            "p(90)": 51.834287,
            "p(95)": 52.2814356
        },
        "data_sent": {
            "count": 2530249,
            "rate": 10498.550862523121
        },
        "checks": {
            "passes": 20689,
            "fails": 0,
            "value": 1
        },
        "vus": {
            "value": 4,
            "min": 2,
            "max": 100
        },
        "http_req_failed": {
            "passes": 0,
            "fails": 20689,
            "value": 0
        },
        "http_reqs": {
            "count": 20689,
            "rate": 85.84313986281225
        },
        "http_req_connecting": {
            "avg": 0.0029687241529315097,
            "min": 0,
            "med": 0,
            "max": 3.791613,
            "p(90)": 0,
            "p(95)": 0
        },
        "http_req_receiving": {
            "med": 0.065473,
            "max": 76.343539,
            "p(90)": 0.0883102,
            "p(95)": 0.10480219999999998,
            "avg": 0.07829447808013895,
            "min": 0.017721
        },
        "iterations": {
            "count": 20689,
            "rate": 85.84313986281225
        },
        "http_req_sending": {
            "avg": 0.02680225283967314,
            "min": 0.006825,
            "med": 0.024007,
            "max": 12.510649,
            "p(90)": 0.030942200000000003,
            "p(95)": 0.037988399999999936
        },
        "http_req_waiting": {
            "max": 110.504522,
            "p(90)": 51.7200438,
            "p(95)": 52.1675246,
            "avg": 16.52729984658514,
            "min": 0.498813,
            "med": 1.416211
        },
        "vus_max": {
            "max": 100,
            "value": 100,
            "min": 100
        }
    }
}