{
    "metrics": {
        "checks": {
            "passes": 191524,
            "fails": 21000,
            "value": 0.9011876305734882
        },
        "http_req_failed": {
            "passes": 21000,
            "fails": 191524,
            "value": 0.09881236942651182
        },
        "http_req_duration": {
            "avg": 995.2934964013201,
            "min": 0.494784,
            "med": 1.371783,
            "max": 6184.34894,
            "p(90)": 5378.0681874,
            "p(95)": 5390.991831099999
        },
        "data_sent": {
            "rate": 105490.65221580345,
            "count": 25991331
        },
        "vus_max": {
            "value": 2000,
            "min": 2000,
            "max": 2000
        },
        "http_reqs": {
            "count": 212524,
            "rate": 862.5681913523941
        },
        "http_req_sending": {
            "p(95)": 0.1754408499999995,
            "avg": 0.18422785213905177,
            "min": 0.005069,
            "med": 0.015931,
            "max": 542.059274,
            "p(90)": 0.06216650000000006
        },
        "iterations": {
            "count": 212524,
            "rate": 862.5681913523941
        },
        "data_received": {
            "count": 63386541,
            "rate": 257266.06889788626
        },
        "http_req_blocked": {
            "avg": 0.017668014116052646,
            "min": 0.001251,
            "med": 0.003853,
            "max": 609.543068,
            "p(90)": 0.005586,
            "p(95)": 0.007702849999999976
        },
        "http_req_receiving": {
            "max": 230.469609,
            "p(90)": 0.16731970000000002,
            "p(95)": 0.231687,
            "avg": 0.11729458239069618,
            "min": 0.012333,
            "med": 0.05118
        },
        "http_req_tls_handshaking": {
            "avg": 0,
            "min": 0,
            "med": 0,
            "max": 0,
            "p(90)": 0,
            "p(95)": 0
        },
        "http_req_duration{expected_response:true}": {
            "p(95)": 5392.316751,
            "avg": 1104.0000434722294,
            "min": 0.494784,
            "med": 1.378635,
            "max": 6184.34894,
            "p(90)": 5380.8150174
        },
        "http_req_connecting": {
            "avg": 0.0074851847603094246,
            "min": 0,
            "med": 0,
            "max": 22.87328,
            "p(90)": 0,
            "p(95)": 0
        },
        "vus": {
            "value": 165,
            "min": 18,
            "max": 2000
        },
        "http_req_waiting": {
            "p(90)": 5377.903540800001,
            "p(95)": 5390.81972595,
            "avg": 994.9919739667725,
            "min": 0.453418,
            "med": 1.272704,
            "max": 6055.163036
        },
        "iteration_duration": {
            "p(95)": 6391.93864795,
            "avg": 1996.4822423834646,
            "min": 1000.620478,
            "med": 1002.1232525,
            "max": 7186.650916,
            "p(90)": 6378.8637197
        }
    },
    "root_group": {
        "path": "",
        "id": "d41d8cd98f00b204e9800998ecf8427e",
        "groups": {},
        "checks": {
                "status 200": {
                    "name": "status 200",
                    "path": "::status 200",
                    "id": "fad9fa412b86fcb03bee97c80dcd61f1",
                    "passes": 191524,
                    "fails": 21000
                }
            },
        "name": ""
    }
}