{
    "metrics": {
        "http_reqs": {
            "count": 212075,
            "rate": 860.7015196775928
        },
        "iterations": {
            "count": 212075,
            "rate": 860.7015196775928
        },
        "http_req_duration": {
            "avg": 998.9426729442149,
            "min": 0.433993,
            "med": 1.298154,
            "max": 6329.995748,
            "p(90)": 5378.9265116,
            "p(95)": 5392.1405355
        },
        "http_req_duration{expected_response:true}": {
            "avg": 1109.7012850802687,
            "min": 0.469188,
            "med": 1.3038215,
            "max": 6329.995748,
            "p(90)": 5381.7094987,
            "p(95)": 5393.5244855
        },
        "iteration_duration": {
            "avg": 2000.5832870706818,
            "min": 1000.593633,
            "med": 1001.978641,
            "max": 7330.511715,
            "p(90)": 6379.7350784,
            "p(95)": 6393.0624468
        },
        "http_req_tls_handshaking": {
            "avg": 0,
            "min": 0,
            "med": 0,
            "max": 0,
            "p(90)": 0,
            "p(95)": 0
        },
        "http_req_failed": {
            "passes": 21283,
            "fails": 190792,
            "value": 0.10035600612990687
        },
        "data_sent": {
            "count": 25936927,
            "rate": 105264.42289127332
        },
        "http_req_connecting": {
            "min": 0,
            "med": 0,
            "max": 45.418554,
            "p(90)": 0,
            "p(95)": 0,
            "avg": 0.006320519787810917
        },
        "http_req_sending": {
            "avg": 0.18518265681480398,
            "min": 0.005311,
            "med": 0.014917,
            "max": 322.785581,
            "p(90)": 0.038106200000000014,
            "p(95)": 0.12113349999999995
        },
        "http_req_waiting": {
            "min": 0.389871,
            "med": 1.213565,
            "max": 6206.484307,
            "p(90)": 5378.7612428,
            "p(95)": 5391.9642085,
            "avg": 998.6532849755674
        },
        "vus": {
            "value": 164,
            "min": 18,
            "max": 2000
        },
        "vus_max": {
            "value": 2000,
            "min": 2000,
            "max": 2000
        },
        "checks": {
            "passes": 190792,
            "fails": 21283,
            "value": 0.8996439938700931
        },
        "http_req_blocked": {
            "p(90)": 0.005312,
            "p(95)": 0.007081,
            "avg": 0.012757343241777687,
            "min": 0.001292,
            "med": 0.00378,
            "max": 45.519476
        },
        "data_received": {
            "count": 63254838,
            "rate": 256718.30811533632
        },
        "http_req_receiving": {
            "avg": 0.10420531182836208,
            "min": 0.01202,
            "med": 0.050702,
            "max": 450.154819,
            "p(90)": 0.13506020000000013,
            "p(95)": 0.19012629999999997
        }
    },
    "root_group": {
        "id": "d41d8cd98f00b204e9800998ecf8427e",
        "groups": {},
        "checks": {
                "status 200": {
                    "name": "status 200",
                    "path": "::status 200",
                    "id": "fad9fa412b86fcb03bee97c80dcd61f1",
                    "passes": 190792,
                    "fails": 21283
                }
            },
        "name": "",
        "path": ""
    }
}