{
    "root_group": {
        "groups": {},
        "checks": {
                "status 200": {
                    "name": "status 200",
                    "path": "::status 200",
                    "id": "fad9fa412b86fcb03bee97c80dcd61f1",
                    "passes": 20682,
                    "fails": 0
                }
            },
        "name": "",
        "path": "",
        "id": "d41d8cd98f00b204e9800998ecf8427e"
    },
    "metrics": {
        "vus": {
            "value": 3,
            "min": 2,
            "max": 100
        },
        "data_sent": {
            "count": 2529441,
            "rate": 10495.743031474693
        },
        "http_req_failed": {
            "passes": 0,
            "fails": 20682,
            "value": 0
        },
        "http_reqs": {
            "rate": 85.81854938579694,
            "count": 20682
        },
        "http_req_tls_handshaking": {
            "med": 0,
            "max": 0,
            "p(90)": 0,
            "p(95)": 0,
            "avg": 0,
            "min": 0
        },
        "http_req_duration": {
            "p(90)": 52.0090876,
            "p(95)": 52.9030855,
            "avg": 16.896232593027754,
            "min": 0.531229,
            "med": 1.504405,
            "max": 128.461819
        },
        "http_req_receiving": {
            "med": 0.06989,
            "max": 3.870325,
            "p(90)": 0.09266830000000001,
            "p(95)": 0.10857095000000008,
            "avg": 0.07580585335073965,
            "min": 0.0163
        },
        "http_req_sending": {
            "max": 1.24145,
            "p(90)": 0.031847600000000004,
            "p(95)": 0.03934870000000001,
            "avg": 0.02593015501402167,
            "min": 0.006088,
            "med": 0.025476
        },
        "data_received": {
            "count": 6040129,
            "rate": 25063.103611018483
        },
        "http_req_duration{expected_response:true}": {
            "avg": 16.896232593027754,
            "min": 0.531229,
            "med": 1.504405,
            "max": 128.461819,
            "p(90)": 52.0090876,
            "p(95)": 52.9030855
        },
        "http_req_connecting": {
            "max": 2.237914,
            "p(90)": 0,
            "p(95)": 0,
            "avg": 0.002870506527415143,
            "min": 0,
            "med": 0
        },
        "http_req_blocked": {
            "avg": 0.008712779953582826,
            "min": 0.001583,
            "med": 0.004832,
            "max": 2.786698,
            "p(90)": 0.006141,
            "p(95)": 0.00695795
        },
        "checks": {
            "passes": 20682,
            "fails": 0,
            "value": 1
        },
        "http_req_waiting": {
            "p(95)": 52.7863335,
            "avg": 16.79449658466295,
            "min": 0.471319,
            "med": 1.410032,
            "max": 128.349653,
            "p(90)": 51.884254299999995
        },
        "iterations": {
            "count": 20682,
            "rate": 85.81854938579694
        },
        "iteration_duration": {
            "avg": 1017.6598487756518,
            "min": 1000.745779,
            "med": 1002.3502665000001,
            "max": 1129.639218,
            "p(90)": 1052.9493303,
            "p(95)": 1053.72087125
        },
        "vus_max": {
            "value": 100,
            "min": 100,
            "max": 100
        }
    }
}