{
    "metrics": {
        "data_received": {
            "count": 9507856,
            "rate": 35213.50158575997
        },
        "http_reqs": {
            "count": 45905,
            "rate": 170.0147530941057
        },
        "http_req_duration": {
            "p(95)": 39262.8674313999,
            "avg": 2769.6995561374456,
            "min": 0,
            "med": 0.668335,
            "max": 60013.382542,
            "p(90)": 53.848003399999996
        },
        "http_req_sending": {
            "med": 0.021031,
            "max": 18.807332,
            "p(90)": 0.04273539999999998,
            "p(95)": 0.10873019999999993,
            "avg": 0.04673278747413181,
            "min": 0
        },
        "http_req_waiting": {
            "min": 0,
            "med": 0.563729,
            "max": 60013.332118,
            "p(90)": 53.7430228,
            "p(95)": 39262.1445643999,
            "avg": 2769.589633437876
        },
        "vus": {
            "value": 71,
            "min": 18,
            "max": 2000
        },
        "http_req_connecting": {
            "p(90)": 0,
            "p(95)": 0.3897601999999994,
            "avg": 338.7948706773335,
            "min": 0,
            "med": 0,
            "max": 19752.530994
        },
        "data_sent": {
            "count": 3184314,
            "rate": 11793.494357566804
        },
        "http_req_failed": {
            "passes": 10327,
            "fails": 35578,
            "value": 0.2249646008060124
        },
        "http_req_tls_handshaking": {
            "p(95)": 0,
            "avg": 0,
            "min": 0,
            "med": 0,
            "max": 0,
            "p(90)": 0
        },
        "iterations": {
            "count": 45844,
            "rate": 169.78883217179356
        },
        "http_req_duration{expected_response:true}": {
            "p(90)": 53.0312341,
            "p(95)": 56.26188825,
            "avg": 873.6718474402733,
            "min": 0.270163,
            "med": 1.6341995,
            "max": 58871.018502
        },
        "checks": {
            "passes": 35578,
            "fails": 10327,
            "value": 0.7750353991939876
        },
        "http_req_blocked": {
            "p(90)": 0.0076811999999999965,
            "p(95)": 0.4749313999999989,
            "avg": 338.80598096562426,
            "min": 0,
            "med": 0.004641,
            "max": 19752.564652
        },
        "http_req_receiving": {
            "avg": 0.06318991210107817,
            "min": 0,
            "med": 0.058541,
            "max": 23.786962,
            "p(90)": 0.088318,
            "p(95)": 0.12320799999999997
        },
        "iteration_duration": {
            "min": 1000.403054,
            "med": 1005.1058355,
            "max": 61030.806308,
            "p(90)": 31001.9456481,
            "p(95)": 35468.09049369996,
            "avg": 9652.92122449737
        },
        "vus_max": {
            "value": 2000,
            "min": 2000,
            "max": 2000
        }
    },
    "root_group": {
        "name": "",
        "path": "",
        "id": "d41d8cd98f00b204e9800998ecf8427e",
        "groups": {},
        "checks": {
                "status 200": {
                    "passes": 35578,
                    "fails": 10327,
                    "name": "status 200",
                    "path": "::status 200",
                    "id": "fad9fa412b86fcb03bee97c80dcd61f1"
                }
            }
    }
}