{
    "root_group": {
        "name": "",
        "path": "",
        "id": "d41d8cd98f00b204e9800998ecf8427e",
        "groups": {},
        "checks": {
                "status 200": {
                    "name": "status 200",
                    "path": "::status 200",
                    "id": "fad9fa412b86fcb03bee97c80dcd61f1",
                    "passes": 190361,
                    "fails": 22001
                }
            }
    },
    "metrics": {
        "iteration_duration": {
            "max": 7660.816975,
            "p(90)": 6379.5513713,
            "p(95)": 6393.4620875499995,
            "avg": 1997.9217884926318,
            "min": 1000.58368,
            "med": 1002.0248655
        },
        "iterations": {
            "count": 212362,
            "rate": 861.5963351376853
        },
        "http_req_receiving": {
            "avg": 0.10428157204678652,
            "min": 0.012125,
            "med": 0.0500655,
            "max": 1009.711291,
            "p(90)": 0.13440459999999993,
            "p(95)": 0.189443
        },
        "http_reqs": {
            "count": 212362,
            "rate": 861.5963351376853
        },
        "data_sent": {
            "count": 25971865,
            "rate": 105373.20095257493
        },
        "http_req_duration": {
            "p(95)": 5392.559544600001,
            "avg": 995.3486721114591,
            "min": 0.426866,
            "med": 1.3286535000000002,
            "max": 6660.63781,
            "p(90)": 5378.7354037000005
        },
        "http_req_duration{expected_response:true}": {
            "avg": 1109.945380369636,
            "min": 0.474085,
            "med": 1.33047,
            "max": 6660.63781,
            "p(90)": 5381.844976,
            "p(95)": 5393.927853
        },
        "vus": {
            "value": 176,
            "min": 17,
            "max": 2000
        },
        "checks": {
            "passes": 190361,
            "fails": 22001,
            "value": 0.8963986023864909
        },
        "data_received": {
            "count": 63306219,
            "rate": 256846.358019908
        },
        "http_req_blocked": {
            "avg": 0.01599299315790991,
            "min": 0.001343,
            "med": 0.003778,
            "max": 885.529492,
            "p(90)": 0.005322,
            "p(95)": 0.007159849999999948
        },
        "http_req_waiting": {
            "avg": 994.9623208230788,
            "min": 0.37638,
            "med": 1.2451295,
            "max": 6567.034016,
            "p(90)": 5378.562794,
            "p(95)": 5392.3965524
        },
        "http_req_connecting": {
            "avg": 0.005950528310149654,
            "min": 0,
            "med": 0,
            "max": 13.680106,
            "p(90)": 0,
            "p(95)": 0
        },
        "http_req_failed": {
            "passes": 22001,
            "fails": 190361,
            "value": 0.103601397613509
        },
        "vus_max": {
            "value": 2000,
            "min": 2000,
            "max": 2000
        },
        "http_req_tls_handshaking": {
            "p(95)": 0,
            "avg": 0,
            "min": 0,
            "med": 0,
            "max": 0,
            "p(90)": 0
        },
        "http_req_sending": {
            "med": 0.014881,
            "max": 999.807053,
            "p(90)": 0.043797799999999984,
            "p(95)": 0.16846464999999952,
            "avg": 0.28206971631930483,
            "min": 0.005137
        }
    }
}