{
    "root_group": {
        "groups": {},
        "checks": {
                "status 200": {
                    "name": "status 200",
                    "path": "::status 200",
                    "id": "fad9fa412b86fcb03bee97c80dcd61f1",
                    "passes": 35408,
                    "fails": 3824
                }
            },
        "name": "",
        "path": "",
        "id": "d41d8cd98f00b204e9800998ecf8427e"
    },
    "metrics": {
        "http_req_receiving": {
            "p(90)": 0.07900460000000001,
            "p(95)": 0.08887735,
            "avg": 0.05621584601855621,
            "min": 0,
            "med": 0.0567445,
            "max": 6.400682
        },
        "http_req_waiting": {
            "max": 60008.370259,
            "p(90)": 53.391046300000006,
            "p(95)": 4459.437768099947,
            "avg": 2290.7249547658994,
            "min": 0,
            "med": 0.8430690000000001
        },
        "http_req_failed": {
            "passes": 3824,
            "fails": 35408,
            "value": 0.09747145187601958
        },
        "data_sent": {
            "rate": 11554.192120517384,
            "count": 3116575
        },
        "http_req_duration": {
            "min": 0,
            "med": 0.9216305,
            "max": 60008.417818,
            "p(90)": 53.475849600000004,
            "p(95)": 4459.6428204999465,
            "avg": 2290.806675965612
        },
        "http_req_duration{expected_response:true}": {
            "min": 0.211116,
            "med": 1.310022,
            "max": 55616.610057,
            "p(90)": 52.625808299999996,
            "p(95)": 55.25033180000001,
            "avg": 771.6439789665618
        },
        "http_req_connecting": {
            "avg": 244.7781500578346,
            "min": 0,
            "med": 0,
            "max": 19751.562793,
            "p(90)": 0,
            "p(95)": 0.21751174999999978
        },
        "data_received": {
            "count": 9456364,
            "rate": 35057.92301406006
        },
        "http_req_tls_handshaking": {
            "p(90)": 0,
            "p(95)": 0,
            "avg": 0,
            "min": 0,
            "med": 0,
            "max": 0
        },
        "http_req_blocked": {
            "avg": 244.78665897558034,
            "min": 0,
            "med": 0.004586,
            "max": 19751.620277,
            "p(90)": 0.006647900000000002,
            "p(95)": 0.2803070999999998
        },
        "http_reqs": {
            "count": 39232,
            "rate": 145.44622390673672
        },
        "http_req_sending": {
            "avg": 0.025505353690864763,
            "min": 0,
            "med": 0.0207955,
            "max": 2.676187,
            "p(90)": 0.03347600000000001,
            "p(95)": 0.0520671999999999
        },
        "vus": {
            "value": 16,
            "min": 14,
            "max": 1000
        },
        "checks": {
            "passes": 35408,
            "fails": 3824,
            "value": 0.9025285481239804
        },
        "iterations": {
            "count": 39232,
            "rate": 145.44622390673672
        },
        "vus_max": {
            "min": 1000,
            "max": 1000,
            "value": 1000
        },
        "iteration_duration": {
            "avg": 5597.961671874123,
            "min": 1000.324339,
            "med": 1002.5801405,
            "max": 61027.25986,
            "p(90)": 31001.003168799998,
            "p(95)": 31002.11275235
        }
    }
}