{
    "root_group": {
        "path": "",
        "id": "d41d8cd98f00b204e9800998ecf8427e",
        "groups": {},
        "checks": {
                "status 200": {
                    "path": "::status 200",
                    "id": "fad9fa412b86fcb03bee97c80dcd61f1",
                    "passes": 35694,
                    "fails": 10365,
                    "name": "status 200"
                }
            },
        "name": ""
    },
    "metrics": {
        "http_req_receiving": {
            "p(95)": 0.1029692,
            "avg": 0.06544775852710695,
            "min": 0,
            "med": 0.060415,
            "max": 34.68191,
            "p(90)": 0.08774840000000002
        },
        "iteration_duration": {
            "p(90)": 31001.8902289,
            "p(95)": 31020.127703950002,
            "avg": 9587.400317667247,
            "min": 1000.348902,
            "med": 1004.4833815,
            "max": 61032.950246
        },
        "http_req_sending": {
            "avg": 0.04049257463253634,
            "min": 0,
            "med": 0.020894,
            "max": 29.841778,
            "p(90)": 0.04198020000000005,
            "p(95)": 0.10054939999999996
        },
        "data_received": {
            "count": 9547583,
            "rate": 35360.759041933976
        },
        "http_req_tls_handshaking": {
            "p(95)": 0,
            "avg": 0,
            "min": 0,
            "med": 0,
            "max": 0,
            "p(90)": 0
        },
        "iterations": {
            "count": 45968,
            "rate": 170.2486767215976
        },
        "checks": {
            "passes": 35694,
            "fails": 10365,
            "value": 0.7749625480362144
        },
        "http_req_duration": {
            "med": 0.557357,
            "max": 60014.160256,
            "p(90)": 53.3429902,
            "p(95)": 14761.089013599978,
            "avg": 2675.713455577334,
            "min": 0
        },
        "vus_max": {
            "value": 2000,
            "min": 2000,
            "max": 2000
        },
        "http_req_failed": {
            "passes": 10365,
            "fails": 35694,
            "value": 0.22503745196378558
        },
        "http_req_blocked": {
            "avg": 298.41498061894646,
            "min": 0,
            "med": 0.004828,
            "max": 19752.307099,
            "p(90)": 0.007634800000000018,
            "p(95)": 0.3766635999999996
        },
        "http_req_waiting": {
            "avg": 2675.6075152441786,
            "min": 0,
            "med": 0.457557,
            "max": 60014.100314,
            "p(90)": 53.2200212,
            "p(95)": 14760.595316099978
        },
        "data_sent": {
            "count": 3180616,
            "rate": 11779.839565774908
        },
        "http_reqs": {
            "count": 46059,
            "rate": 170.58570747302613
        },
        "vus": {
            "value": 105,
            "min": 19,
            "max": 2000
        },
        "http_req_connecting": {
            "med": 0,
            "max": 19752.204223,
            "p(90)": 0,
            "p(95)": 0.29267589999999993,
            "avg": 298.40628358963534,
            "min": 0
        },
        "http_req_duration{expected_response:true}": {
            "p(90)": 52.7229886,
            "p(95)": 55.7161511,
            "avg": 972.0303184487294,
            "min": 0.215727,
            "med": 1.42136,
            "max": 59850.961757
        }
    }
}