{
    "root_group": {
        "name": "",
        "path": "",
        "id": "d41d8cd98f00b204e9800998ecf8427e",
        "groups": {},
        "checks": {
                "status 200": {
                    "passes": 20692,
                    "fails": 0,
                    "name": "status 200",
                    "path": "::status 200",
                    "id": "fad9fa412b86fcb03bee97c80dcd61f1"
                }
            }
    },
    "metrics": {
        "http_req_sending": {
            "max": 28.293201,
            "p(90)": 0.034098500000000004,
            "p(95)": 0.043138050000000004,
            "avg": 0.030273447322636864,
            "min": 0.006251,
            "med": 0.0257335
        },
        "http_req_waiting": {
            "min": 0.188383,
            "med": 0.459758,
            "max": 151.414715,
            "p(90)": 52.276702300000004,
            "p(95)": 53.91344000000001,
            "avg": 16.542433530639958
        },
        "http_req_tls_handshaking": {
            "p(90)": 0,
            "p(95)": 0,
            "avg": 0,
            "min": 0,
            "med": 0,
            "max": 0
        },
        "http_req_blocked": {
            "avg": 0.01168335105354728,
            "min": 0.001568,
            "med": 0.004979,
            "max": 3.475101,
            "p(90)": 0.006337,
            "p(95)": 0.007800100000000013
        },
        "checks": {
            "passes": 20692,
            "fails": 0,
            "value": 1
        },
        "data_received": {
            "count": 6045408,
            "rate": 25079.85996558004
        },
        "vus": {
            "value": 10,
            "min": 2,
            "max": 100
        },
        "iteration_duration": {
            "min": 1000.373853,
            "med": 1001.590119,
            "max": 1152.288577,
            "p(90)": 1053.1699627,
            "p(95)": 1054.9160880499999,
            "avg": 1017.458321011929
        },
        "iterations": {
            "count": 20692,
            "rate": 85.84242162113495
        },
        "http_reqs": {
            "count": 20692,
            "rate": 85.84242162113495
        },
        "data_sent": {
            "count": 1765026,
            "rate": 7322.351926554481
        },
        "vus_max": {
            "value": 100,
            "min": 100,
            "max": 100
        },
        "http_req_duration": {
            "max": 151.535094,
            "p(90)": 52.384721299999995,
            "p(95)": 54.01312815,
            "avg": 16.651565645370162,
            "min": 0.233436,
            "med": 0.5591245
        },
        "http_req_connecting": {
            "avg": 0.004680544268316255,
            "min": 0,
            "med": 0,
            "max": 2.135855,
            "p(90)": 0,
            "p(95)": 0
        },
        "http_req_receiving": {
            "max": 19.707098,
            "p(90)": 0.0912636,
            "p(95)": 0.10848345000000004,
            "avg": 0.07885866740769382,
            "min": 0.015365,
            "med": 0.0675295
        },
        "http_req_failed": {
            "passes": 0,
            "fails": 20692,
            "value": 0
        },
        "http_req_duration{expected_response:true}": {
            "p(95)": 54.01312815,
            "avg": 16.651565645370162,
            "min": 0.233436,
            "med": 0.5591245,
            "max": 151.535094,
            "p(90)": 52.384721299999995
        }
    }
}