{
    "root_group": {
        "name": "",
        "path": "",
        "id": "d41d8cd98f00b204e9800998ecf8427e",
        "groups": {},
        "checks": {
                "status 200": {
                    "name": "status 200",
                    "path": "::status 200",
                    "id": "fad9fa412b86fcb03bee97c80dcd61f1",
                    "passes": 102991,
                    "fails": 0
                }
            }
    },
    "metrics": {
        "http_req_connecting": {
            "med": 0,
            "max": 8.833291,
            "p(90)": 0,
            "p(95)": 0,
            "avg": 0.0032851653348350794,
            "min": 0
        },
        "http_req_failed": {
            "passes": 0,
            "fails": 102991,
            "value": 0
        },
        "iteration_duration": {
            "avg": 1021.9221983028638,
            "min": 1000.610024,
            "med": 1002.225253,
            "max": 1462.844264,
            "p(90)": 1063.394156,
            "p(95)": 1080.061866
        },
        "http_req_duration{expected_response:true}": {
            "min": 0.50519,
            "med": 1.39359,
            "max": 461.823634,
            "p(90)": 62.333367,
            "p(95)": 78.8519705,
            "avg": 21.01172682814049
        },
        "http_req_tls_handshaking": {
            "min": 0,
            "med": 0,
            "max": 0,
            "p(90)": 0,
            "p(95)": 0,
            "avg": 0
        },
        "vus": {
            "min": 8,
            "max": 500,
            "value": 69
        },
        "http_req_duration": {
            "p(90)": 62.333367,
            "p(95)": 78.8519705,
            "avg": 21.01172682814049,
            "min": 0.50519,
            "med": 1.39359,
            "max": 461.823634
        },
        "iterations": {
            "rate": 427.05942985184043,
            "count": 102991
        },
        "http_req_blocked": {
            "max": 28.501178,
            "p(90)": 0.005718,
            "p(95)": 0.0069085,
            "avg": 0.009714352477400882,
            "min": 0.001359,
            "med": 0.004326
        },
        "http_req_sending": {
            "min": 0.005754,
            "med": 0.017897,
            "max": 100.681072,
            "p(90)": 0.030965,
            "p(95)": 0.049608,
            "avg": 0.04660348920779545
        },
        "data_sent": {
            "count": 12595935,
            "rate": 52229.93096048045
        },
        "checks": {
            "passes": 102991,
            "fails": 0,
            "value": 1
        },
        "http_req_receiving": {
            "avg": 0.09686936034216626,
            "min": 0.013411,
            "med": 0.060608,
            "max": 107.718467,
            "p(90)": 0.122666,
            "p(95)": 0.1991905
        },
        "http_req_waiting": {
            "med": 1.304323,
            "max": 461.658495,
            "p(90)": 62.139618,
            "p(95)": 78.611549,
            "avg": 20.8682539785901,
            "min": 0.462287
        },
        "http_reqs": {
            "count": 102991,
            "rate": 427.05942985184043
        },
        "data_received": {
            "rate": 124792.67758275344,
            "count": 30095396
        },
        "vus_max": {
            "value": 500,
            "min": 500,
            "max": 500
        }
    }
}