{
    "root_group": {
        "checks": {
            "status 200": {
                "name": "status 200",
                "path": "::status 200",
                "id": "fad9fa412b86fcb03bee97c80dcd61f1",
                "passes": 34680,
                "fails": 784
            }
        },
        "name": "",
        "path": "",
        "id": "d41d8cd98f00b204e9800998ecf8427e",
        "groups": {}
    },
    "metrics": {
        "http_req_receiving": {
            "avg": 0.07754958033498739,
            "min": 0,
            "med": 0.0625125,
            "max": 45.389547,
            "p(90)": 0.0855581,
            "p(95)": 0.09896089999999995
        },
        "http_req_blocked": {
            "max": 19701.399935,
            "p(90)": 0.006594,
            "p(95)": 0.020878449999999948,
            "avg": 24.811492269399963,
            "min": 0,
            "med": 0.004857
        },
        "http_req_connecting": {
            "avg": 24.80045801739792,
            "min": 0,
            "med": 0,
            "max": 19701.323119,
            "p(90)": 0,
            "p(95)": 0
        },
        "iterations": {
            "count": 35464,
            "rate": 138.83076912123676
        },
        "http_req_tls_handshaking": {
            "avg": 0,
            "min": 0,
            "med": 0,
            "max": 0,
            "p(90)": 0,
            "p(95)": 0
        },
        "http_req_duration": {
            "max": 60010.561041,
            "p(90)": 52.7784805,
            "p(95)": 56.00301255,
            "avg": 1868.0323823251833,
            "min": 0,
            "med": 1.478167
        },
        "http_req_failed": {
            "passes": 784,
            "fails": 34680,
            "value": 0.022106925332731786
        },
        "http_req_sending": {
            "min": 0,
            "med": 0.023125,
            "max": 42.825865,
            "p(90)": 0.0365537,
            "p(95)": 0.04608464999999999,
            "avg": 0.03520226246334305
        },
        "vus_max": {
            "value": 500,
            "min": 500,
            "max": 500
        },
        "http_req_duration{expected_response:true}": {
            "min": 0.271622,
            "med": 1.4039435,
            "max": 59999.222263,
            "p(90)": 52.4955116,
            "p(95)": 54.38761725,
            "avg": 880.5091543032041
        },
        "http_req_waiting": {
            "p(90)": 52.6734248,
            "p(95)": 55.8888688,
            "avg": 1867.9196304823708,
            "min": 0,
            "med": 1.3795765,
            "max": 60010.515164
        },
        "iteration_duration": {
            "avg": 3052.7183353835444,
            "min": 1000.398386,
            "med": 1002.224348,
            "max": 61014.679072,
            "p(90)": 1053.8648955,
            "p(95)": 1058.9363184499998
        },
        "vus": {
            "min": 8,
            "max": 500,
            "value": 50
        },
        "http_reqs": {
            "count": 35464,
            "rate": 138.83076912123676
        },
        "checks": {
            "passes": 34680,
            "fails": 784,
            "value": 0.9778930746672683
        },
        "data_sent": {
            "count": 3008939,
            "rate": 11779.080634132783
        },
        "data_received": {
            "rate": 36304.53972738264,
            "count": 9273911
        }
    }
}