{
    "root_group": {
        "name": "",
        "path": "",
        "id": "d41d8cd98f00b204e9800998ecf8427e",
        "groups": {},
        "checks": {
                "status 200": {
                    "name": "status 200",
                    "path": "::status 200",
                    "id": "fad9fa412b86fcb03bee97c80dcd61f1",
                    "passes": 34669,
                    "fails": 784
                }
            }
    },
    "metrics": {
        "http_req_duration{expected_response:true}": {
            "max": 59997.367331,
            "p(90)": 52.6809832,
            "p(95)": 54.804011599999995,
            "avg": 882.6538299989342,
            "min": 0.258371,
            "med": 1.390409
        },
        "http_req_tls_handshaking": {
            "max": 0,
            "p(90)": 0,
            "p(95)": 0,
            "avg": 0,
            "min": 0,
            "med": 0
        },
        "iterations": {
            "count": 35453,
            "rate": 138.7792250170028
        },
        "http_req_failed": {
            "passes": 784,
            "fails": 34669,
            "value": 0.022113784447014357
        },
        "http_req_sending": {
            "p(90)": 0.035140199999999996,
            "p(95)": 0.046193600000000085,
            "avg": 0.0331299623163061,
            "min": 0,
            "med": 0.023139,
            "max": 54.754553
        },
        "http_req_receiving": {
            "max": 19.349408,
            "p(90)": 0.086673,
            "p(95)": 0.09869020000000002,
            "avg": 0.07411082650269407,
            "min": 0,
            "med": 0.063713
        },
        "checks": {
            "passes": 34669,
            "fails": 784,
            "value": 0.9778862155529856
        },
        "http_req_blocked": {
            "p(90)": 0.0064378,
            "p(95)": 0.019142600000000173,
            "avg": 23.106053381180665,
            "min": 0,
            "med": 0.004812,
            "max": 19482.809386
        },
        "data_sent": {
            "rate": 11775.303527732409,
            "count": 3008158
        },
        "http_req_connecting": {
            "avg": 23.096897750712227,
            "min": 0,
            "med": 0,
            "max": 19482.722463,
            "p(90)": 0,
            "p(95)": 0
        },
        "http_req_waiting": {
            "avg": 1870.2667780210234,
            "min": 0,
            "med": 1.374228,
            "max": 60012.22852,
            "p(90)": 52.999542999999996,
            "p(95)": 56.5156586
        },
        "data_received": {
            "count": 9259837,
            "rate": 36247.22879992577
        },
        "http_reqs": {
            "count": 35453,
            "rate": 138.7792250170028
        },
        "vus_max": {
            "value": 500,
            "min": 500,
            "max": 500
        },
        "vus": {
            "value": 50,
            "min": 8,
            "max": 500
        },
        "iteration_duration": {
            "med": 1002.237287,
            "max": 61031.178322,
            "p(90)": 1054.1959734,
            "p(95)": 1059.458694,
            "avg": 3053.3853441600772,
            "min": 1000.41357
        },
        "http_req_duration": {
            "max": 60012.27026,
            "p(90)": 53.1117154,
            "p(95)": 56.64316380000001,
            "avg": 1870.3740188098334,
            "min": 0,
            "med": 1.480565
        }
    }
}