{
    "root_group": {
        "name": "",
        "path": "",
        "id": "d41d8cd98f00b204e9800998ecf8427e",
        "groups": {},
        "checks": {
                "status 200": {
                    "path": "::status 200",
                    "id": "fad9fa412b86fcb03bee97c80dcd61f1",
                    "passes": 35388,
                    "fails": 3871,
                    "name": "status 200"
                }
            }
    },
    "metrics": {
        "http_req_sending": {
            "min": 0,
            "med": 0.022464,
            "max": 10.4827,
            "p(90)": 0.03952320000000001,
            "p(95)": 0.06432679999999996,
            "avg": 0.03086755095646865
        },
        "checks": {
            "passes": 35388,
            "fails": 3871,
            "value": 0.9013984054611681
        },
        "http_req_failed": {
            "passes": 3871,
            "fails": 35388,
            "value": 0.09860159453883185
        },
        "http_reqs": {
            "rate": 146.1561286404756,
            "count": 39259
        },
        "http_req_connecting": {
            "med": 0,
            "max": 19748.135522,
            "p(90)": 0,
            "p(95)": 0.22606709999999988,
            "avg": 222.49975491370134,
            "min": 0
        },
        "vus": {
            "value": 12,
            "min": 12,
            "max": 1000
        },
        "iterations": {
            "count": 39259,
            "rate": 146.1561286404756
        },
        "http_req_blocked": {
            "avg": 222.50965374087443,
            "min": 0,
            "med": 0.004964,
            "max": 19748.285054,
            "p(90)": 0.007218200000000004,
            "p(95)": 0.2922722999999991
        },
        "data_received": {
            "count": 9459749,
            "rate": 35217.40981050486
        },
        "http_req_duration{expected_response:true}": {
            "avg": 766.0114784051932,
            "min": 0.220698,
            "med": 1.384728,
            "max": 55474.756644,
            "p(90)": 52.6862327,
            "p(95)": 55.07817750000002
        },
        "http_req_receiving": {
            "p(90)": 0.08886060000000001,
            "p(95)": 0.10558069999999999,
            "avg": 0.06787217308133148,
            "min": 0,
            "med": 0.063682,
            "max": 8.485358
        },
        "vus_max": {
            "value": 1000,
            "min": 1000,
            "max": 1000
        },
        "http_req_tls_handshaking": {
            "med": 0,
            "max": 0,
            "p(90)": 0,
            "p(95)": 0,
            "avg": 0,
            "min": 0
        },
        "http_req_waiting": {
            "p(95)": 3106.1164412999938,
            "avg": 2229.9435223032956,
            "min": 0,
            "med": 0.875345,
            "max": 60010.223648,
            "p(90)": 53.27195260000001
        },
        "iteration_duration": {
            "p(90)": 31001.0557354,
            "p(95)": 31002.1494382,
            "avg": 5590.745015172113,
            "min": 1000.35852,
            "med": 1002.71119,
            "max": 61013.853844
        },
        "data_sent": {
            "count": 3110163,
            "rate": 11578.730571864988
        },
        "http_req_duration": {
            "avg": 2230.0422620273325,
            "min": 0,
            "med": 0.992199,
            "max": 60010.268878,
            "p(90)": 53.38842840000001,
            "p(95)": 3106.254149299994
        }
    }
}