{
    "root_group": {
        "id": "d41d8cd98f00b204e9800998ecf8427e",
        "groups": {},
        "checks": {
                "status 200": {
                    "id": "fad9fa412b86fcb03bee97c80dcd61f1",
                    "passes": 102291,
                    "fails": 0,
                    "name": "status 200",
                    "path": "::status 200"
                }
            },
        "name": "",
        "path": ""
    },
    "metrics": {
        "http_req_tls_handshaking": {
            "min": 0,
            "med": 0,
            "max": 0,
            "p(90)": 0,
            "p(95)": 0,
            "avg": 0
        },
        "vus_max": {
            "value": 500,
            "min": 500,
            "max": 500
        },
        "http_req_duration": {
            "min": 0.544902,
            "med": 1.585465,
            "max": 5199.811068,
            "p(90)": 56.076889,
            "p(95)": 74.495608,
            "avg": 27.27504135768548
        },
        "http_req_waiting": {
            "avg": 26.99395495560693,
            "min": 0.488902,
            "med": 1.488532,
            "max": 5199.647874,
            "p(90)": 55.923208,
            "p(95)": 74.0299505
        },
        "data_sent": {
            "count": 12510184,
            "rate": 51899.958671949316
        },
        "http_req_duration{expected_response:true}": {
            "avg": 27.27504135768548,
            "min": 0.544902,
            "med": 1.585465,
            "max": 5199.811068,
            "p(90)": 56.076889,
            "p(95)": 74.495608
        },
        "http_req_connecting": {
            "avg": 0.004823035545649173,
            "min": 0,
            "med": 0,
            "max": 35.2651,
            "p(90)": 0,
            "p(95)": 0
        },
        "http_req_failed": {
            "passes": 0,
            "fails": 102291,
            "value": 0
        },
        "http_req_receiving": {
            "min": 0.01395,
            "med": 0.057841,
            "max": 244.217153,
            "p(90)": 0.102879,
            "p(95)": 0.1871335,
            "avg": 0.14249550982980005
        },
        "checks": {
            "passes": 102291,
            "fails": 0,
            "value": 1
        },
        "http_req_blocked": {
            "avg": 0.017126694205746345,
            "min": 0.001404,
            "med": 0.004166,
            "max": 224.182263,
            "p(90)": 0.005589,
            "p(95)": 0.006617
        },
        "http_req_sending": {
            "p(95)": 0.048144,
            "avg": 0.13859089224858662,
            "min": 0.004945,
            "med": 0.017407,
            "max": 230.076447,
            "p(90)": 0.03008
        },
        "data_received": {
            "count": 29831307,
            "rate": 123758.65937944896
        },
        "http_reqs": {
            "count": 102291,
            "rate": 424.3661542078332
        },
        "vus": {
            "value": 42,
            "min": 8,
            "max": 500
        },
        "iteration_duration": {
            "med": 1002.500051,
            "max": 6201.235708,
            "p(90)": 1057.363535,
            "p(95)": 1078.4090245,
            "avg": 1028.716050233366,
            "min": 1000.676238
        },
        "iterations": {
            "count": 102291,
            "rate": 424.3661542078332
        }
    }
}