{
    "metrics": {
        "http_req_connecting": {
            "min": 0,
            "med": 0,
            "max": 0.886021,
            "p(90)": 0,
            "p(95)": 0,
            "avg": 0.0027745498718754523
        },
        "data_sent": {
            "count": 2529678,
            "rate": 10494.754763845458
        },
        "checks": {
            "passes": 20683,
            "fails": 0,
            "value": 1
        },
        "vus_max": {
            "value": 100,
            "min": 100,
            "max": 100
        },
        "iterations": {
            "count": 20683,
            "rate": 85.80657806274775
        },
        "http_req_failed": {
            "fails": 20683,
            "passes": 0,
            "value": 0
        },
        "http_req_waiting": {
            "p(95)": 52.749986699999994,
            "avg": 17.052325450756577,
            "min": 0.467563,
            "med": 1.390944,
            "max": 258.190622,
            "p(90)": 51.878024599999996
        },
        "iteration_duration": {
            "max": 1259.29954,
            "p(90)": 1052.9130302,
            "p(95)": 1053.6585088000002,
            "avg": 1017.9066393071683,
            "min": 1000.655925,
            "med": 1002.330382
        },
        "vus": {
            "value": 6,
            "min": 2,
            "max": 100
        },
        "http_reqs": {
            "count": 20683,
            "rate": 85.80657806274775
        },
        "http_req_tls_handshaking": {
            "avg": 0,
            "min": 0,
            "med": 0,
            "max": 0,
            "p(90)": 0,
            "p(95)": 0
        },
        "data_received": {
            "count": 6034325,
            "rate": 25034.317031788923
        },
        "http_req_duration{expected_response:true}": {
            "min": 0.51899,
            "med": 1.482725,
            "max": 258.285764,
            "p(90)": 51.9922302,
            "p(95)": 52.852596899999995,
            "avg": 17.1515063696757
        },
        "http_req_duration": {
            "p(90)": 51.9922302,
            "p(95)": 52.852596899999995,
            "avg": 17.1515063696757,
            "min": 0.51899,
            "med": 1.482725,
            "max": 258.285764
        },
        "http_req_blocked": {
            "p(95)": 0.006986899999999998,
            "avg": 0.00862361509452207,
            "min": 0.001465,
            "med": 0.004797,
            "max": 3.272165,
            "p(90)": 0.006126
        },
        "http_req_receiving": {
            "max": 1.350285,
            "p(90)": 0.09141919999999999,
            "p(95)": 0.10275299999999993,
            "avg": 0.07360814238746831,
            "min": 0.017442,
            "med": 0.069601
        },
        "http_req_sending": {
            "med": 0.025316,
            "max": 1.979769,
            "p(90)": 0.031533399999999996,
            "p(95)": 0.03887469999999999,
            "avg": 0.025572776531451204,
            "min": 0.006676
        }
    },
    "root_group": {
        "checks": {
            "status 200": {
                "name": "status 200",
                "path": "::status 200",
                "id": "fad9fa412b86fcb03bee97c80dcd61f1",
                "passes": 20683,
                "fails": 0
            }
        },
        "name": "",
        "path": "",
        "id": "d41d8cd98f00b204e9800998ecf8427e",
        "groups": {}
    }
}