{
    "root_group": {
        "id": "d41d8cd98f00b204e9800998ecf8427e",
        "groups": {},
        "checks": {
                "status 200": {
                    "fails": 3803,
                    "name": "status 200",
                    "path": "::status 200",
                    "id": "fad9fa412b86fcb03bee97c80dcd61f1",
                    "passes": 35421
                }
            },
        "name": "",
        "path": ""
    },
    "metrics": {
        "data_sent": {
            "count": 3117596,
            "rate": 11560.98462844636
        },
        "http_req_duration": {
            "avg": 2326.1680359192287,
            "min": 0,
            "med": 1.0987464999999998,
            "max": 60012.451435,
            "p(90)": 53.66259390000001,
            "p(95)": 5236.37962259998
        },
        "http_req_waiting": {
            "avg": 2326.0877645479973,
            "min": 0,
            "med": 1.0164505,
            "max": 60012.401055,
            "p(90)": 53.5725922,
            "p(95)": 5236.25089729998
        },
        "iteration_duration": {
            "avg": 5616.414125297568,
            "min": 1000.350751,
            "med": 1002.648471,
            "max": 61013.695709,
            "p(90)": 31001.001445500002,
            "p(95)": 31002.1403731
        },
        "http_req_connecting": {
            "avg": 241.99958690304393,
            "min": 0,
            "med": 0,
            "max": 19751.847983,
            "p(90)": 0,
            "p(95)": 0.21950489999999984
        },
        "http_req_blocked": {
            "max": 19751.91803,
            "p(90)": 0.006748700000000004,
            "p(95)": 0.284813,
            "avg": 242.00774919123452,
            "min": 0,
            "med": 0.004621
        },
        "http_req_receiving": {
            "p(90)": 0.0790907,
            "p(95)": 0.088854,
            "avg": 0.05519442473995527,
            "min": 0,
            "med": 0.0561855,
            "max": 2.83488
        },
        "http_req_failed": {
            "passes": 3803,
            "fails": 35421,
            "value": 0.09695594533958801
        },
        "http_reqs": {
            "count": 39224,
            "rate": 145.45440174614671
        },
        "vus": {
            "value": 6,
            "min": 6,
            "max": 1000
        },
        "vus_max": {
            "value": 1000,
            "min": 1000,
            "max": 1000
        },
        "http_req_tls_handshaking": {
            "avg": 0,
            "min": 0,
            "med": 0,
            "max": 0,
            "p(90)": 0,
            "p(95)": 0
        },
        "data_received": {
            "count": 9453526,
            "rate": 35056.52072000926
        },
        "http_req_duration{expected_response:true}": {
            "med": 1.442013,
            "max": 55602.631797,
            "p(90)": 52.79321,
            "p(95)": 55.388184,
            "avg": 817.2191579181269,
            "min": 0.207109
        },
        "http_req_sending": {
            "avg": 0.02507694648684485,
            "min": 0,
            "med": 0.020572,
            "max": 5.288646,
            "p(90)": 0.03386450000000002,
            "p(95)": 0.05233009999999996
        },
        "iterations": {
            "count": 39224,
            "rate": 145.45440174614671
        },
        "checks": {
            "fails": 3803,
            "passes": 35421,
            "value": 0.903044054660412
        }
    }
}