{
    "metrics": {
        "http_reqs": {
            "count": 35457,
            "rate": 138.78848917967105
        },
        "http_req_blocked": {
            "max": 19752.455394,
            "p(90)": 0.006592400000000001,
            "p(95)": 0.018839199999999633,
            "avg": 25.582387061623972,
            "min": 0,
            "med": 0.004849
        },
        "http_req_failed": {
            "passes": 785,
            "fails": 34672,
            "value": 0.022139492906901318
        },
        "iteration_duration": {
            "p(90)": 1054.2609782,
            "p(95)": 1064.841203,
            "avg": 3053.033447336911,
            "min": 1000.386196,
            "med": 1002.348946,
            "max": 61025.242382
        },
        "http_req_duration{expected_response:true}": {
            "p(95)": 55.037794599999984,
            "avg": 878.2408544901917,
            "min": 0.269032,
            "med": 1.5045359999999999,
            "max": 59972.467018,
            "p(90)": 52.6568964
        },
        "http_req_waiting": {
            "max": 60016.325093,
            "p(90)": 53.043795200000005,
            "p(95)": 57.7398684,
            "avg": 1867.4121668268158,
            "min": 0,
            "med": 1.451612
        },
        "http_req_receiving": {
            "p(95)": 0.14487899999999945,
            "avg": 0.08256620675748141,
            "min": 0,
            "med": 0.066348,
            "max": 39.013987,
            "p(90)": 0.09366840000000001
        },
        "vus_max": {
            "value": 500,
            "min": 500,
            "max": 500
        },
        "iterations": {
            "count": 35457,
            "rate": 138.78848917967105
        },
        "data_received": {
            "count": 9267050,
            "rate": 36273.792725060506
        },
        "http_req_sending": {
            "p(95)": 0.04698639999999996,
            "avg": 0.03688486679640123,
            "min": 0,
            "med": 0.022772,
            "max": 43.196645,
            "p(90)": 0.03556960000000001
        },
        "checks": {
            "fails": 785,
            "passes": 34672,
            "value": 0.9778605070930987
        },
        "http_req_connecting": {
            "max": 19752.352135,
            "p(90)": 0,
            "p(95)": 0,
            "avg": 25.569785364244044,
            "min": 0,
            "med": 0
        },
        "http_req_tls_handshaking": {
            "min": 0,
            "med": 0,
            "max": 0,
            "p(90)": 0,
            "p(95)": 0,
            "avg": 0
        },
        "http_req_duration": {
            "avg": 1867.5316179003585,
            "min": 0,
            "med": 1.554274,
            "max": 60016.400494,
            "p(90)": 53.1658526,
            "p(95)": 57.9150388
        },
        "data_sent": {
            "count": 3008404,
            "rate": 11775.724003781455
        },
        "vus": {
            "max": 500,
            "value": 50,
            "min": 8
        }
    },
    "root_group": {
        "name": "",
        "path": "",
        "id": "d41d8cd98f00b204e9800998ecf8427e",
        "groups": {},
        "checks": {
                "status 200": {
                    "path": "::status 200",
                    "id": "fad9fa412b86fcb03bee97c80dcd61f1",
                    "passes": 34672,
                    "fails": 785,
                    "name": "status 200"
                }
            }
    }
}