{
    "root_group": {
        "name": "",
        "path": "",
        "id": "d41d8cd98f00b204e9800998ecf8427e",
        "groups": {},
        "checks": {
                "status 200": {
                    "id": "fad9fa412b86fcb03bee97c80dcd61f1",
                    "passes": 34670,
                    "fails": 783,
                    "name": "status 200",
                    "path": "::status 200"
                }
            }
    },
    "metrics": {
        "http_req_sending": {
            "p(90)": 0.038368599999999996,
            "p(95)": 0.05467880000000005,
            "avg": 0.03788570800778486,
            "min": 0,
            "med": 0.024911,
            "max": 38.968892
        },
        "data_sent": {
            "count": 3008030,
            "rate": 11775.549594767024
        },
        "http_reqs": {
            "count": 35453,
            "rate": 138.78803063243228
        },
        "checks": {
            "passes": 34670,
            "fails": 783,
            "value": 0.9779144219106987
        },
        "iterations": {
            "count": 35453,
            "rate": 138.78803063243228
        },
        "http_req_duration{expected_response:true}": {
            "avg": 881.3834491238255,
            "min": 0.234482,
            "med": 1.4440635,
            "max": 59956.189655,
            "p(90)": 52.5923266,
            "p(95)": 54.70082164999999
        },
        "http_req_connecting": {
            "min": 0,
            "med": 0,
            "max": 19742.934205,
            "p(90)": 0,
            "p(95)": 0,
            "avg": 26.32406071576456
        },
        "http_req_failed": {
            "passes": 783,
            "fails": 34670,
            "value": 0.02208557808930133
        },
        "iteration_duration": {
            "p(95)": 1061.1742074000001,
            "avg": 3053.5683836678954,
            "min": 1000.385392,
            "med": 1002.342264,
            "max": 61033.790831,
            "p(90)": 1054.0912152
        },
        "http_req_duration": {
            "max": 60010.396905,
            "p(90)": 52.9534302,
            "p(95)": 56.84377580000002,
            "avg": 1867.2651532737445,
            "min": 0,
            "med": 1.51549
        },
        "http_req_receiving": {
            "max": 40.456272,
            "p(90)": 0.0983214,
            "p(95)": 0.1352374000000001,
            "avg": 0.08569274058612758,
            "min": 0,
            "med": 0.067753
        },
        "vus": {
            "value": 50,
            "min": 8,
            "max": 500
        },
        "data_received": {
            "count": 9269552,
            "rate": 36287.56006332113
        },
        "http_req_tls_handshaking": {
            "p(90)": 0,
            "p(95)": 0,
            "avg": 0,
            "min": 0,
            "med": 0,
            "max": 0
        },
        "http_req_blocked": {
            "med": 0.005015,
            "max": 19743.01052,
            "p(90)": 0.006712,
            "p(95)": 0.020935000000000016,
            "avg": 26.335092015880168,
            "min": 0
        },
        "http_req_waiting": {
            "avg": 1867.141574825144,
            "min": 0,
            "med": 1.39562,
            "max": 60010.222874,
            "p(90)": 52.8334882,
            "p(95)": 56.59533740000001
        },
        "vus_max": {
            "value": 500,
            "min": 500,
            "max": 500
        }
    }
}